coin,datetime,price,ret_log,vol_rolling,volumen_promedio,drawdown,target_up,pred_up,prob_up,horizon,cluster
AVAX,2024-12-20,39.08134685229172,-0.0015318528612333232,0.040547743033962975,9118911905.32381,0.0,1,1,0.6666666666666666,45,0
AVAX,2024-12-21,39.78166800407164,0.0177609127079948,0.040547743033962975,9118911905.32381,0.0,1,0,0.3333333333333333,45,0
AVAX,2024-12-22,37.37907247949279,-0.0622952148306478,0.040547743033962975,9118911905.32381,-0.060394539623953,0,0,0.3333333333333333,45,0
AVAX,2024-12-23,36.51908958975495,-0.0232758621074986,0.040547743033962975,9118911905.32381,-0.0820121070333895,0,0,0.3333333333333333,45,0
AVAX,2024-12-24,39.00807867314232,0.065933643813808,0.040547743033962975,9118911905.32381,-0.0194458746890689,0,0,0.0,45,0
AVAX,2024-12-25,41.248534157768994,0.0558468064368754,0.040547743033962975,9118911905.32381,0.0,0,0,0.0,45,0
AVAX,2024-12-26,40.26836112987529,-0.0240494995928781,0.040547743033962975,9118911905.32381,-0.0237626147912239,0,0,0.3333333333333333,45,0
AVAX,2024-12-27,37.27150561446622,-0.077336966821588,0.040547743033962975,9118911905.32381,-0.0964162393769262,0,0,0.0,45,0
AVAX,2024-12-28,36.47293046911688,-0.0216587557045402,0.040547743033962975,9118911905.32381,-0.1157763248115968,1,1,0.6666666666666666,45,0
AVAX,2024-12-29,37.66289197757774,0.0321049575768688,0.040547743033962975,9118911905.32381,-0.0869277479407328,1,1,0.6666666666666666,45,0
AVAX,2024-12-30,35.859555171567706,-0.049065248523259,0.040547743033962975,9118911905.32381,-0.1306465574167875,1,1,0.6666666666666666,45,0
AVAX,2024-12-31,35.905494500541415,0.0012802704229566,0.040547743033962975,9118911905.32381,-0.1295328371377104,1,1,0.6666666666666666,45,0
AVAX,2025-01-01,35.67488525834681,-0.0064433868841063,0.040547743033962975,9118911905.32381,-0.135123562890838,1,1,1.0,45,0
AVAX,2025-01-02,37.62793802638938,0.0532998600470149,0.040547743033962975,9118911905.32381,-0.0877751465671826,1,1,0.6666666666666666,45,0
AVAX,2025-01-03,39.23383156271445,0.0417926175515769,0.040547743033962975,9118911905.32381,-0.0488430106958136,1,1,1.0,45,0
AVAX,2025-01-04,41.81906643608283,0.0638129457152619,0.040547743033962975,9118911905.32381,0.0,0,0,0.0,45,0
AVAX,2025-01-05,42.68329882621046,0.0204553451648463,0.040547743033962975,9118911905.32381,0.0,0,0,0.3333333333333333,45,0
AVAX,2025-01-06,43.0569611659616,0.008716201827332,0.040547743033962975,9118911905.32381,0.0,0,1,0.6666666666666666,45,0
AVAX,2025-01-07,43.99530989416074,0.021559117562725,0.040547743033962975,9118911905.32381,0.0,0,0,0.3333333333333333,45,0
AVAX,2025-01-08,39.35523210506883,-0.1114541056176615,0.040547743033962975,9118911905.32381,-0.1054675555247711,0,0,0.3333333333333333,45,0
AVAX,2025-01-09,37.40611698294887,-0.0507946825640677,0.040547743033962975,9118911905.32381,-0.1497703488636277,0,1,0.6666666666666666,45,0
AVAX,2025-01-10,36.20812555861527,-0.0325506901516712,0.040547743033962975,9118911905.32381,-0.1770003292232524,1,1,1.0,45,0
AVAX,2025-01-11,36.72107918330164,0.0140673982550304,0.040547743033962975,9118911905.32381,-0.1653410494972913,1,1,1.0,45,0
AVAX,2025-01-12,37.12535633164786,0.0109492403917751,0.040547743033962975,9118911905.32381,-0.1561519529931688,1,1,1.0,45,0
AVAX,2025-01-13,36.521164132733794,-0.0164082634360646,0.040547743033962975,9118911905.32381,-0.1698850577347325,1,1,1.0,45,0
AVAX,2025-01-14,35.298779903288505,-0.0340435321039053,0.040547743033962975,9118911905.32381,-0.1976694791284213,1,1,1.0,45,0
AVAX,2025-01-15,36.51025590004638,0.0337448049871756,0.040547743033962975,9118911905.32381,-0.1701329985428244,0,1,0.6666666666666666,45,0
AVAX,2025-01-16,39.85020281269093,0.0875342899429336,0.040547743033962975,9118911905.32381,-0.0942170220289769,0,0,0.0,45,0
AVAX,2025-01-17,40.00309124046877,0.0038292375138261,0.040547743033962975,9118911905.32381,-0.090741914610808,0,1,0.6666666666666666,45,0
AVAX,2025-01-18,41.44150745214298,0.0353262418908799,0.040547743033962975,499542645.3687671,-0.0580471520296465,0,0,0.3333333333333333,45,0
AVAX,2025-01-19,39.28882580647152,-0.0533428262090464,0.046627022589772,474387597.98718536,-0.1069769504752115,0,0,0.0,45,0
AVAX,2025-01-20,35.752270105212936,-0.0943263812509377,0.0495674720848633,461492228.1160074,-0.1873617848988457,0,0,0.0,45,0
AVAX,2025-01-21,35.781734985336136,0.0008238007015616,0.0483120797565669,478027563.1809293,-0.1866920571439081,1,0,0.3333333333333333,45,0
AVAX,2025-01-22,36.95423736734435,0.0322427519596217,0.048510356423436,479813535.272401,-0.1600414349564774,0,0,0.0,45,0
AVAX,2025-01-23,36.71597669034663,-0.0064683267387072,0.04691203033079,466501162.6209434,-0.1654570276087601,0,0,0.3333333333333333,45,0
AVAX,2025-01-24,35.592764537640605,-0.0310696186164448,0.045887856972445,463326820.6755719,-0.1909872978900271,0,0,0.0,45,0
AVAX,2025-01-25,35.30074777654587,-0.0082382266901203,0.0457511157260117,471299890.0418798,-0.1976247499683791,0,0,0.3333333333333333,45,0
AVAX,2025-01-26,36.67897855568776,0.0382996523682699,0.044239512097737,477998554.0889,-0.1662979839458759,0,0,0.0,45,0
AVAX,2025-01-27,35.83005391704498,-0.0234167634372767,0.0442696129944084,475598001.7925898,-0.1855937825363401,0,0,0.0,45,0
AVAX,2025-01-28,34.16675754604066,-0.0475338663264996,0.0446276058730608,490236950.36182463,-0.2234000026767529,0,0,0.0,45,0
AVAX,2025-01-29,32.18605202288011,-0.0597199780757929,0.0450452514219502,492395561.3358408,-0.2684208362139076,0,0,0.0,45,0
AVAX,2025-01-30,32.85402842424187,0.0205411765718717,0.0452540253822869,489301313.6014473,-0.2532379359691155,0,0,0.3333333333333333,45,0
AVAX,2025-01-31,34.306853327738345,0.043270771399849,0.046025741481683,488877489.1227661,-0.2202156682094036,0,0,0.3333333333333333,45,0
AVAX,2025-02-01,34.40327525683963,0.0028066311148574,0.0448688083603813,492592756.4367694,-0.2180240271155406,0,0,0.0,45,0
AVAX,2025-02-02,32.224672305224274,-0.0654193909894036,0.0454451689465033,486507123.3249238,-0.2675430089537503,0,0,0.0,45,0
AVAX,2025-02-03,27.440534730531105,-0.1607110898802508,0.0515358501015331,494254710.6160472,-0.3762849995478009,0,1,0.6666666666666666,45,0
AVAX,2025-02-04,28.38452068081253,0.0338226601930221,0.0519009127453402,545162649.8653127,-0.3548284862841742,0,0,0.0,45,0
AVAX,2025-02-05,26.50261343632404,-0.068600601756922,0.0526685847384276,556165504.1949533,-0.3976036650251761,0,1,0.6666666666666666,45,0
AVAX,2025-02-06,25.906964325816567,-0.0227315229192142,0.0521929642969069,547739029.4327111,-0.4111425879681084,0,0,0.0,45,0
AVAX,2025-02-07,24.48427516088455,-0.0564807441274032,0.0496911849159199,539283217.6134753,-0.4434798795647484,1,1,0.6666666666666666,45,0
AVAX,2025-02-08,24.400600056663496,-0.0034233568385711,0.0492925265442497,532078099.96825504,-0.4453817892097163,1,1,0.6666666666666666,45,0
AVAX,2025-02-09,24.588690538931782,0.0076788785554144,0.049324443734669,524516471.1757352,-0.4411065498098626,1,1,0.6666666666666666,45,0
AVAX,2025-02-10,24.89327432101792,0.0123110563570057,0.0492923635648381,519693969.67285866,-0.4341834531702692,1,1,0.6666666666666666,45,0
AVAX,2025-02-11,25.58997652902764,0.0276030735827455,0.0496632766467599,523254308.5205772,-0.4183476240856287,0,0,0.0,45,0
AVAX,2025-02-12,25.370055903418475,-0.0086311558448024,0.0496619481880489,530014028.4316818,-0.4233463529532791,0,1,0.6666666666666666,45,0
AVAX,2025-02-13,26.497318535378657,0.0434739633948522,0.0504928966033625,527334354.97665817,-0.3977240165116895,0,0,0.0,45,0
AVAX,2025-02-14,25.42528985276452,-0.0412991983531603,0.0501311286735114,527545887.57797056,-0.4220909021000195,0,0,0.0,45,0
AVAX,2025-02-15,26.38165898964795,0.0369246912962741,0.0474435078280386,520888606.8056378,-0.4003529227748559,0,0,0.3333333333333333,45,0
AVAX,2025-02-16,25.489206974912715,-0.0344139267907546,0.0474686936685221,511752018.0376017,-0.4206380853724646,0,0,0.3333333333333333,45,0
AVAX,2025-02-17,24.855318096176628,-0.0251833691399027,0.0465318290856591,503948108.8238346,-0.4350461866055513,0,0,0.0,45,0
AVAX,2025-02-18,25.016136138597577,0.0064493246610695,0.0462026459731396,498875667.7662346,-0.4313908414606295,1,1,0.6666666666666666,45,0
AVAX,2025-02-19,23.49176816567649,-0.0628709932400412,0.0446730660435333,484011138.37894464,-0.4660392614078523,1,1,0.6666666666666666,45,0
AVAX,2025-02-20,23.71224943472529,0.0093416994423756,0.0447974186550353,457035627.31271577,-0.4610277892855008,0,0,0.3333333333333333,45,0
AVAX,2025-02-21,25.160681534913994,0.0592907510944626,0.0460100376992269,451046460.2601574,-0.4281053686076334,0,0,0.3333333333333333,45,0
AVAX,2025-02-22,24.56269275572274,-0.024053782338594,0.0460384271253677,460922707.46248686,-0.4416974715074614,0,0,0.0,45,0
AVAX,2025-02-23,25.79854114106304,0.0490892082488908,0.0472867194980294,458152145.8258545,-0.4136070139492951,0,0,0.3333333333333333,45,0
AVAX,2025-02-24,24.87929792434216,-0.0362818964109737,0.0475124659630474,447478275.7296408,-0.4345011324117471,0,0,0.3333333333333333,45,0
AVAX,2025-02-25,21.819616962435123,-0.1312266231725136,0.0512959859898576,444953266.9559691,-0.5040467491892556,1,1,1.0,45,0
AVAX,2025-02-26,21.960320821830884,0.0064278000822824,0.0514626599188169,465961834.6361565,-0.5008485933009519,1,0,0.3333333333333333,45,0
AVAX,2025-02-27,21.77543431430379,-0.0084547578201279,0.0511388493749098,460020738.3505835,-0.5050510073303535,0,0,0.0,45,0
AVAX,2025-02-28,22.500711276282416,0.0327644529024582,0.0511386323727742,462448706.36345696,-0.4885656827872733,0,0,0.0,45,0
AVAX,2025-03-01,22.3645872408828,-0.0060681398585826,0.0507855060461125,473629297.1952315,-0.4916597406704225,0,0,0.0,45,0
AVAX,2025-03-02,21.86694431466,-0.0225026766132611,0.0496884275586716,472009110.1071823,-0.5029710128814826,0,0,0.0,45,0
AVAX,2025-03-03,24.905622025235463,0.1301174576131685,0.0562641919210999,485895184.4346959,-0.4339027936125288,0,0,0.3333333333333333,45,0
AVAX,2025-03-04,20.968208714697624,-0.1720861421966267,0.0628247421619564,496924089.7582025,-0.523398999458335,0,0,0.3333333333333333,45,0
AVAX,2025-03-05,20.027366559776787,-0.0459077536994378,0.0568089851781003,496238275.17769015,-0.5447840552105098,0,0,0.0,45,0
AVAX,2025-03-06,21.75387932199502,0.0826924350272643,0.0587898158569994,451267704.747126,-0.5055409457433486,0,0,0.0,45,0
AVAX,2025-03-07,21.06271939892056,-0.0322874766381701,0.0578844250077739,444797305.67588,-0.521250800378699,0,0,0.0,45,0
AVAX,2025-03-08,20.09921380589672,-0.046823924458729,0.0582666301743191,450888748.5388529,-0.5431509891793176,0,0,0.0,45,0
AVAX,2025-03-09,20.46571711441328,0.0180704501819019,0.0577353565533502,448648216.2255489,-0.5348204805546879,0,1,0.6666666666666666,45,0
AVAX,2025-03-10,17.974478395195543,-0.1297982655093456,0.0619957881233936,446643941.32392657,-0.5914455782119358,1,1,1.0,45,0
AVAX,2025-03-11,16.388675680466818,-0.0923622958065322,0.0636695502632133,458225218.3937625,-0.6274903911373062,1,0,0.3333333333333333,45,0
AVAX,2025-03-12,17.515110714274186,0.0664733887097448,0.0651774229660234,471677364.6285159,-0.6018868657497768,1,0,0.3333333333333333,45,0
AVAX,2025-03-13,18.90230782558848,0.0762200440437865,0.0667736637017118,474994063.91468775,-0.5703562977266975,0,0,0.3333333333333333,45,0
AVAX,2025-03-14,18.49522601511953,-0.0217713762390848,0.0668068042502082,474371421.9519993,-0.5796091433470206,1,1,0.6666666666666666,45,0
AVAX,2025-03-15,18.572363162100228,0.0041619787011112,0.0660926268031871,468880919.52287656,-0.5778558394797161,1,1,0.6666666666666666,45,0
AVAX,2025-03-16,19.42397286319994,0.0448333935531836,0.0666376017951763,467980524.7599596,-0.558499010237044,0,0,0.3333333333333333,45,0
AVAX,2025-03-17,18.31982935160558,-0.0585239734664166,0.0666491725282614,465418939.6543799,-0.5835958561110836,1,1,0.6666666666666666,45,0
AVAX,2025-03-18,18.830818505110745,0.0275107655322737,0.0668945359067496,467433323.6431631,-0.5719812282170091,1,1,0.6666666666666666,45,0
AVAX,2025-03-19,19.017253167965247,0.0098518187337124,0.066927799694892,469209518.88496494,-0.5677436250883346,1,1,1.0,45,0
AVAX,2025-03-20,19.732076258080227,0.036898919454997,0.067398221113281,470746562.23663694,-0.5514959138701474,1,1,0.6666666666666666,45,0
AVAX,2025-03-21,18.73539411643312,-0.0518310796583062,0.0671173331460205,465805698.8892054,-0.5741501955207329,1,1,0.6666666666666666,45,0
AVAX,2025-03-22,19.153504077905303,0.0220712110606335,0.0672678169598528,462437815.8663237,-0.5646466833855068,1,1,1.0,45,0
AVAX,2025-03-23,19.39749393273905,0.0126581995429811,0.0662108469946388,455056849.9829637,-0.5591008682651972,1,1,0.6666666666666666,45,0
AVAX,2025-03-24,19.777603125117867,0.0194062631642058,0.0663380007849696,439898549.64935166,-0.5504611020425421,1,1,0.6666666666666666,45,0
AVAX,2025-03-25,21.484762623053754,0.0827938265050654,0.0675980136455633,444199015.8497449,-0.5116578863806274,0,0,0.0,45,0
AVAX,2025-03-26,22.91839722354371,0.0645959915671486,0.0685472003874546,448769888.34830153,-0.4790718083659743,0,0,0.0,45,0
AVAX,2025-03-27,22.09454276187284,-0.0366093160580052,0.0644879272413756,439530536.5676431,-0.49779776946621,0,0,0.0,45,0
AVAX,2025-03-28,22.010138479262164,-0.0038274570079632,0.0644821487533565,415005777.4946358,-0.4997162531139836,0,0,0.0,45,0
AVAX,2025-03-29,20.39390510238,-0.0762671004521544,0.0659630580063424,407954310.2326444,-0.5364527457258171,0,0,0.3333333333333333,45,0
AVAX,2025-03-30,19.67115660139404,-0.036082655771972,0.0659028102491355,402036156.32442224,-0.5528805991202966,0,0,0.3333333333333333,45,0
AVAX,2025-03-31,18.86087014326449,-0.0420640178349463,0.0662594413015147,384615022.0431721,-0.5712981636306694,0,0,0.3333333333333333,45,0
AVAX,2025-04-01,18.77241313136469,-0.0047010075713384,0.0661832548183051,384116873.7115261,-0.5733087645813753,0,0,0.3333333333333333,45,0
AVAX,2025-04-02,19.819514963874795,0.0542786510074019,0.0621674334743947,366299247.6042263,-0.5495084587072011,0,0,0.0,45,0
AVAX,2025-04-03,18.005460348573276,-0.0959919919550901,0.0565214362777307,361553232.4845401,-0.5907413678437791,0,1,0.6666666666666666,45,0
AVAX,2025-04-04,18.16700855595577,0.0089321678253449,0.0560401490440323,346781905.5018509,-0.5870694262715722,0,1,0.6666666666666666,45,0
AVAX,2025-04-05,18.186239334064684,0.0010579951459042,0.0536543244103878,339176694.55571705,-0.5866323165397581,1,1,1.0,45,0
AVAX,2025-04-06,17.89495169881103,-0.0161465824938521,0.0534619127076168,326915734.0506426,-0.5932531958097167,1,1,1.0,45,0
AVAX,2025-04-07,15.976458681568712,-0.1134023387045389,0.0565330353050643,319941040.9984054,-0.6368599580272719,1,1,0.6666666666666666,45,0
AVAX,2025-04-08,16.689508767426556,0.0436639981266217,0.0571246063103693,334829678.7942153,-0.6206525466560775,1,1,0.6666666666666666,45,0
AVAX,2025-04-09,16.10131975864899,-0.0358790632742909,0.0525410209459958,336601946.0219335,-0.634021903757836,1,1,0.6666666666666666,45,0
AVAX,2025-04-10,18.44515641455098,0.1359005698464988,0.0556876431800884,338904865.805372,-0.5807472101247978,1,1,0.6666666666666666,45,0
AVAX,2025-04-11,18.314892880992307,-0.0070872635542358,0.0544448955962855,325789900.91744345,-0.5837080605852684,1,1,1.0,45,0
AVAX,2025-04-12,19.14940451022592,0.0445570715614034,0.0532398035373674,322860978.11104643,-0.5647398653107903,0,1,0.6666666666666666,45,0
AVAX,2025-04-13,20.467869073949142,0.0665846752293807,0.0544003743997945,322184440.5890014,-0.5347715671695784,0,0,0.3333333333333333,45,0
AVAX,2025-04-14,19.521241675037203,-0.0473531049374027,0.0551822073082304,321447508.328731,-0.5562881197564163,0,0,0.3333333333333333,45,0
AVAX,2025-04-15,20.102924329782844,0.0293621041630614,0.0548360312997294,325878883.2723415,-0.5430666501010146,0,1,0.6666666666666666,45,0
AVAX,2025-04-16,19.030567328434707,-0.054818800343551,0.054701011993207,326970356.820213,-0.5674409982742153,1,0,0.3333333333333333,45,0
AVAX,2025-04-17,18.76735836646445,-0.0139273894912877,0.0545384592102744,326803283.89883685,-0.5734236578486894,1,1,1.0,45,0
AVAX,2025-04-18,19.068702814839124,0.0159292913123473,0.054588012760032,324546392.8753089,-0.5665741902781776,1,1,0.6666666666666666,45,0
AVAX,2025-04-19,19.08771913474637,0.0009967560117034,0.0541449673998302,315795933.0277425,-0.566141955115998,1,1,1.0,45,0
AVAX,2025-04-20,19.923544824545186,0.0428570383484447,0.0538451258690342,313819931.245718,-0.5471438916449244,1,1,0.6666666666666666,45,0
AVAX,2025-04-21,19.48867818363029,-0.022068498378996,0.0538822160400652,312840217.825762,-0.5570282780024941,1,1,1.0,45,0
AVAX,2025-04-22,19.840236788523388,0.0178783457058098,0.0539309784235263,320227804.14521325,-0.5490374579414731,1,1,0.6666666666666666,45,0
AVAX,2025-04-23,22.08248567647882,0.1070727543092641,0.0572495612715631,330910337.4646419,-0.4980718233465674,0,0,0.0,45,0
AVAX,2025-04-24,22.34206376992542,0.0116863784065707,0.0552996957359794,328526583.68887687,-0.4921716923082576,0,0,0.0,45,0
AVAX,2025-04-25,22.35856922703837,0.0007384887755033,0.053993033505074,326742729.9050564,-0.4917965282929874,0,0,0.0,45,0
AVAX,2025-04-26,22.21224698349822,-0.0065658554923852,0.0535834817748359,329821357.19042045,-0.4951223883424371,0,0,0.0,45,0
AVAX,2025-04-27,22.42266153714482,0.0094283205374729,0.05360397158822,331795605.9697978,-0.4903397295964755,0,0,0.3333333333333333,45,0
AVAX,2025-04-28,21.76131374420904,-0.0299383287877437,0.0519545303017567,329524390.9061153,-0.505371963589753,0,0,0.0,45,0
AVAX,2025-04-29,21.856346347625976,0.0043575356216258,0.0514501683025504,334290933.3111894,-0.50321190144573,0,0,0.3333333333333333,45,0
AVAX,2025-04-30,21.495104415759847,-0.0166661224481187,0.0508801816331668,335704840.6811848,-0.5114228205808643,0,0,0.0,45,0
AVAX,2025-05-01,20.91171839948905,-0.0275155167989056,0.0511898065705506,337519673.8994842,-0.5246830071251629,0,0,0.0,45,0
AVAX,2025-05-02,21.64039979213997,0.0342522376764162,0.0506336582024397,338756046.30928934,-0.5081203009093435,0,0,0.0,45,0
AVAX,2025-05-03,21.236230289707503,-0.0188532295208022,0.0472848600193167,332749577.5274218,-0.517306950654618,0,0,0.3333333333333333,45,0
AVAX,2025-05-04,20.558627289563443,-0.0324280266836227,0.0477817262748883,326896223.500901,-0.5327086605590184,1,1,0.6666666666666666,45,0
AVAX,2025-05-05,19.883841658205988,-0.0333732473621804,0.048268904423171,321556112.1680298,-0.5480463325286166,1,1,0.6666666666666666,45,0
AVAX,2025-05-06,19.690937645254376,-0.0097489130282068,0.0481955889119871,325123613.99923617,-0.552430982015475,1,0,0.3333333333333333,45,0
AVAX,2025-05-07,20.0592038012727,0.0185295789865058,0.0429207312798535,321186686.3123911,-0.5440604044038101,1,0,0.3333333333333333,45,0
AVAX,2025-05-08,19.53630409990136,-0.0264136075058479,0.0427962709142941,305741281.6211488,-0.5559457554248457,1,0,0.3333333333333333,45,0
AVAX,2025-05-09,22.06135529506582,0.121552965328087,0.0470226588301385,311932435.6272278,-0.4985521104831698,1,0,0.3333333333333333,45,0
AVAX,2025-05-10,23.23931758660657,0.0520181191047727,0.0414754931012844,315363480.84813994,-0.4717773862142746,1,1,0.6666666666666666,45,0
AVAX,2025-05-11,25.90584069837969,0.1086228850626515,0.0452603246828055,328962595.93363106,-0.4111681276776724,0,0,0.3333333333333333,45,0
AVAX,2025-05-12,24.757761643002613,-0.0453294112825441,0.0459701610718742,334458594.6516533,-0.437263615086194,0,0,0.3333333333333333,45,0
AVAX,2025-05-13,24.867699675142347,0.0044307179851377,0.0446465477239908,351613649.2220213,-0.4347647570850977,0,1,0.6666666666666666,45,0
AVAX,2025-05-14,25.76800719022452,0.0355639314912542,0.0437560151917904,360650547.5223769,-0.4143010413561249,0,0,0.3333333333333333,45,0
AVAX,2025-05-15,24.95094055346082,-0.0322221720453305,0.044222258570708,364665416.28274494,-0.4328727172627002,0,0,0.3333333333333333,45,0
AVAX,2025-05-16,23.38556246467796,-0.0647926757616617,0.0447390768806333,375977355.4605103,-0.4684532846583767,0,1,0.6666666666666666,45,0
AVAX,2025-05-17,23.14922616868113,-0.0101574901241058,0.0446839098655095,380967808.25248265,-0.4738251367163662,1,0,0.3333333333333333,45,0
AVAX,2025-05-18,22.19867442905758,-0.0419287764420407,0.0455256659212678,385135330.7303744,-0.4954308883728561,1,1,0.6666666666666666,45,0
AVAX,2025-05-19,22.74572053526788,0.0243444426698082,0.0456530861907829,396577977.5414136,-0.4829966969209416,1,0,0.3333333333333333,45,0
AVAX,2025-05-20,22.245376064546573,-0.0222428496710057,0.0453794785743583,403878337.53056246,-0.494369374415997,1,1,0.6666666666666666,45,0
AVAX,2025-05-21,22.623124042418908,0.0168384012046398,0.0451738981426562,411568629.89618987,-0.485783277880228,1,0,0.3333333333333333,45,0
AVAX,2025-05-22,23.26233065474814,0.0278627712928434,0.0453088466200915,418555378.5521696,-0.4712543061814954,0,0,0.3333333333333333,45,0
AVAX,2025-05-23,25.13946967996487,0.0776037660793887,0.0433013863834451,429718563.1453358,-0.4285875076129082,0,0,0.3333333333333333,45,0
AVAX,2025-05-24,23.05602009366085,-0.0865121974960952,0.0463310575702834,440656801.6690548,-0.4759436824259999,1,1,0.6666666666666666,45,0
AVAX,2025-05-25,22.91647392487165,-0.0060708734801173,0.0463493049829628,441877363.1233368,-0.4791155243592629,0,0,0.3333333333333333,45,0
AVAX,2025-05-26,23.339966182681167,0.0183111406655205,0.0464350371173783,439513443.57634526,-0.469489674266871,0,0,0.3333333333333333,45,0
AVAX,2025-05-27,23.050888503041925,-0.0124628624882026,0.0464805847833436,441391469.7939223,-0.476060321918511,0,1,0.6666666666666666,45,0
AVAX,2025-05-28,23.355690136779845,0.0131363278994355,0.0461586321453682,447818977.92498267,-0.4691322735771951,0,0,0.0,45,0
AVAX,2025-05-29,23.48141866154624,0.0053687697634911,0.0461605127058325,447396493.08981496,-0.4662745024859389,0,0,0.3333333333333333,45,0
AVAX,2025-05-30,22.34598988694685,-0.0495625315739434,0.0470116977368667,458730138.3503037,-0.4920824528636242,0,1,0.6666666666666666,45,0
AVAX,2025-05-31,20.61486740635505,-0.0806343473215525,0.0490886285348793,469228611.905943,-0.5314303398260379,0,1,0.6666666666666666,45,0
AVAX,2025-06-01,20.825461148677068,0.0101637975649332,0.0486964190339458,471556389.90986943,-0.5266436081760361,0,0,0.0,45,0
AVAX,2025-06-02,20.88223655229372,0.002722540049707,0.0485871274498336,469876401.8661749,-0.5253531205364846,0,0,0.0,45,0
AVAX,2025-06-03,21.20691071069178,0.015428233626922,0.0482894658255091,475356730.7490432,-0.517973375759618,0,0,0.0,45,0
AVAX,2025-06-04,21.12735379525149,-0.0037585161817933,0.0478626359651468,480739719.29347616,-0.5197816802273368,0,0,0.3333333333333333,45,0
AVAX,2025-06-05,20.18218830300953,-0.045768141052609,0.0486139704445585,483937691.28397286,-0.5412650041206278,1,1,0.6666666666666666,45,0
AVAX,2025-06-06,18.79917271931465,-0.0709875836681429,0.0502106133013139,492514788.0556478,-0.5727005272939386,1,0,0.3333333333333333,45,0
AVAX,2025-06-07,19.703700934855224,0.0469936182371281,0.0507735517337283,493843862.20787024,-0.5521408763284927,1,1,0.6666666666666666,45,0
AVAX,2025-06-08,20.706495593757044,0.0496409650342214,0.0463562966102368,484365079.8481404,-0.5293476590215971,0,0,0.3333333333333333,45,0
AVAX,2025-06-09,21.115839375341228,0.0195759923102769,0.0454189136252995,471731254.6243198,-0.5200433994864571,0,1,0.6666666666666666,45,0
AVAX,2025-06-10,21.938401810827937,0.0382151684095162,0.0410508119271237,463637801.2883692,-0.501346805748044,0,0,0.0,45,0
AVAX,2025-06-11,22.50971393437475,0.0257083378912135,0.0407240911014143,466054010.0481808,-0.488361055109596,0,0,0.0,45,0
AVAX,2025-06-12,21.58841457620008,-0.0417901378747753,0.0412967997378397,454094004.3266727,-0.5093019090413228,0,1,0.6666666666666666,45,0
AVAX,2025-06-13,20.37505327855098,-0.057845534561778,0.0416749292892706,449802257.7294212,-0.5368812419422178,0,0,0.3333333333333333,45,0
AVAX,2025-06-14,19.390865082817484,-0.0495091908671924,0.0421407727640973,456682759.4720544,-0.559251540005833,0,0,0.3333333333333333,45,0
AVAX,2025-06-15,18.97040241295195,-0.0219220863091394,0.0408703838230392,443599471.11546177,-0.5688085284865833,0,0,0.3333333333333333,45,0
AVAX,2025-06-16,19.11510406614086,0.007598814501663,0.0409511925719747,436758616.2073096,-0.5655195039624462,0,0,0.3333333333333333,45,0
AVAX,2025-06-17,19.19357486377244,0.0040967691695371,0.040432444201198,437988733.5740116,-0.5637358866218625,0,0,0.0,45,0
AVAX,2025-06-18,18.639396268508666,-0.0292981608121792,0.0402827622163389,435927718.24641246,-0.5763321973785535,0,0,0.0,45,0
AVAX,2025-06-19,18.153579843136125,-0.026409641905687,0.0403455616479759,433717456.8550196,-0.587374656825737,0,0,0.0,45,0
AVAX,2025-06-20,18.06960611740442,-0.0046364710301355,0.0401019179093453,431187476.5425941,-0.5892833540467299,1,0,0.3333333333333333,45,0
AVAX,2025-06-21,17.346745800298585,-0.0408263799100988,0.0399744678390156,423383511.4423258,-0.6057137489875728,1,1,1.0,45,0
AVAX,2025-06-22,16.66501799462414,-0.0400931353139356,0.036747862812409,407652972.62934095,-0.6212092144659266,1,1,0.6666666666666666,45,0
AVAX,2025-06-23,16.504194814921206,-0.0096972117419433,0.0340790818037493,397008031.4568792,-0.6248646763797039,1,1,0.6666666666666666,45,0
AVAX,2025-06-24,18.08998972586428,0.091744151658849,0.0389169716717567,402664419.4730836,-0.5888200408320055,0,0,0.0,45,0
AVAX,2025-06-25,18.217957902634573,0.0070490741018029,0.0387093459180345,404565912.7401015,-0.5859113631325382,1,1,0.6666666666666666,45,0
AVAX,2025-06-26,17.544054747416485,-0.0376926738747625,0.0390761673734556,402382004.948814,-0.6012289766881489,1,1,0.6666666666666666,45,0
AVAX,2025-06-27,17.226335888229112,-0.0182757626012959,0.0388801567974485,395559302.5652672,-0.6084506296314219,0,0,0.3333333333333333,45,0
AVAX,2025-06-28,17.569724773717734,0.0197378684312204,0.0391653465362202,390334022.6497017,-0.6006455048052822,1,1,1.0,45,0
AVAX,2025-06-29,17.98572460712256,0.0234011283434268,0.0388668397478856,374639688.198368,-0.5911899552386217,1,1,1.0,45,0
AVAX,2025-06-30,18.739766975172618,0.0410694762485289,0.0372598456505032,361079183.1568006,-0.5740508017728534,0,0,0.3333333333333333,45,0
AVAX,2025-07-01,17.974548459035702,-0.0416910593174969,0.037818132296568,357332404.74489313,-0.5914439856821792,0,1,0.6666666666666666,45,0
AVAX,2025-07-02,17.09159924189345,-0.0503697124019783,0.0386811803768101,356755219.635868,-0.6115131525835228,1,1,0.6666666666666666,45,0
AVAX,2025-07-03,18.5100939063082,0.0797291294559883,0.0416182748104345,358814031.4588566,-0.5792712007066703,0,0,0.0,45,0
AVAX,2025-07-04,18.53106385088842,0.0011322511546724,0.0416309930507282,357987489.884595,-0.5787945602504337,0,0,0.0,45,0
AVAX,2025-07-05,17.800767460842177,-0.0402068788553271,0.041452299232363,356574049.6358851,-0.5953939748653805,1,1,1.0,45,0
AVAX,2025-07-06,17.922309969493995,0.0068047316407316,0.0395173527183249,344035408.25318533,-0.5926313506460213,1,1,0.6666666666666666,45,0
AVAX,2025-07-07,18.299319657528763,0.0208175781851028,0.0386878711072669,339330778.6266712,-0.584062035213496,1,1,1.0,45,0
AVAX,2025-07-08,17.995045665212402,-0.0167674027831413,0.037484869254287,336737230.71121484,-0.5909780904259345,1,0,0.3333333333333333,45,0
AVAX,2025-07-09,18.36462464110581,0.0203297610557422,0.0375019359728456,333511102.06054413,-0.5825776728181827,1,1,1.0,45,0
AVAX,2025-07-10,19.504779962650648,0.0602333215762708,0.0385700734061717,332872484.84108514,-0.5566622894673732,1,1,1.0,45,0
AVAX,2025-07-11,20.65301121854369,0.0572015686763944,0.0398128246912025,335200853.6123501,-0.5305633425874595,1,1,1.0,45,0
AVAX,2025-07-12,20.68167050029152,0.0013866944245627,0.0391319295853339,345183085.1800655,-0.5299119258383383,1,1,1.0,45,0
AVAX,2025-07-13,20.66399856993283,-0.0008548383340862,0.0376541966493439,348164639.2290577,-0.5303136034353642,1,1,1.0,45,0
AVAX,2025-07-14,21.18558444040671,0.024927984573331,0.0366873956737326,345427912.2933934,-0.5184581153906462,1,1,1.0,45,0
AVAX,2025-07-15,21.241309914482624,0.0026268953675759,0.0363860286889042,360195754.45476496,-0.5171914923299161,1,1,1.0,45,0
AVAX,2025-07-16,22.499635339902547,0.0575512354348796,0.0376870246949585,387751901.8536933,-0.4885901384936306,1,1,1.0,45,0
AVAX,2025-07-17,22.68686328472592,0.0082869450825727,0.0376896623785618,402678254.0113409,-0.4843345043073098,1,1,1.0,45,0
AVAX,2025-07-18,23.83486996013503,0.0493635857591541,0.0379155428928124,423659934.4116876,-0.4582406620734247,1,1,0.6666666666666666,45,0
AVAX,2025-07-19,23.48742556530643,-0.0146844371902309,0.037605690487023,451809949.82073134,-0.4661379673922063,1,1,0.6666666666666666,45,0
AVAX,2025-07-20,24.528334435148825,0.0433637612529865,0.0380422873646957,467134145.7366805,-0.442478425674089,0,1,0.6666666666666666,45,0
AVAX,2025-07-21,25.067540484152524,0.0217448445521472,0.0368454452790723,484380144.5334393,-0.4302224363356604,0,0,0.3333333333333333,45,0
AVAX,2025-07-22,25.46496745496456,0.0157298808854677,0.0354945169031464,508452961.7375337,-0.4211890422814276,0,0,0.3333333333333333,45,0
AVAX,2025-07-23,25.82363888495997,0.0139866259851866,0.035208444887971,543882089.0426841,-0.4130365498712534,1,0,0.3333333333333333,45,0
AVAX,2025-07-24,23.94170697477156,-0.0756683084986079,0.0358734887425477,562659302.8925273,-0.4558122892561052,1,1,0.6666666666666666,45,0
AVAX,2025-07-25,23.66487627395623,-0.0116300646769169,0.0360761896637785,577441531.5441853,-0.4621045668075373,1,1,0.6666666666666666,45,0
AVAX,2025-07-26,23.988730669255503,0.0135922295092227,0.0350001170278955,591125131.963766,-0.4547434549963382,0,0,0.0,45,0
AVAX,2025-07-27,24.93865458001377,0.0388348279016621,0.0349380971099149,602196799.99815,-0.4331519736988205,0,0,0.0,45,0
AVAX,2025-07-28,25.96036120292661,0.0401518130389938,0.0352843746277297,614307832.0255688,-0.4099288932074965,0,0,0.0,45,0
AVAX,2025-07-29,25.1162871538678,-0.0330542792736236,0.0362047242566425,651115748.2176908,-0.4291144393734263,0,0,0.0,45,0
AVAX,2025-07-30,24.340440899495697,-0.0313773247017243,0.0365534153881186,670092545.8901006,-0.4467491885373383,0,0,0.0,45,0
AVAX,2025-07-31,23.34449235038936,-0.0417781189425378,0.0365575584672868,682924939.9380547,-0.4693867958528064,0,0,0.3333333333333333,45,0
AVAX,2025-08-01,22.470346979610884,-0.0381645546640885,0.035940064289778,694862229.4598887,-0.4892558540065369,0,0,0.3333333333333333,45,0
AVAX,2025-08-02,21.53694717365909,-0.042426594541795,0.0345578161141788,707922445.5010612,-0.5104717474323878,1,0,0.3333333333333333,45,0
AVAX,2025-08-03,20.89341383576965,-0.0303359516089316,0.035153235235051,708867269.2411276,-0.5250990642858793,1,1,0.6666666666666666,45,0
AVAX,2025-08-04,21.38427537598529,0.0232218745860254,0.0342998618141841,708174748.1744269,-0.5139419309142426,1,1,1.0,45,0
AVAX,2025-08-05,23.077846720742453,0.0762172845406512,0.0366113565948582,724367701.7126755,-0.4754475698373146,1,1,1.0,45,0
AVAX,2025-08-06,21.8967392520966,-0.0525354078206859,0.0381715579459245,732698635.4370301,-0.5022937830242937,1,1,0.6666666666666666,45,0
AVAX,2025-08-07,22.234170644214228,0.0152925905653797,0.0379608818484144,738357282.2660846,-0.4946240702087827,1,1,1.0,45,0
AVAX,2025-08-08,23.33111980423985,0.0481577596447495,0.038630632735746,748406945.3730092,-0.4696907497556582,1,1,0.6666666666666666,45,0
AVAX,2025-08-09,23.78895706742384,0.0194334008889777,0.0374269988233205,757579416.5791132,-0.4592842481470685,1,0,0.3333333333333333,45,0
AVAX,2025-08-10,24.252738746523235,0.0193080647698044,0.036282967776951,759987965.0063374,-0.4487426317744344,0,0,0.3333333333333333,45,0
AVAX,2025-08-11,23.811504742434824,-0.018360692587263,0.0365357033697042,750099549.7477324,-0.4587717463584636,0,1,0.6666666666666666,45,0
AVAX,2025-08-12,22.864999008110875,-0.040561542690391,0.0374515129757558,754709844.8721601,-0.4802855335462559,1,0,0.3333333333333333,45,0
AVAX,2025-08-13,24.68440445332032,0.0765643318370785,0.0396011371197806,756726478.4806639,-0.4389310016748729,1,1,0.6666666666666666,45,0
AVAX,2025-08-14,25.541232406883683,0.034122457862529,0.0399494018106121,761354675.5780948,-0.4194555631423423,0,0,0.3333333333333333,45,0
AVAX,2025-08-15,23.69760506911866,-0.0749201123303148,0.0413674240243107,762839836.1517874,-0.4613606512574216,0,0,0.3333333333333333,45,0
AVAX,2025-08-16,23.722401364389075,0.0010458158653024,0.0413489623771916,782235345.6735266,-0.4607970390148878,0,0,0.3333333333333333,45,0
AVAX,2025-08-17,24.31074723087188,0.0244987184836924,0.0405986097897937,767283185.9817007,-0.4474241165852428,0,0,0.3333333333333333,45,0
AVAX,2025-08-18,25.093957037964863,0.0317085362438549,0.0408766347772382,750867671.0840789,-0.4296219961097388,1,0,0.3333333333333333,45,0
AVAX,2025-08-19,23.69587566058677,-0.0573260514546067,0.0415094974661254,752892814.1083171,-0.4613999601868518,1,1,1.0,45,0
AVAX,2025-08-20,22.3601487448039,-0.0580207097004553,0.0425343606865979,745611798.2369943,-0.4917606263350439,1,1,1.0,45,0
AVAX,2025-08-21,23.438579134136475,0.0471030451903095,0.0434080446153703,727822337.8956445,-0.4672482319019339,0,0,0.3333333333333333,45,0
AVAX,2025-08-22,22.75814575658285,-0.0294602091822781,0.0435544344332827,690694916.6032951,-0.4827142754231761,1,1,0.6666666666666666,45,0
AVAX,2025-08-23,25.232308381764724,0.1032021154529085,0.0456289608886786,685369718.3713993,-0.4264773121847319,0,0,0.3333333333333333,45,0
AVAX,2025-08-24,26.197598643676205,0.0375424997471718,0.0460133145241087,697713757.1449606,-0.4045365584036204,0,0,0.0,45,0
AVAX,2025-08-25,25.75078461733028,-0.0172026545235126,0.0461212194963244,703528366.6332406,-0.4146925051947857,0,0,0.0,45,0
AVAX,2025-08-26,23.360989921520627,-0.0973975633818796,0.0490218427822878,713689912.3752558,-0.469011811083499,1,1,0.6666666666666666,45,0
AVAX,2025-08-27,24.1655194443137,0.0338592669563648,0.0488476300497981,713968373.2301548,-0.4507250999606879,0,0,0.3333333333333333,45,0
AVAX,2025-08-28,24.427422186762627,0.0107795605584261,0.0485534070334173,697009586.9708579,-0.4447721303582692,0,1,0.6666666666666666,45,0
AVAX,2025-08-29,24.89859330495452,0.0191049467435303,0.0483359918784527,689356525.416563,-0.4340625542846971,0,0,0.3333333333333333,45,0
AVAX,2025-08-30,23.590323990229244,-0.0539746805535027,0.0487555501277658,692592828.770014,-0.4637991175200187,1,1,0.6666666666666666,45,0
AVAX,2025-08-31,23.78614026405449,0.0082664416597101,0.0482248755233906,682726194.4358894,-0.4593482732301086,1,1,0.6666666666666666,45,0
AVAX,2025-09-01,23.42296952162818,-0.0153859248097324,0.0476167427051303,666273136.9374751,-0.4676030336420705,1,1,0.6666666666666666,45,0
AVAX,2025-09-02,23.157128542000244,-0.0114144828822066,0.0472868955193662,678550888.9309286,-0.4736455181766144,1,1,0.6666666666666666,45,0
AVAX,2025-09-03,24.44137505757756,0.0539747337935513,0.0480578155987338,694228968.8832796,-0.4444549858524458,1,0,0.3333333333333333,45,0
AVAX,2025-09-04,25.179961571894133,0.0297711071732603,0.0463852454951527,697822690.7929308,-0.4276671392366727,1,1,0.6666666666666666,45,0
AVAX,2025-09-05,24.25616979910876,-0.0373774927504499,0.0458398618196755,699173936.6432652,-0.4486646449937121,1,0,0.3333333333333333,45,0
AVAX,2025-09-06,24.47230968132273,0.0088712515562964,0.0457974416240626,707790387.0657021,-0.4437518512724283,1,1,0.6666666666666666,45,0
AVAX,2025-09-07,24.385308538883034,-0.0035614193882987,0.0450133369799759,698755108.1706086,-0.4457293607535297,1,0,0.3333333333333333,45,0
AVAX,2025-09-08,24.731178774276195,0.0140839042620887,0.0449502869701675,685994069.6322337,-0.4378678355994799,1,1,0.6666666666666666,45,0
AVAX,2025-09-09,25.25274973638308,0.0208703040843422,0.0449727741541999,682763082.1309223,-0.4260126864174051,1,1,1.0,45,0
AVAX,2025-09-10,25.934911243395995,0.0266549352833304,0.045043475967204,695311605.4476287,-0.4105073630396635,1,1,1.0,45,0
AVAX,2025-09-11,29.41057204042156,0.1257642173918189,0.049529024054233,732649026.3062376,-0.3315066512504537,1,0,0.3333333333333333,45,0
AVAX,2025-09-12,29.180551353107607,-0.007851765104526,0.0478933390615645,744572175.8597726,-0.3367349514457998,1,1,1.0,45,0
AVAX,2025-09-13,28.90940177175881,-0.0093355747784379,0.0476568316466907,746011006.8088076,-0.3428980988813128,1,1,1.0,45,0
AVAX,2025-09-14,30.04107387185383,0.0383987112862166,0.0456227506967437,761150855.4199886,-0.3171755365714331,1,1,0.6666666666666666,45,0
AVAX,2025-09-15,29.52495202319728,-0.0173298371944714,0.0458408679688403,748360105.1076626,-0.3289068290637051,1,1,0.6666666666666666,45,0
AVAX,2025-09-16,29.824138697366195,0.0100823518941173,0.0457297198479567,770053175.0160764,-0.3221064070439792,1,1,1.0,45,0
AVAX,2025-09-17,30.070051524198515,0.0082116214531365,0.0454892146905454,781986528.2583163,-0.3165168833555699,1,1,0.6666666666666666,45,0
AVAX,2025-09-18,31.75314384977228,0.0544620288529745,0.0446920076430511,793406290.738535,-0.278260707194457,1,1,0.6666666666666666,45,0
AVAX,2025-09-19,35.28107919290268,0.1053550807116157,0.0460807216160129,846417714.6969345,-0.1980718108867021,0,0,0.3333333333333333,45,0
AVAX,2025-09-20,33.73790850905041,-0.0447247333114413,0.0469306358279818,879536743.3951701,-0.2331476107291094,0,0,0.0,45,0
AVAX,2025-09-21,33.15070697088437,-0.0175580439009758,0.0466160755213956,892616058.2536935,-0.2464945229244927,0,0,0.0,45,0
AVAX,2025-09-22,33.05638988106749,-0.0028491553958581,0.0434148353026487,883835160.9531258,-0.2486383216622169,0,0,0.0,45,0
AVAX,2025-09-23,33.63166074971003,0.0172530200851735,0.0431118941101946,914541154.8335552,-0.23556258995294,0,0,0.0,45,0
AVAX,2025-09-24,33.65724232100417,0.0007603504102219,0.0428691570111166,970082534.3834368,-0.2349811286254557,0,0,0.0,45,0
AVAX,2025-09-25,32.34325807991472,-0.0398226642651818,0.0390651424131339,986470223.6837418,-0.2648475903971877,0,0,0.3333333333333333,45,0
AVAX,2025-09-26,28.67773702284836,-0.1202844854060921,0.0455349915015387,1021340386.4428188,-0.3481637680962307,1,1,0.6666666666666666,45,0
AVAX,2025-09-27,29.086862150048912,0.0141654914715586,0.0455521923765459,1051523062.2038976,-0.3388644785086636,1,1,0.6666666666666666,45,0
AVAX,2025-09-28,28.80231373951761,-0.0098308776334832,0.0455675237198041,1051879611.1163144,-0.3453321772523669,1,1,1.0,45,0
AVAX,2025-09-29,30.01253229115534,0.0411593153776794,0.0446329869417432,1053999105.4568206,-0.3178242780115355,1,1,0.6666666666666666,45,0
AVAX,2025-09-30,30.442173424094484,0.0142138932401875,0.0446472982328334,1086721964.8995054,-0.3080586658594054,0,0,0.0,45,0
AVAX,2025-10-01,29.99380703971044,-0.0148380023680402,0.0446374178617414,1110010837.4722478,-0.3182498972761787,1,1,1.0,45,0
AVAX,2025-10-02,30.680794706794178,0.0226459509108641,0.044553287688821,1118790890.347549,-0.3026348767492993,1,0,0.3333333333333333,45,0
AVAX,2025-10-03,30.990311410480448,0.0100377412367199,0.0437516773610329,1146452235.3065822,-0.2955996563035092,0,0,0.0,45,0
AVAX,2025-10-04,31.383026520546338,0.0125925696002128,0.0435677680384688,1160699311.0485237,-0.2866733614095615,0,0,0.0,45,0
AVAX,2025-10-05,30.139925111008488,-0.0404164815994472,0.0436787193739453,1167243092.2515178,-0.3149286779996338,0,0,0.0,45,0
AVAX,2025-10-06,30.000104022729893,-0.0046498594103591,0.0437310276967623,1172582083.396298,-0.3181067687691945,0,1,0.6666666666666666,45,0
AVAX,2025-10-07,30.728304595758964,0.0239833545591108,0.0437953413665385,1190555071.800325,-0.3015549914369994,0,0,0.3333333333333333,45,0
AVAX,2025-10-08,27.93958449695807,-0.0951397211826903,0.0476199033432488,1215841890.355231,-0.3649417502871973,0,1,0.6666666666666666,45,0
AVAX,2025-10-09,28.812116570504525,0.030751530463208,0.0477740656420257,1218707274.3105657,-0.3451093618883998,0,0,0.3333333333333333,45,0
AVAX,2025-10-10,28.38191120183488,-0.0150440001915714,0.0477106651618957,1209123757.6698084,-0.3548877989469087,0,1,0.6666666666666666,45,0
AVAX,2025-10-11,21.02500837947636,-0.3000394083213769,0.0686660395545569,1224489803.3598418,-0.5221079603699553,1,1,1.0,45,0
AVAX,2025-10-12,21.516279722457195,0.0230972405912616,0.0689497936234125,1239968916.4776192,-0.5109415123062258,0,0,0.3333333333333333,45,0
AVAX,2025-10-13,22.51955506308954,0.0455742006662391,0.0696970965273591,1252883552.896214,-0.4881373692499336,0,0,0.3333333333333333,45,0
AVAX,2025-10-14,23.827901781041856,0.0564731920957187,0.0701912960392461,1254510406.03944,-0.4583990466628261,0,0,0.0,45,0
AVAX,2025-10-15,22.78187985680888,-0.0448917608981354,0.0705010620941169,1261595852.725633,-0.4821748065506274,0,0,0.0,45,0
AVAX,2025-10-16,21.91947689021193,-0.038589879564816,0.0706152439280755,1244388078.526809,-0.5017769634321594,0,0,0.0,45,0
AVAX,2025-10-17,20.936345327776067,-0.0458889377570008,0.0708176414088156,1236192964.0753207,-0.5241232445425998,0,0,0.0,45,0
AVAX,2025-10-18,19.95378774357534,-0.0480676723926752,0.0699650925780958,1226602413.079047,-0.5464564793024972,0,0,0.3333333333333333,45,0
AVAX,2025-10-19,20.199089239727,0.0122185291007296,0.0663933376150882,1163269158.809703,-0.5408808509743463,0,1,0.6666666666666666,45,0
AVAX,2025-10-20,20.59188544842995,0.0192595716736386,0.0665523704107418,1127088339.751959,-0.531952712733068,0,1,0.6666666666666666,45,0
AVAX,2025-10-21,20.35963624783593,-0.0113427624192377,0.0665585000393231,1119426700.950946,-0.5372316663568233,0,0,0.0,45,0
AVAX,2025-10-22,19.552539914113915,-0.0404491286297214,0.0666513961007189,1117853819.2787814,-0.5555767203106117,1,0,0.3333333333333333,45,0
AVAX,2025-10-23,19.00214020097972,-0.0285535818935385,0.0663517227559441,1066000680.1447376,-0.568087138226937,1,1,0.6666666666666666,45,0
AVAX,2025-10-24,19.119508191765995,0.0061575701248466,0.0664145218982294,995595684.0666156,-0.5654193995277751,1,1,1.0,45,0
AVAX,2025-10-25,19.490816801172947,0.0192342362681554,0.0666462992991758,963652390.739617,-0.5569796678768284,1,1,1.0,45,0
AVAX,2025-10-26,19.71844203932266,0.0116109205897402,0.0638829907741142,917769744.4632856,-0.551805815511717,0,0,0.0,45,0
AVAX,2025-10-27,20.841205952010807,0.0553777404275882,0.0649107059664331,881377254.6274205,-0.5262857335895946,0,0,0.0,45,0
AVAX,2025-10-28,20.32283380206339,-0.025187010640173,0.0649607846226452,878772170.9514029,-0.5380681747451282,0,1,0.6666666666666666,45,0
AVAX,2025-10-29,19.507391316081623,-0.0409516361479477,0.0643874439962141,868673087.1600736,-0.5566029341988853,0,0,0.3333333333333333,45,0
AVAX,2025-10-30,19.643634293399195,0.0069598956944465,0.064289981924963,841814589.1099252,-0.5535061728021516,0,0,0.0,45,0
AVAX,2025-10-31,18.11029249626702,-0.0812729084398804,0.065432412313916,830230426.0106933,-0.588358565041709,0,0,0.3333333333333333,45,0
AVAX,2025-11-01,18.19285646604654,0.0045485923117636,0.0651388075281337,812526950.83897,-0.5864819111443246,0,0,0.3333333333333333,45,0
AVAX,2025-11-02,18.67010528904684,0.0258945818471763,0.0654329653252401,769140876.375983,-0.5756341906907485,0,1,0.6666666666666666,45,0
AVAX,2025-11-03,18.84392568812084,0.0092670202846953,0.0653840915565622,740941622.5693599,-0.5716833059375291,0,1,0.6666666666666666,45,0
AVAX,2025-11-04,16.658252572025987,-0.1232848736959175,0.0681013741029195,744969653.5411524,-0.6213629904619231,1,1,1.0,45,0
AVAX,2025-11-05,16.03381026051089,-0.0382061096250967,0.0681201275980627,748027198.8009802,-0.6355563740979815,1,1,0.6666666666666666,45,0
AVAX,2025-11-06,16.659796679629753,0.0382987985813565,0.0684943684787816,739480753.6216767,-0.6213278933661763,1,1,1.0,45,0
AVAX,2025-11-07,16.071447945181237,-0.0359541544939909,0.0671058739672712,718136810.3687367,-0.6347008809838088,1,1,0.6666666666666666,45,0
AVAX,2025-11-08,17.72303608930567,0.0978209893023372,0.069861618188481,722871120.7810409,-0.5971607852759334,0,0,0.0,45,0
AVAX,2025-11-09,17.47578673558129,-0.0140489596281176,0.0698624210127241,720684203.3131791,-0.6027806878137081,0,0,0.3333333333333333,45,0
AVAX,2025-11-10,17.733283633421816,0.0146269973083741,0.044953864287263,660005004.9019876,-0.5969278617179269,0,0,0.3333333333333333,45,0
AVAX,2025-11-11,18.180996926146044,0.0249336186185733,0.0449956255248182,625881967.6804322,-0.5867514748757546,0,0,0.3333333333333333,45,0
AVAX,2025-11-12,17.010581780265014,-0.066541315595099,0.0452526989839272,600873086.8371646,-0.6133546548214509,0,0,0.3333333333333333,45,0
AVAX,2025-11-13,16.80812653947159,-0.0119731160316949,0.0435114729432777,562638268.7667992,-0.6179564008093862,0,0,0.0,45,0
AVAX,2025-11-14,16.13161786333918,-0.0410813034245556,0.0434164972103889,541944723.3656857,-0.6333332370621569,0,1,0.6666666666666666,45,0
AVAX,2025-11-15,15.176595520975637,-0.0610267157824069,0.0440871991071399,541619818.4035927,-0.6550406041579003,0,0,0.0,45,0
AVAX,2025-11-16,15.524769494574985,0.0226823075051584,0.0440607967342856,523815044.8887277,-0.6471267157357721,0,0,0.0,45,0
AVAX,2025-11-17,15.197205077197737,-0.0213252458942222,0.0435307427982947,509257507.5764457,-0.6545721552193277,0,0,0.3333333333333333,45,0
AVAX,2025-11-18,14.48297761203437,-0.0481375324371596,0.0439057175212705,518764160.1383832,-0.6708063280636963,0,0,0.3333333333333333,45,0
AVAX,2025-11-19,14.56100341222536,0.0053729540612166,0.0436471696343547,522594333.2270912,-0.6690328253794625,0,0,0.3333333333333333,45,0
AVAX,2025-11-20,14.253350789432275,-0.0213549338778786,0.043683779820218,519852019.8912398,-0.6760256758340496,0,0,0.0,45,0
AVAX,2025-11-21,13.844894020427091,-0.0290755203154351,0.0434761955754511,516763080.8485375,-0.6853097738433103,1,1,0.6666666666666666,45,0
AVAX,2025-11-22,13.310521447144469,-0.0393616931400982,0.0436666950157033,521892739.74707264,-0.6974558997500981,1,1,0.6666666666666666,45,0
AVAX,2025-11-23,13.227116853715556,-0.0062857792468102,0.0435485230616434,520033582.02622753,-0.6993516607671146,1,1,0.6666666666666666,45,0
AVAX,2025-11-24,13.285025892776549,0.0043684987447683,0.0432611800391289,516230979.1044104,-0.6980354059390362,1,0,0.3333333333333333,45,0
AVAX,2025-11-25,13.896005393680603,0.0449638888516724,0.0443250186272415,522855910.547995,-0.6841480278895604,1,0,0.3333333333333333,45,0
AVAX,2025-11-26,14.17501443139166,0.0198794506158914,0.0429252851799455,519146583.29439646,-0.6778062374036594,0,0,0.0,45,0
AVAX,2025-11-27,14.91491364303288,0.0508807603082516,0.0443928803102567,517198107.9656468,-0.6609885535773335,0,0,0.3333333333333333,45,0
AVAX,2025-11-28,15.025131479675002,0.0073626031009612,0.0441185619667638,512532592.1190255,-0.6584833357050814,0,0,0.3333333333333333,45,0
AVAX,2025-11-29,14.856266893913542,-0.0113024418257116,0.0440208872076692,510142185.9247801,-0.6623215763304503,0,0,0.3333333333333333,45,0
AVAX,2025-11-30,14.247682480995412,-0.0418275287085031,0.0423549307614917,498032671.1445352,-0.6761545147591645,1,1,0.6666666666666666,45,0
AVAX,2025-12-01,13.823399975971387,-0.0302314539721528,0.0424755415393002,494234263.6099521,-0.6857983269301601,0,0,0.3333333333333333,45,0
AVAX,2025-12-02,12.799065882099852,-0.0769906163021364,0.0436842977599864,501127083.4999762,-0.7090811290364702,1,1,0.6666666666666666,45,0
AVAX,2025-12-03,13.650416260433843,0.0643978261342747,0.0457462094253703,508736167.7494763,-0.689730194121315,0,0,0.0,45,0
AVAX,2025-12-04,14.829307941182316,0.0828354724876637,0.0436939275618804,503439618.8965618,-0.6629343451186708,0,0,0.0,45,0
AVAX,2025-12-05,14.399151863434597,-0.0294361824487596,0.0434851677007974,488007540.0447391,-0.6727116618095303,1,1,0.6666666666666666,45,0
AVAX,2025-12-06,13.233543543732942,-0.084414522659062,0.0451492553891096,484393767.361289,-0.6992055840595555,1,1,0.6666666666666666,45,0
AVAX,2025-12-07,13.39420419017753,0.0120673064549621,0.0449629585729354,479268581.4173966,-0.6955538164772588,1,1,0.6666666666666666,45,0
AVAX,2025-12-08,13.41252980915128,0.0013672401739764,0.040505189106936,462907581.1719987,-0.6951372807370212,0,0,0.3333333333333333,45,0
AVAX,2025-12-09,13.636958827952151,0.0165943372838666,0.0407665522408758,456443902.9430074,-0.6900360774646547,0,0,0.0,45,0
AVAX,2025-12-10,14.602338786082203,0.0683980389841346,0.0429324001181953,458680994.3532587,-0.6680932849158021,0,0,0.0,45,0
AVAX,2025-12-11,14.145426426860732,-0.031790355587042,0.0427501187013567,456514057.6471576,-0.6784787637389008,0,0,0.3333333333333333,45,0
AVAX,2025-12-12,13.427181630111448,-0.0521102188969664,0.0421499211104379,456564373.1462452,-0.6948042493071843,0,0,0.3333333333333333,45,0
AVAX,2025-12-13,13.11387884380905,-0.0236100091206836,0.0422422837174654,453878448.4066058,-0.7019255262582073,0,0,0.3333333333333333,45,0
AVAX,2025-12-14,13.38402501347547,0.0203907094836171,0.0420865996673113,441570153.81240857,-0.6957851860647568,0,0,0.0,45,0
AVAX,2025-12-15,12.893544558005642,-0.0373350683367915,0.0412365022299488,426224602.88148886,-0.7069336574961383,0,1,0.6666666666666666,45,0
BNB,2024-12-20,669.0228793928828,-0.0015318528612333232,0.040547743033962975,9118911905.32381,0.0,1,0,0.3333333333333333,45,2
BNB,2024-12-21,677.8485768483023,0.0131056660800028,0.040547743033962975,9118911905.32381,0.0,1,0,0.3333333333333333,45,2
BNB,2024-12-22,662.4248813776467,-0.0230167601830472,0.040547743033962975,9118911905.32381,-0.0227538951875786,1,1,1.0,45,2
BNB,2024-12-23,648.5721398402843,-0.0211339261823313,0.040547743033962975,9118911905.32381,-0.0431902315767048,1,1,1.0,45,2
BNB,2024-12-24,692.2861092311789,0.0652260841663671,0.040547743033962975,9118911905.32381,0.0,1,0,0.3333333333333333,45,2
BNB,2024-12-25,697.9537563672064,0.0081535261288352,0.040547743033962975,9118911905.32381,0.0,0,0,0.3333333333333333,45,2
BNB,2024-12-26,702.3466001659357,0.0062741656654437,0.040547743033962975,9118911905.32381,0.0,1,1,0.6666666666666666,45,2
BNB,2024-12-27,687.5178696037362,-0.0213391932563418,0.040547743033962975,9118911905.32381,-0.0211131235755907,1,1,1.0,45,2
BNB,2024-12-28,690.3639423450093,0.0041310898571387,0.040547743033962975,9118911905.32381,-0.0170608896207305,1,1,0.6666666666666666,45,2
BNB,2024-12-29,720.5679127131004,0.0428207575424939,0.040547743033962975,9118911905.32381,0.0,0,0,0.0,45,2
BNB,2024-12-30,694.4826804506174,-0.0368724450260792,0.040547743033962975,9118911905.32381,-0.0362009351266645,1,1,0.6666666666666666,45,2
BNB,2024-12-31,703.1066174310417,0.012341317225569,0.040547743033962975,9118911905.32381,-0.0242326850446517,1,0,0.3333333333333333,45,2
BNB,2025-01-01,701.5723264012628,-0.002184544228675,0.040547743033962975,9118911905.32381,-0.0263619653008347,1,0,0.3333333333333333,45,2
BNB,2025-01-02,705.8130365866023,0.0060263849989123,0.040547743033962975,9118911905.32381,-0.0204767321250022,1,1,1.0,45,2
BNB,2025-01-03,705.8312420795146,2.579331519763468e-05,0.040547743033962975,9118911905.32381,-0.0204514666467716,0,0,0.3333333333333333,45,2
BNB,2025-01-04,713.0475655102006,0.0101719549462926,0.040547743033962975,9118911905.32381,-0.0104366945435914,0,0,0.3333333333333333,45,2
BNB,2025-01-05,714.0857730267945,0.0014549554294713,0.040547743033962975,9118911905.32381,-0.0089958761303972,0,0,0.3333333333333333,45,2
BNB,2025-01-06,709.3017578903202,-0.0067220388638786,0.040547743033962975,9118911905.32381,-0.0156351047888888,0,0,0.3333333333333333,45,2
BNB,2025-01-07,730.7109274996172,0.029736886972384,0.040547743033962975,9118911905.32381,0.0,0,0,0.0,45,2
BNB,2025-01-08,696.8339974504797,-0.0474707183443986,0.040547743033962975,9118911905.32381,-0.0463616031650974,0,0,0.3333333333333333,45,2
BNB,2025-01-09,695.7266204397939,-0.0015904187291796,0.040547743033962975,9118911905.32381,-0.047877082089814,0,1,0.6666666666666666,45,2
BNB,2025-01-10,686.294216607382,-0.0136503734862355,0.040547743033962975,9118911905.32381,-0.0607856119576895,1,1,1.0,45,2
BNB,2025-01-11,693.7427801750233,0.0107948350887313,0.040547743033962975,9118911905.32381,-0.050592027480817,1,1,0.6666666666666666,45,2
BNB,2025-01-12,696.7344557337125,0.0043030983862909,0.040547743033962975,9118911905.32381,-0.0464978290145011,1,1,0.6666666666666666,45,2
BNB,2025-01-13,693.0584426939826,-0.0052900279120266,0.040547743033962975,9118911905.32381,-0.0515285640170673,1,1,0.6666666666666666,45,2
BNB,2025-01-14,688.3576507228246,-0.0068057844962059,0.040547743033962975,9118911905.32381,-0.0579617399752309,1,1,0.6666666666666666,45,2
BNB,2025-01-15,698.74344424996,0.0149750982846984,0.040547743033962975,9118911905.32381,-0.0437484674809026,0,1,0.6666666666666666,45,2
BNB,2025-01-16,714.7919481480744,0.0227078764252326,0.040547743033962975,9118911905.32381,-0.0217856046111355,0,0,0.0,45,2
BNB,2025-01-17,708.7829768816523,-0.0084421365519213,0.040547743033962975,9118911905.32381,-0.0300090634924525,0,0,0.3333333333333333,45,2
BNB,2025-01-18,721.1359383883954,0.0172782787796897,0.040547743033962975,1106753038.7369668,-0.0131036621335142,0,1,0.6666666666666666,45,2
BNB,2025-01-19,709.848578937929,-0.0157759827785641,0.022202711143517,1063973147.4451303,-0.0285507548560633,0,1,0.6666666666666666,45,2
BNB,2025-01-20,682.349570503562,-0.0395095849419873,0.0233419802078091,1045482512.6614026,-0.0661839794315661,0,1,0.6666666666666666,45,2
BNB,2025-01-21,677.2617301582343,-0.0074842921536271,0.0229782067083963,1064749522.702828,-0.0731468427936038,1,1,0.6666666666666666,45,2
BNB,2025-01-22,693.0634731671475,0.0230637857742602,0.0229443518304704,1064321781.7479874,-0.0515216796624263,0,0,0.3333333333333333,45,2
BNB,2025-01-23,694.4219334575758,0.0019581621803232,0.0196193676005508,1027125325.6649964,-0.049662585676961,0,0,0.3333333333333333,45,2
BNB,2025-01-24,689.6926515818565,-0.0068336831810118,0.0195980978920067,1028340164.4705402,-0.0561347509310133,0,0,0.0,45,2
BNB,2025-01-25,680.331260963174,-0.0136662378396096,0.019701913347291,1031706418.8708231,-0.068946097068556,0,0,0.0,45,2
BNB,2025-01-26,686.4624751742597,0.0089717346152168,0.01940108119102,1012156526.9931412,-0.0605553450210045,0,0,0.3333333333333333,45,2
BNB,2025-01-27,664.4667087887276,-0.0325667853847982,0.0202659358893361,994823426.653682,-0.0906572164420304,1,1,0.6666666666666666,45,2
BNB,2025-01-28,679.6778451363223,0.0226341515017784,0.0190500124978982,1010465546.937723,-0.0698403163860194,0,0,0.0,45,2
BNB,2025-01-29,661.6311598715406,-0.0269106884086786,0.018499100242561,1010241881.3506112,-0.0945377508783907,0,0,0.3333333333333333,45,2
BNB,2025-01-30,667.745952530571,0.0091995502666278,0.0184261147005854,1003866976.6151671,-0.0861694722213925,0,0,0.0,45,2
BNB,2025-01-31,676.9452959901981,0.0136826754707037,0.0186388216487345,970886502.2148678,-0.0735798925211054,0,0,0.3333333333333333,45,2
BNB,2025-02-01,677.1124207686067,0.0002468503036299,0.0185914575062686,979315004.2441612,-0.0733511772082245,0,0,0.0,45,2
BNB,2025-02-02,654.217143435919,-0.0343979964397088,0.0195395963342097,969449266.8993142,-0.1046840565604356,0,1,0.6666666666666666,45,2
BNB,2025-02-03,616.6428289864358,-0.0591493469924443,0.0219373229150403,975686475.5299855,-0.156105642081343,0,1,0.6666666666666666,45,2
BNB,2025-02-04,616.4068055452193,-0.0003828287807549,0.0219216930569977,1076022599.5371463,-0.1564286472976795,0,0,0.0,45,2
BNB,2025-02-05,573.6042069760077,-0.0719675205826379,0.025112625103391,1120040558.2370036,-0.2150052977327231,1,1,0.6666666666666666,45,2
BNB,2025-02-06,569.5181048818762,-0.0071490503767671,0.0241318129430861,1099527681.7598078,-0.22059725200678,1,1,1.0,45,2
BNB,2025-02-07,572.2112608064776,0.004717687046633,0.0230689415515686,1087664714.250548,-0.2169115866865459,1,1,1.0,45,2
BNB,2025-02-08,578.4992668082035,0.010929018965467,0.0232744123271742,1066288768.1959203,-0.2083062603323302,1,1,1.0,45,2
BNB,2025-02-09,614.7094865407944,0.0607124973602792,0.0262214420213178,1074372815.0323305,-0.1587514796798815,1,1,1.0,45,2
BNB,2025-02-10,617.2838550746773,0.0041791983671516,0.0261232167962572,1117654812.177843,-0.1552283784958168,1,1,0.6666666666666666,45,2
BNB,2025-02-11,617.6277634766806,0.0005569765572332,0.0260916251090025,1142655513.4197474,-0.1547577294483473,1,1,0.6666666666666666,45,2
BNB,2025-02-12,643.374116169739,0.0408404327154837,0.0273433309413411,1181498246.4321935,-0.1195230672527803,1,0,0.3333333333333333,45,2
BNB,2025-02-13,698.0715219546765,0.0815951802652404,0.0313332676125418,1219543078.295323,-0.0446680134600256,0,0,0.3333333333333333,45,2
BNB,2025-02-14,669.9136528267184,-0.0411727367950614,0.0321042183340268,1368000636.77505,-0.0832029088177701,0,1,0.6666666666666666,45,2
BNB,2025-02-15,657.410706012491,-0.0188398812185955,0.031923826366431,1399318242.4497845,-0.1003135696053548,0,0,0.0,45,2
BNB,2025-02-16,661.9679162628277,0.0069081434196621,0.0319531041824699,1396304514.9300914,-0.0940768895738535,0,0,0.0,45,2
BNB,2025-02-17,674.7322746333247,0.0190988921183536,0.0319932305305389,1400058923.4795823,-0.0766084791667795,0,0,0.0,45,2
BNB,2025-02-18,667.1818129347955,-0.0112533901388903,0.031937744526514,1390059406.7777703,-0.0869415143170347,1,0,0.3333333333333333,45,2
BNB,2025-02-19,647.7337603591404,-0.0295828436008553,0.0315859212451669,1356195803.8543851,-0.1135567623498011,1,0,0.3333333333333333,45,2
BNB,2025-02-20,651.2699602601128,0.0054444934683258,0.031592978175303,1318104738.9029143,-0.1087173658553861,0,0,0.0,45,2
BNB,2025-02-21,657.2357183731672,0.0091184922566324,0.0313235155749361,1306352175.2104514,-0.1005530454811606,0,0,0.0,45,2
BNB,2025-02-22,646.8031724730836,-0.016000701440518,0.0314212779362645,1313402931.5565734,-0.1148303000115974,0,0,0.0,45,2
BNB,2025-02-23,668.785472644957,0.0334213074450673,0.0320766942490903,1306354524.5408008,-0.0847468575111635,0,0,0.0,45,2
BNB,2025-02-24,658.3040708334223,-0.0157964016986308,0.032107981936963,1296302547.4497151,-0.0990909728337583,0,0,0.0,45,2
BNB,2025-02-25,611.6538008061765,-0.0735005008172592,0.0346464417852844,1318233394.9211838,-0.1629332780075375,0,1,0.6666666666666666,45,2
BNB,2025-02-26,623.430675278815,0.0190711350421684,0.0344525403886603,1361506830.5339897,-0.1468162691748693,1,1,0.6666666666666666,45,2
BNB,2025-02-27,610.3578616799338,-0.0211921288949337,0.0342953057329995,1357961281.6014335,-0.1647068098892588,0,1,0.6666666666666666,45,2
BNB,2025-02-28,605.3106534011248,-0.0083036406993652,0.0340261248953135,1369072527.828926,-0.1716140670396066,0,0,0.0,45,2
BNB,2025-03-01,587.5469266891337,-0.0297856848988613,0.0342889378974046,1393222397.2344718,-0.1959242641961975,1,1,0.6666666666666666,45,2
BNB,2025-03-02,608.2885669828928,0.0346932680754364,0.0348776787169806,1404284163.6838646,-0.167538702254851,0,0,0.0,45,2
BNB,2025-03-03,623.6422270366194,0.0249274637116831,0.0352596736025002,1426412611.171842,-0.1465267541972731,0,0,0.3333333333333333,45,2
BNB,2025-03-04,574.3332822956445,-0.0823669908355381,0.0377447998898038,1455314294.4341784,-0.214007536111542,1,1,0.6666666666666666,45,2
BNB,2025-03-05,583.1532087181396,0.0152400865153239,0.0364409912356182,1460779694.0830705,-0.2019372000996316,0,0,0.3333333333333333,45,2
BNB,2025-03-06,597.848549405523,0.0248875144998452,0.0367669538721559,1359597590.776225,-0.1818261820015874,0,0,0.0,45,2
BNB,2025-03-07,595.9383138170398,-0.003200298608913,0.0342485293062766,1329110000.924899,-0.1844403971673847,0,0,0.0,45,2
BNB,2025-03-08,594.5528006856207,-0.0023276339320569,0.0342189438209388,1346673682.6543112,-0.1863365137837874,0,0,0.0,45,2
BNB,2025-03-09,593.0806975943264,-0.0024790540976703,0.0342203558216812,1330174359.003322,-0.1883511313786435,0,0,0.0,45,2
BNB,2025-03-10,554.7300039388367,-0.066848957384654,0.0363381568407606,1331628137.2348654,-0.240835215319635,1,1,0.6666666666666666,45,2
BNB,2025-03-11,532.5658810549988,-0.040774905765528,0.0350579740101038,1328196739.767985,-0.2711674876994667,1,0,0.3333333333333333,45,2
BNB,2025-03-12,552.6254279577566,0.0369738163331428,0.035849370437164,1323638251.785835,-0.2437153911892933,1,1,0.6666666666666666,45,2
BNB,2025-03-13,570.7207702766447,0.0322196447122975,0.0364398811192169,1324229783.7838862,-0.2189513680470536,1,1,0.6666666666666666,45,2
BNB,2025-03-14,578.7156213732173,0.0139111308537704,0.0356552876299757,1336178181.2187853,-0.2080101725678373,1,1,0.6666666666666666,45,2
BNB,2025-03-15,586.9702499764328,0.0141629349514488,0.0320467286336603,1282839942.9332955,-0.1967134637154577,1,0,0.3333333333333333,45,2
BNB,2025-03-16,618.7666348359702,0.0527540610323086,0.0330422812594193,1149245328.781961,-0.1531991495552195,1,0,0.3333333333333333,45,2
BNB,2025-03-17,602.0153495286127,-0.0274452555653033,0.0332245483284181,1116350124.0406022,-0.1761237900347015,1,1,0.6666666666666666,45,2
BNB,2025-03-18,630.4469540119447,0.0461460761173262,0.0343776837273095,1144770596.1803403,-0.1372142795657384,0,0,0.3333333333333333,45,2
BNB,2025-03-19,628.6214098323479,-0.0028998353247152,0.0341542581856741,1154444852.029035,-0.1397125919775201,0,0,0.0,45,2
BNB,2025-03-20,619.5659214134856,-0.0145100772487053,0.0341886594101609,1161617253.8789947,-0.1521053017045373,1,1,0.6666666666666666,45,2
BNB,2025-03-21,630.2183910262637,0.0170473056546455,0.0339727237221032,1177648402.6848743,-0.1375270749230805,1,1,0.6666666666666666,45,2
BNB,2025-03-22,634.6156759206938,0.0069531691554823,0.0339835752045973,1171120029.5837257,-0.1315092575770653,0,0,0.0,45,2
BNB,2025-03-23,626.1359464582463,-0.0134520665046361,0.034004801623603,1162387042.9451065,-0.1431140237620515,1,1,0.6666666666666666,45,2
BNB,2025-03-24,622.808568853935,-0.0053283159272457,0.0339048013397473,1146535158.8603284,-0.1476676406289802,0,0,0.0,45,2
BNB,2025-03-25,635.8154787603806,0.0206691950479275,0.0335328992427052,1147461182.8713126,-0.1298672911105278,0,1,0.6666666666666666,45,2
BNB,2025-03-26,630.3112214019164,-0.0086946938777644,0.033454822840552,1180240680.0325136,-0.1374000337469339,0,0,0.3333333333333333,45,2
BNB,2025-03-27,617.8855000907927,-0.019910534273736,0.0308003303155343,1166952982.829552,-0.1544050090983259,0,0,0.0,45,2
BNB,2025-03-28,637.6132125269871,0.0314286841850991,0.0311402626439194,1173470543.7574468,-0.1274070380898729,0,0,0.0,45,2
BNB,2025-03-29,619.5224559274657,-0.0287829006605539,0.0313547963733196,1160528574.9569654,-0.1521647855364936,0,0,0.3333333333333333,45,2
BNB,2025-03-30,604.0434442333641,-0.0253028259958867,0.0316713263046958,1152370900.854247,-0.1733482811043899,0,0,0.3333333333333333,45,2
BNB,2025-03-31,601.4706478405623,-0.004268386932831,0.0311846597707378,1122380077.628688,-0.1768692307658457,0,0,0.0,45,2
BNB,2025-04-01,605.503011770793,0.0066818010495512,0.0305470887357605,1125177344.0902567,-0.1713508187940569,0,0,0.3333333333333333,45,2
BNB,2025-04-02,611.0283776490112,0.0090838656869219,0.030233879799297,1133971875.7450182,-0.1637891885100743,0,0,0.3333333333333333,45,2
BNB,2025-04-03,589.8692678191657,-0.0352424703106967,0.0268818731966435,1128726544.3521268,-0.1927460701352729,0,0,0.3333333333333333,45,2
BNB,2025-04-04,592.4642522121785,0.0043896049902388,0.0267548316316454,1133030444.3619726,-0.189194755524593,0,0,0.3333333333333333,45,2
BNB,2025-04-05,597.7592047746326,0.0088974678872947,0.0264098658490475,1139438245.467376,-0.1819484528306226,0,0,0.0,45,2
BNB,2025-04-06,594.0888077893536,-0.0061591890070016,0.0264277295546851,1123198718.2450018,-0.1869715020928508,0,1,0.6666666666666666,45,2
BNB,2025-04-07,554.4379559214581,-0.069073907656315,0.0292773745171775,1112728806.015236,-0.2412348918625574,1,1,1.0,45,2
BNB,2025-04-08,554.1601019762941,-0.0005012708600788,0.029279250486181,1173551164.4547343,-0.2416151433884443,1,1,0.6666666666666666,45,2
BNB,2025-04-09,553.3962669418149,-0.0013793160818094,0.026618286760873,1178134331.5794246,-0.2426604747304743,1,1,1.0,45,2
BNB,2025-04-10,582.2597810033054,0.0508423856029419,0.0270406651101922,1178063530.5560987,-0.203159882943436,1,1,1.0,45,2
BNB,2025-04-11,577.2921769307156,-0.0085681964133336,0.0263352382312685,1148197449.9829795,-0.2099581993304486,1,1,0.6666666666666666,45,2
BNB,2025-04-12,586.1297244063287,0.0151926269430181,0.025827954641727,1130738980.6757154,-0.1978637483745092,0,0,0.0,45,2
BNB,2025-04-13,596.9496743252538,0.0182916744419824,0.0259163508399533,1085666450.210879,-0.1830563197297108,0,0,0.0,45,2
BNB,2025-04-14,583.6441112439634,-0.0225414137121191,0.0261405934488143,1073920397.0450392,-0.2012653851488089,1,0,0.3333333333333333,45,2
BNB,2025-04-15,584.5130373558429,0.0014876872913563,0.0241609403686564,1056743382.4482062,-0.2000762334895435,1,1,1.0,45,2
BNB,2025-04-16,579.7117342988385,-0.0082481156454035,0.0237110254943818,1041765423.8137116,-0.2066469619080082,1,1,1.0,45,2
BNB,2025-04-17,582.9884895445316,0.0056364725036656,0.0220108305805371,1003645721.6514456,-0.2021626232696007,1,1,1.0,45,2
BNB,2025-04-18,590.1449424870344,0.0122007292970473,0.0221759868084746,973954184.350604,-0.1923688010162629,1,1,0.6666666666666666,45,2
BNB,2025-04-19,591.7558249048697,0.0027259199076084,0.0220665288601182,951068645.2216592,-0.1901642597165352,1,1,1.0,45,2
BNB,2025-04-20,592.1191922418601,0.0006138609956931,0.0217917017544207,908429899.8373364,-0.1896669805281237,1,1,1.0,45,2
BNB,2025-04-21,592.9015532596577,0.0013204176119925,0.021735393346002,893639938.6647983,-0.1885962958177216,1,1,1.0,45,2
BNB,2025-04-22,596.742721454172,0.0064576976913267,0.0216859789441841,896928121.8056779,-0.1833395409917629,1,1,1.0,45,2
BNB,2025-04-23,617.6497009116878,0.034435401578906,0.0226444249261649,908912769.4769896,-0.1547277074051813,0,1,0.6666666666666666,45,2
BNB,2025-04-24,606.1742820090113,-0.0187539309504495,0.0225305592543532,911346853.8323044,-0.170432165174745,0,0,0.3333333333333333,45,2
BNB,2025-04-25,602.1970676660677,-0.0065827921294319,0.0225108903057473,884839510.8648628,-0.1758751032686819,0,0,0.0,45,2
BNB,2025-04-26,600.1913883958081,-0.0033361616545982,0.022245826402988,891108625.3109242,-0.1786199359990788,0,0,0.3333333333333333,45,2
BNB,2025-04-27,607.8085377229048,0.0126113422998329,0.021555428950451,843635863.511682,-0.1681956368125845,0,1,0.6666666666666666,45,2
BNB,2025-04-28,603.5371460135477,-0.007052337693518,0.0209674219981495,827398453.7594287,-0.1740411655279866,0,0,0.0,45,2
BNB,2025-04-29,606.1285517158251,0.004284505498239,0.0204685275266586,817069535.6187085,-0.170494748463793,0,1,0.6666666666666666,45,2
BNB,2025-04-30,600.5889575399475,-0.0091813254510282,0.0205243838626979,822121072.1692908,-0.1780758506033672,0,0,0.0,45,2
BNB,2025-05-01,599.6302002732988,-0.001597637338712,0.0204863882098793,813662257.3375713,-0.1793879389143077,0,1,0.6666666666666666,45,2
BNB,2025-05-02,599.5796914410877,-8.42368505962867e-05,0.020409432033596,777965432.2929,-0.1794570617785078,1,1,0.6666666666666666,45,2
BNB,2025-05-03,601.3244678537958,0.0029057733323255,0.0193389088169521,753432417.5051533,-0.177069282498022,1,1,0.6666666666666666,45,2
BNB,2025-05-04,599.2468842902798,-0.0034609948565971,0.0193395523905999,718704296.2895757,-0.1799125184280295,1,1,0.6666666666666666,45,2
BNB,2025-05-05,585.8899216562841,-0.0225417490236311,0.01971032182681,711507716.7043473,-0.1981919256892583,1,0,0.3333333333333333,45,2
BNB,2025-05-06,597.9661578698278,0.0204022352296835,0.0200488368947009,723486664.2336918,-0.1816652312618644,1,1,0.6666666666666666,45,2
BNB,2025-05-07,603.0175211984405,0.0084120928605691,0.0152253618610109,725225354.243281,-0.1747522878002172,1,1,1.0,45,2
BNB,2025-05-08,603.144369158166,0.0002103332250957,0.0152205953779892,671373532.1627027,-0.1745786925316209,1,1,1.0,45,2
BNB,2025-05-09,628.2798237375861,0.0408290601832687,0.0166978307488014,684136867.3669368,-0.1401800628773063,1,1,0.6666666666666666,45,2
BNB,2025-05-10,666.6606824091106,0.0592955480201071,0.0175605561530593,699604731.347838,-0.0876546971997216,0,0,0.3333333333333333,45,2
BNB,2025-05-11,662.3379085253329,-0.0065053328995302,0.0175115414766702,716482390.3983817,-0.0935705439745462,0,0,0.3333333333333333,45,2
BNB,2025-05-12,650.8664613901699,-0.0174713688138843,0.0178413491861182,736329852.4570326,-0.1092695662601667,0,0,0.0,45,2
BNB,2025-05-13,660.9533536861077,0.0153787753176462,0.0177657956578237,785898235.0934383,-0.0954653491391041,0,0,0.3333333333333333,45,2
BNB,2025-05-14,666.2402578411695,0.0079670849443327,0.0170902888601305,819914748.2965323,-0.088230060934023,0,0,0.0,45,2
BNB,2025-05-15,651.6490150180347,-0.0221442565402628,0.0177611811409764,843018314.0706457,-0.1081986179570634,0,0,0.0,45,2
BNB,2025-05-16,651.1362648113163,-0.0007871600042355,0.0176410368929824,868863071.2414619,-0.1089003321198349,0,0,0.3333333333333333,45,2
BNB,2025-05-17,647.3412018782846,-0.0058454210203733,0.0177258054139598,879177657.0260075,-0.1140939905012935,1,0,0.3333333333333333,45,2
BNB,2025-05-18,639.5979769763185,-0.0120336974275929,0.0178668083938394,884382446.1086819,-0.1246908279243524,1,0,0.3333333333333333,45,2
BNB,2025-05-19,649.3806686821907,0.01517927325516,0.0180119339085631,893575351.4464804,-0.1113029185094116,1,1,0.6666666666666666,45,2
BNB,2025-05-20,651.0389804540937,0.0025504269670223,0.0180061952435853,909100259.83432,-0.1090334687044423,1,1,0.6666666666666666,45,2
BNB,2025-05-21,650.951301036078,-0.0001346852113947,0.0180132855466995,920302710.5562264,-0.1091534606393046,1,0,0.3333333333333333,45,2
BNB,2025-05-22,674.7138326551593,0.0358538163434093,0.0189753130238442,952183080.4502618,-0.0766337175715594,0,0,0.3333333333333333,45,2
BNB,2025-05-23,686.0302393255067,0.0166330580461417,0.0182585409070648,967442310.709035,-0.0611468728502543,1,0,0.3333333333333333,45,2
BNB,2025-05-24,655.3681110510369,-0.0457246280276584,0.0199753597104249,971732392.6572744,-0.1031089225754323,1,1,0.6666666666666666,45,2
BNB,2025-05-25,667.9647953294073,0.0190383911690533,0.0201163854515618,968984788.5775948,-0.0858699792336728,1,1,1.0,45,2
BNB,2025-05-26,670.0121393931087,0.0030603601728672,0.0200757802708409,963205943.8060108,-0.0830681269735635,0,0,0.3333333333333333,45,2
BNB,2025-05-27,673.7837605333261,0.0056133986480299,0.0200088289666718,964311558.0139844,-0.0779065493944196,0,0,0.3333333333333333,45,2
BNB,2025-05-28,687.4363026293119,0.0200599451613014,0.0201307340460639,981987371.91699,-0.0592226327015317,0,0,0.3333333333333333,45,2
BNB,2025-05-29,687.631059296252,0.000283268549069,0.0201443559510221,991737508.1389188,-0.0589561023136441,0,0,0.3333333333333333,45,2
BNB,2025-05-30,675.4110812815895,-0.0179309282687724,0.0204064873215976,998942153.3708818,-0.0756795117424279,0,0,0.3333333333333333,45,2
BNB,2025-05-31,656.2031380761879,-0.028851112097373,0.0212495162075872,1005805183.6153392,-0.1019661628414177,1,1,1.0,45,2
BNB,2025-06-01,658.5726942750157,0.0036045061158768,0.0212416936359436,1005910476.5004292,-0.0987233535311258,0,0,0.3333333333333333,45,2
BNB,2025-06-02,661.3452261434389,0.0042010732686289,0.0212425423528123,1002724596.0855106,-0.0949290598315496,0,0,0.3333333333333333,45,2
BNB,2025-06-03,666.0561104906627,0.0070979348827268,0.0212163207299721,1008270853.90499,-0.08848207215156,0,0,0.3333333333333333,45,2
BNB,2025-06-04,661.17332497159,-0.0073578952026363,0.0207490449167857,1014123228.2528903,-0.0951643117832854,0,0,0.3333333333333333,45,2
BNB,2025-06-05,663.70338541173,0.0038193191801952,0.020517421836421,1009904532.8026772,-0.0917018475653251,1,0,0.3333333333333333,45,2
BNB,2025-06-06,634.1479715861758,-0.0455530200808896,0.0223533187518299,1017566434.6910182,-0.1321493251016039,1,1,0.6666666666666666,45,2
BNB,2025-06-07,643.7566841456504,0.0150385141887083,0.0224833110007304,1021252904.537821,-0.1189995114094039,1,1,1.0,45,2
BNB,2025-06-08,650.7937997932994,0.0108720131826495,0.0213435730376958,992886101.293846,-0.1093690058526731,1,1,0.6666666666666666,45,2
BNB,2025-06-09,652.274428548494,0.0022725278081407,0.0183129419681523,944897028.4274366,-0.1073427206289648,1,1,0.6666666666666666,45,2
BNB,2025-06-10,666.3374143222443,0.0213307943054684,0.0187109511412591,917271037.7229842,-0.0880970993517907,0,0,0.3333333333333333,45,2
BNB,2025-06-11,673.4760595844963,0.0106562785855125,0.018498403787238,908233398.3410888,-0.0783276474473565,0,0,0.0,45,2
BNB,2025-06-12,667.7388930109494,-0.0085552305471673,0.0183787869799372,873504763.3597248,-0.0861791333874651,0,0,0.0,45,2
BNB,2025-06-13,656.4804964003403,-0.0170042335493779,0.0185857770918117,850844127.2187107,-0.1015865895878721,0,0,0.0,45,2
BNB,2025-06-14,654.9095462616511,-0.0023958560596579,0.0181367441906957,846434734.0258614,-0.1037364823560898,0,0,0.0,45,2
BNB,2025-06-15,645.8086677048335,-0.0139938488993254,0.0183200397509684,821713121.4407665,-0.1161913098594357,0,0,0.3333333333333333,45,2
BNB,2025-06-16,648.2042600997396,0.003702582996228,0.0183028382390502,803138194.1177294,-0.1129128692275111,0,0,0.3333333333333333,45,2
BNB,2025-06-17,651.4813571171453,0.0050429179472093,0.0181793808261342,803057816.7444534,-0.1084280628641802,0,0,0.3333333333333333,45,2
BNB,2025-06-18,648.799470473488,-0.0041250941946606,0.017986664025692,805828253.8447533,-0.1120983058326743,0,0,0.3333333333333333,45,2
BNB,2025-06-19,643.7728727892951,-0.0077777047447066,0.0180343524813158,805163345.0714345,-0.1189773567610533,0,0,0.3333333333333333,45,2
BNB,2025-06-20,644.3626647131019,0.0009157296695114,0.0180358530030068,797378709.9738503,-0.1181702086788082,0,1,0.6666666666666666,45,2
BNB,2025-06-21,641.4660754156638,-0.004505412123399,0.0166987536928201,764088023.2630361,-0.1221342787213213,1,1,1.0,45,2
BNB,2025-06-22,626.5687672231079,-0.0234977670037816,0.0167879399199024,734865895.3396693,-0.14252169545742,1,1,0.6666666666666666,45,2
BNB,2025-06-23,615.9200839908369,-0.0171413110993036,0.0149963511629172,732679208.2322396,-0.1570947404626577,1,1,1.0,45,2
BNB,2025-06-24,640.2543180324582,0.0387482480118631,0.0163257944228958,743501721.0265659,-0.1237926053421535,1,1,0.6666666666666666,45,2
BNB,2025-06-25,643.4133640920619,0.0049219162887475,0.0163469047590108,735916696.5446508,-0.119469355284277,1,1,1.0,45,2
BNB,2025-06-26,645.8665732235779,0.0038055538152352,0.0163236642416585,741285771.9537994,-0.1161120644060489,1,1,1.0,45,2
BNB,2025-06-27,642.4572030728536,-0.0052927349046126,0.0158223572578453,726149101.5328506,-0.1207778905520881,1,1,1.0,45,2
BNB,2025-06-28,645.9995550778237,0.0054986105008562,0.0158797618882123,715546831.5929544,-0.1159300747173209,1,1,1.0,45,2
BNB,2025-06-29,648.766805209224,0.0042745230796398,0.0156311025575075,693905206.6625272,-0.1121430092345733,1,1,1.0,45,2
BNB,2025-06-30,655.0764136195659,0.0096785527173869,0.0148565509865753,677204198.2661471,-0.1035081193309388,0,1,0.6666666666666666,45,2
BNB,2025-07-01,657.0109566115938,0.002948804230158,0.014851459509998,680711370.9034312,-0.1008606387483675,0,0,0.3333333333333333,45,2
BNB,2025-07-02,646.1777891600059,-0.016626013739779,0.01512867738725,682971464.2975025,-0.1156861559862954,1,1,0.6666666666666666,45,2
BNB,2025-07-03,660.0254823640146,0.0212037625818329,0.015593803069259,689898151.9398253,-0.0967351691009707,1,0,0.3333333333333333,45,2
BNB,2025-07-04,663.0154690088326,0.0045198778344547,0.0155592575308724,689764223.8828597,-0.092643281964358,0,0,0.3333333333333333,45,2
BNB,2025-07-05,653.1616270479346,-0.0149737084806528,0.0157807853032727,691437945.9202837,-0.1061285626547896,1,1,0.6666666666666666,45,2
BNB,2025-07-06,655.9253698398683,0.0042224037129128,0.0133070584978122,668661414.4408566,-0.1023462970721594,1,1,0.6666666666666666,45,2
BNB,2025-07-07,663.0185149322261,0.0107558988029311,0.0131749730625505,659780364.8307664,-0.0926391135260893,1,1,0.6666666666666666,45,2
BNB,2025-07-08,661.2876967099644,-0.0026139259825953,0.0130554432614074,665868274.592273,-0.0950077906008723,1,1,1.0,45,2
BNB,2025-07-09,660.7042150664093,-0.000882731091235,0.0130536573523711,678604887.0139745,-0.0958063028737784,1,1,1.0,45,2
BNB,2025-07-10,669.2613994307441,0.0128684566846876,0.0126722514533683,675966205.9574168,-0.0840955373134273,1,1,1.0,45,2
BNB,2025-07-11,685.1054482111715,0.0233980500111574,0.0132375824724737,683379637.9132658,-0.0624124774546629,1,1,1.0,45,2
BNB,2025-07-12,689.8418420972016,0.0068895915565536,0.0131705905007927,716149718.4966937,-0.0559305791994427,1,1,1.0,45,2
BNB,2025-07-13,685.4703165458919,-0.0063571608034029,0.0128046935625627,723203479.0967635,-0.0619131441054698,1,1,1.0,45,2
BNB,2025-07-14,692.0429275667424,0.0095427915872273,0.0128667250834313,714403473.8989052,-0.0529183271765086,1,1,1.0,45,2
BNB,2025-07-15,689.3152771073793,-0.0039492348838594,0.0125677475156176,761293568.8936093,-0.0566511993106324,1,1,1.0,45,2
BNB,2025-07-16,689.863427315096,0.000794893707134,0.012566758069166,800155529.9747472,-0.0559010391760462,1,1,1.0,45,2
BNB,2025-07-17,708.5580809732663,0.026738386577221,0.0133436133704126,835034124.1188291,-0.0303168403436289,1,1,1.0,45,2
BNB,2025-07-18,722.3981283678474,0.0193443780963761,0.0136089900546012,876395656.1943692,-0.0113763169797048,1,1,1.0,45,2
BNB,2025-07-19,729.5149107763856,0.009803396228342,0.0134808957224862,963609397.3278308,-0.0016367850516814,1,1,0.6666666666666666,45,2
BNB,2025-07-20,732.9272514055848,0.0046666417450736,0.0134670810422491,993794262.6259774,0.0,1,1,1.0,45,2
BNB,2025-07-21,758.1392224608369,0.0338205903497066,0.0143899187830601,1034867148.0469884,0.0,1,1,1.0,45,2
BNB,2025-07-22,766.3958790528078,0.010831810053798,0.0133241627876015,1099754155.20171,0.0,1,1,0.6666666666666666,45,2
BNB,2025-07-23,786.4807204757146,0.0258693595111669,0.0129782256010646,1149506984.295635,0.0,1,1,1.0,45,2
BNB,2025-07-24,776.2226902262614,-0.0131287581788768,0.0121927786074262,1263253302.026443,-0.0130429519534165,1,1,1.0,45,2
BNB,2025-07-25,771.2312622168195,-0.0064511713741045,0.012415706341224,1331170289.823953,-0.0193894877037434,1,1,1.0,45,2
BNB,2025-07-26,784.7856013546323,0.0174222816034785,0.0125790266311752,1372732116.5491326,-0.0021553219003983,1,1,0.6666666666666666,45,2
BNB,2025-07-27,794.2867236239222,0.0120339477529699,0.012415903228135,1381674736.418149,0.0,0,1,0.6666666666666666,45,2
BNB,2025-07-28,843.449638843771,0.0600556862789217,0.0157306220838302,1440007802.051832,0.0,0,0,0.0,45,2
BNB,2025-07-29,822.2765976915088,-0.025423363220065,0.0169205341981489,1528848700.803582,-0.0251029109233919,0,0,0.0,45,2
BNB,2025-07-30,805.1438193193468,-0.0210559129961394,0.0177206598136469,1585783479.1423647,-0.0454156570354753,0,0,0.0,45,2
BNB,2025-07-31,793.8734614175534,-0.0140968389458851,0.0181196894714216,1626920577.6658158,-0.0587778749827652,0,0,0.0,45,2
BNB,2025-08-01,783.0023910772859,-0.0137883303301897,0.0180028728402002,1662946581.8198614,-0.0716666947055051,0,0,0.0,45,2
BNB,2025-08-02,756.4574114847068,-0.0344895148626217,0.0192520808474972,1710581978.52589,-0.1031386147468343,1,1,0.6666666666666666,45,2
BNB,2025-08-03,736.6587769385911,-0.0265214391138459,0.0200702876448383,1718077612.336614,-0.1266120192446491,1,1,0.6666666666666666,45,2
BNB,2025-08-04,751.4001548118117,0.0198135434227803,0.0199701804942251,1724985883.8170252,-0.109134534882419,1,1,1.0,45,2
BNB,2025-08-05,768.5544340737234,0.0225730528850545,0.0202352649249538,1747507938.4181757,-0.0887962971597408,1,1,1.0,45,2
BNB,2025-08-06,754.7878000846929,-0.0180747418021283,0.0206467729951076,1762231149.6621473,-0.1051181181138671,1,0,0.3333333333333333,45,2
BNB,2025-08-07,769.8555506826906,0.019766250479385,0.0207913684569524,1773675961.8784516,-0.0872536838855793,1,1,1.0,45,2
BNB,2025-08-08,787.1948285374559,0.0222728755439415,0.0209917168767941,1788084096.7669542,-0.0666961104914705,1,1,0.6666666666666666,45,2
BNB,2025-08-09,793.1777287850201,0.0075715422952016,0.0209527927308103,1806287985.67444,-0.0596027406303301,1,1,1.0,45,2
BNB,2025-08-10,799.1991047067497,0.0075627885244574,0.0206883829541733,1805213904.6601832,-0.0524637537312617,1,1,1.0,45,2
BNB,2025-08-11,804.8956334719561,0.0071025140557121,0.020689042307971,1776783921.0490022,-0.0457099079734814,1,1,1.0,45,2
BNB,2025-08-12,806.8312185132748,0.002401878419374,0.0205827041303916,1802666911.130388,-0.0434150643311602,1,1,0.6666666666666666,45,2
BNB,2025-08-13,834.446637547768,0.0336542960661997,0.0212098910599438,1838575317.8806832,-0.0106740235354711,1,1,0.6666666666666666,45,2
BNB,2025-08-14,849.5528663342336,0.0179413758320009,0.0212239039355007,1854346928.354345,0.0,0,0,0.3333333333333333,45,2
BNB,2025-08-15,842.2643191559952,-0.0086162882523735,0.0213872032085985,1926000459.878661,-0.0085792744243075,0,1,0.6666666666666666,45,2
BNB,2025-08-16,827.2916811192079,-0.0179365525307191,0.0214955383179843,1982725159.800987,-0.0262034136981743,1,1,0.6666666666666666,45,2
BNB,2025-08-17,839.0566611983465,0.0141209077051824,0.0213976491531614,1950560489.854253,-0.0123549758370865,0,0,0.3333333333333333,45,2
BNB,2025-08-18,856.9424560582937,0.0210925321614846,0.0215836748012059,1877733304.914872,0.0,1,0,0.3333333333333333,45,2
BNB,2025-08-19,848.2298792758197,-0.0102190874468433,0.0217706113861437,1886680718.7455745,-0.0101670499820367,1,1,0.6666666666666666,45,2
BNB,2025-08-20,823.4566682430556,-0.0296407538863515,0.0219430759943873,1879301887.5384257,-0.0390758884432728,1,1,1.0,45,2
BNB,2025-08-21,870.0388548973078,0.0550269422322855,0.0239002893040935,1871177043.880964,0.0,0,0,0.3333333333333333,45,2
BNB,2025-08-22,838.3671602294102,-0.0370817282269385,0.0246852863386966,1843306509.0959315,-0.0364026209744804,1,1,0.6666666666666666,45,2
BNB,2025-08-23,899.0447590707095,0.0698766776266941,0.0274167853645185,1775756070.966195,0.0,0,0,0.3333333333333333,45,2
BNB,2025-08-24,880.2145462822662,-0.0211671405019106,0.0277563580321849,1736968812.7551837,-0.0209446889028161,0,0,0.3333333333333333,45,2
BNB,2025-08-25,876.0729413672346,-0.0047163264798238,0.0276925852623845,1729930829.4378357,-0.0255513615664913,0,0,0.0,45,2
BNB,2025-08-26,840.2868104582814,-0.0417060792894875,0.0288468287809811,1758152300.794311,-0.0653559770184999,1,1,0.6666666666666666,45,2
BNB,2025-08-27,864.1213024474413,0.027969880719213,0.0271609409062287,1735112551.573278,-0.038845070026732,0,0,0.3333333333333333,45,2
BNB,2025-08-28,856.0552312979237,-0.0093782586960598,0.0267819467484863,1677228065.664744,-0.0478168938076248,0,0,0.0,45,2
BNB,2025-08-29,874.7487534677291,0.0216018096267696,0.0266840067803142,1661708467.2165835,-0.0270242447418232,0,1,0.6666666666666666,45,2
BNB,2025-08-30,863.6575485254209,-0.0127603718703758,0.0266559881264472,1648434774.018867,-0.0393608996529452,0,0,0.3333333333333333,45,2
BNB,2025-08-31,861.923469050824,-0.0020098506423848,0.0264893269654373,1617427213.6825483,-0.0412897018144631,0,0,0.0,45,2
BNB,2025-09-01,857.819601972643,-0.0047726604482351,0.0255710068607921,1568586701.040002,-0.0458543989964176,0,0,0.0,45,2
BNB,2025-09-02,845.916487927506,-0.0139731825703377,0.0251504683154856,1592265838.965513,-0.0590941336425998,1,1,0.6666666666666666,45,2
BNB,2025-09-03,851.6937445280856,0.0068063667307272,0.0249909423415812,1608246076.2875202,-0.0526681392276485,1,1,1.0,45,2
BNB,2025-09-04,855.1110256828161,0.0040043076754477,0.024748364036384,1602110022.4778745,-0.0488671258517819,1,1,1.0,45,2
BNB,2025-09-05,843.6735934362805,-0.0134656329472337,0.0246234334368361,1599209643.9844208,-0.0615888865106815,1,1,0.6666666666666666,45,2
BNB,2025-09-06,849.7184902459278,0.0071394245246225,0.0244468165943777,1599112926.0072603,-0.0548651981195768,1,1,1.0,45,2
BNB,2025-09-07,861.6639369838142,0.0139602236753797,0.024270714862991,1590754415.600386,-0.0415783771717146,1,1,1.0,45,2
BNB,2025-09-08,881.3845363246559,0.0226286774483202,0.0245226131366236,1581933121.777995,-0.0196433187200912,1,1,0.6666666666666666,45,2
BNB,2025-09-09,878.2339242329539,-0.0035810211465745,0.0245435749565683,1585234642.27537,-0.0231477183174578,1,1,1.0,45,2
BNB,2025-09-10,879.833817211316,0.0018200589002334,0.0245331386655478,1585441757.457476,-0.021368170678455,1,1,1.0,45,2
BNB,2025-09-11,893.578793274879,0.0155014701251849,0.0246390749302696,1584784147.199665,-0.0060797482446595,1,1,1.0,45,2
BNB,2025-09-12,902.876846974473,0.0103516463419337,0.0240118687192501,1563274039.4743712,0.0,1,1,1.0,45,2
BNB,2025-09-13,925.1660418381476,0.0243870640652424,0.0241818595170259,1538095389.983806,0.0,1,1,0.6666666666666666,45,2
BNB,2025-09-14,933.8971704994946,0.0093931102496247,0.024111034309365,1470817536.4320369,0.0,1,1,1.0,45,2
BNB,2025-09-15,926.8412817390542,-0.0075840025463415,0.0238673535564853,1398757427.7086656,-0.0075553165630285,1,1,1.0,45,2
BNB,2025-09-16,919.2250351484704,-0.0082513718316923,0.0238828589301732,1404667546.840409,-0.0157106540361148,1,1,1.0,45,2
BNB,2025-09-17,955.3487499241552,0.0385454950193749,0.024541217231486,1427568248.6444678,0.0,1,1,1.0,45,2
BNB,2025-09-18,991.3973181432297,0.0370389234777641,0.0251316506741977,1452628905.967335,0.0,1,1,1.0,45,2
BNB,2025-09-19,982.076570691383,-0.0094461009198939,0.024426865498576,1483860265.1969502,-0.0094016266548948,1,1,1.0,45,2
BNB,2025-09-20,982.6879738189484,0.0006223678547222,0.0226031454701294,1483364555.707084,-0.008784918180526,1,1,1.0,45,2
BNB,2025-09-21,1042.406078066426,0.0589952092356609,0.0233666445552821,1510302509.3687856,0.0,0,0,0.3333333333333333,45,2
BNB,2025-09-22,1048.564985104853,0.0058909709065008,0.0201534516922009,1531950785.351056,0.0,0,1,0.6666666666666666,45,2
BNB,2025-09-23,992.3881905006706,-0.0550634757310191,0.0224928944877477,1607351090.3774784,-0.0535749289764475,0,0,0.3333333333333333,45,2
BNB,2025-09-24,1017.4645009307636,0.024954676380021,0.0227473824209618,1642665088.4093294,-0.0296600445522022,0,0,0.3333333333333333,45,2
BNB,2025-09-25,1018.067792712729,0.0005927607255496,0.0209969270975971,1667648171.3019004,-0.0290846946306091,1,1,0.6666666666666666,45,2
BNB,2025-09-26,944.4003758447784,-0.0751115857302456,0.0253318549613766,1729259827.0795748,-0.099340156060674,1,0,0.3333333333333333,45,2
BNB,2025-09-27,960.6805874196078,0.0170917753243794,0.0253482210783664,1768900400.1560795,-0.0838139733194094,1,1,1.0,45,2
BNB,2025-09-28,968.6806715896132,0.0082930347882705,0.0251423365806057,1766090781.2046907,-0.0761844183717917,1,1,1.0,45,2
BNB,2025-09-29,993.2079048442276,0.0250049992715784,0.0252505086564107,1750475052.7083883,-0.052793180248232,1,0,0.3333333333333333,45,2
BNB,2025-09-30,1030.030963111487,0.0364041294776085,0.0258671443217717,1797276844.116367,-0.0176756064303564,1,1,1.0,45,2
BNB,2025-10-01,1008.9225311714104,-0.0207059024672344,0.0262553262411788,1834816990.753152,-0.0378063872974724,1,0,0.3333333333333333,45,2
BNB,2025-10-02,1025.8187850123247,0.0166081477581627,0.0260699011727898,1844615433.8031588,-0.0216926946976525,1,1,0.6666666666666666,45,2
BNB,2025-10-03,1090.3115640663682,0.0609723856360532,0.0279079474490239,1889536289.9932256,0.0,1,0,0.3333333333333333,45,2
BNB,2025-10-04,1190.0540938314143,0.0875352691015053,0.031417725005178,2024200087.6440723,0.0,1,0,0.3333333333333333,45,2
BNB,2025-10-05,1149.536376093483,-0.0346400532266902,0.0322144590834377,2051328500.4798927,-0.0340469546283255,1,0,0.3333333333333333,45,2
BNB,2025-10-06,1165.4778023162069,0.0137724238157662,0.0322146988081791,2099609608.0178747,-0.0206514070600634,0,0,0.0,45,2
BNB,2025-10-07,1224.574210222444,0.0494620664031003,0.032987746936784,2214386530.584085,0.0,0,0,0.3333333333333333,45,2
BNB,2025-10-08,1311.712914691701,0.0687406514731635,0.0345510065324301,2508277670.442198,0.0,0,0,0.0,45,2
BNB,2025-10-09,1306.4812320510532,-0.0039964107399891,0.0345580679800382,2655883084.8456936,-0.0039884357179462,0,0,0.0,45,2
BNB,2025-10-10,1255.8786646242372,-0.0395019820358941,0.035829033959881,2844408710.0875325,-0.0425659070991053,0,0,0.3333333333333333,45,2
BNB,2025-10-11,1110.8141755974673,-0.1227422208008945,0.0434288382933598,3073847536.9719706,-0.1531575521168456,1,0,0.3333333333333333,45,2
BNB,2025-10-12,1138.124682344206,0.0242886544151591,0.043537526741596,3263496116.2212896,-0.1323370612603097,1,0,0.3333333333333333,45,2
BNB,2025-10-13,1298.790800597507,0.1320517858246482,0.049047666697009,3512114082.260428,-0.0098513279464287,0,0,0.0,45,2
BNB,2025-10-14,1293.0722313476615,-0.0044127166125093,0.0491309415371954,3772779283.253008,-0.0142109474834443,0,0,0.0,45,2
BNB,2025-10-15,1212.283351974494,-0.0645153125267254,0.0509338211155496,4024847999.333499,-0.0758013141469879,0,0,0.0,45,2
BNB,2025-10-16,1161.734804798178,-0.0425912397630018,0.0517136097331195,4135186400.159238,-0.1143376025452742,0,0,0.3333333333333333,45,2
BNB,2025-10-17,1143.731369922843,-0.0156183604347377,0.0515485943533361,4218244720.7416096,-0.1280627360510051,0,0,0.3333333333333333,45,2
BNB,2025-10-18,1071.5486432574182,-0.0651911166347167,0.0527899849538077,4319447058.422276,-0.1830920994558705,0,0,0.3333333333333333,45,2
BNB,2025-10-19,1092.456873698318,0.0193242400846066,0.0528250798673111,4315795961.174379,-0.1671524603727148,1,1,0.6666666666666666,45,2
BNB,2025-10-20,1109.7463758132928,0.0157023266252985,0.0528679863415648,4324377866.5003,-0.1539716020299132,0,1,0.6666666666666666,45,2
BNB,2025-10-21,1100.594219041398,-0.0082812658802279,0.0518746285009308,4339114850.436389,-0.160948858005201,1,0,0.3333333333333333,45,2
BNB,2025-10-22,1057.8502060144851,-0.0396114918823773,0.0524136274181063,4347761886.119543,-0.1935352666226378,1,0,0.3333333333333333,45,2
BNB,2025-10-23,1071.3354220022431,0.0126671870474574,0.0513957632457087,4309331171.171442,-0.1832546512252302,1,0,0.3333333333333333,45,2
BNB,2025-10-24,1127.358071433892,0.050970977234016,0.0520027149680116,4367202021.411303,-0.1405451156216898,0,0,0.0,45,2
BNB,2025-10-25,1109.178393744721,-0.0162573500410362,0.052125143771962,4359732354.084836,-0.1544046099405697,0,0,0.3333333333333333,45,2
BNB,2025-10-26,1116.6415202338756,0.0067059822858564,0.0500022235120974,4285269996.169441,-0.1487150063653021,0,0,0.0,45,2
BNB,2025-10-27,1136.879092448019,0.0179613322963865,0.0500093756626026,4258424049.8044286,-0.133286651587763,0,0,0.3333333333333333,45,2
BNB,2025-10-28,1140.4846092726004,0.003166397913771,0.0500086622296157,4312943457.995509,-0.1305379427931798,0,0,0.0,45,2
BNB,2025-10-29,1103.595300080196,-0.032879963296741,0.0503434233062042,4379923438.814038,-0.1586609480477822,0,0,0.3333333333333333,45,2
BNB,2025-10-30,1106.7871126244677,0.0028880204116821,0.0499587638664547,4412023570.176341,-0.1562276316501755,0,0,0.0,45,2
BNB,2025-10-31,1078.7188521029816,-0.0256872361126655,0.0500463940454751,4453962146.752666,-0.1776258051431026,0,0,0.0,45,2
BNB,2025-11-01,1088.7331766998475,0.009240708190561,0.0499914511261044,4493004203.648452,-0.1699912652337204,0,0,0.0,45,2
BNB,2025-11-02,1094.4541628666802,0.0052409604602607,0.0487437597008912,4438592865.632318,-0.165629803131186,0,0,0.0,45,2
BNB,2025-11-03,1083.698416513334,-0.0098761068247146,0.0458806966528691,4309671628.842579,-0.1738295747678587,0,0,0.3333333333333333,45,2
BNB,2025-11-04,992.195531851008,-0.0882147331601622,0.0481370056771427,4381799454.339285,-0.2435878912694786,0,0,0.0,45,2
BNB,2025-11-05,938.891751599157,-0.0552200045314013,0.0488565299617712,4453672979.615235,-0.2842246644954091,1,0,0.3333333333333333,45,2
BNB,2025-11-06,959.970145877664,0.0222019938833536,0.0480124386690588,4400077278.729767,-0.2681552989792046,1,1,0.6666666666666666,45,2
BNB,2025-11-07,948.6793778409456,-0.0118312970532551,0.0457660010547056,4140761164.767333,-0.2767629507833893,1,0,0.3333333333333333,45,2
BNB,2025-11-08,990.5899790534176,0.0432298151846639,0.0468084594393666,4042949247.2542224,-0.2448119036121243,0,0,0.3333333333333333,45,2
BNB,2025-11-09,989.886240398806,-0.0007106762275847,0.0464779043740455,3881693256.456166,-0.2453484071768369,0,0,0.3333333333333333,45,2
BNB,2025-11-10,996.308790029525,0.0064672118472558,0.0411538203059545,3649483295.63429,-0.2404520997922072,0,0,0.0,45,2
BNB,2025-11-11,991.3653787289568,-0.0049740763053827,0.0408147601113684,3479011656.3367834,-0.2442207684126043,0,0,0.0,45,2
BNB,2025-11-12,957.149279725558,-0.035123796917663,0.0319672759139013,3234754844.320288,-0.2703058199663132,0,1,0.6666666666666666,45,2
BNB,2025-11-13,952.917011591862,-0.0044315478255979,0.0319671590629664,2971005050.392323,-0.2735323401036794,0,0,0.3333333333333333,45,2
BNB,2025-11-14,927.1219876913324,-0.0274426676710149,0.0304758608146376,2747622391.335667,-0.2931974845202779,1,0,0.3333333333333333,45,2
BNB,2025-11-15,917.7022398201406,-0.0102121704548285,0.0298090347722262,2686825259.720697,-0.3003787417646695,0,0,0.3333333333333333,45,2
BNB,2025-11-16,931.9743286141038,0.0154322893899486,0.0300682968255667,2579803262.393361,-0.2894982444896101,0,0,0.0,45,2
BNB,2025-11-17,928.5079796470696,-0.0037262950177762,0.0279753729039205,2460726394.186724,-0.2921408570065791,0,0,0.3333333333333333,45,2
BNB,2025-11-18,906.71978118311,-0.0237455237896753,0.0278005255530048,2490021651.235308,-0.3087513502173444,0,0,0.3333333333333333,45,2
BNB,2025-11-19,932.0597430569884,0.0275634635303054,0.0282043375033757,2508472196.315498,-0.2894331277693827,0,0,0.3333333333333333,45,2
BNB,2025-11-20,894.7896141305321,-0.0408082919921616,0.0289185238490197,2489044351.9351225,-0.3178464554945398,0,0,0.3333333333333333,45,2
BNB,2025-11-21,866.7212975475668,-0.0318711536448517,0.028649895023313,2461580456.8738084,-0.3392446717266049,0,0,0.0,45,2
BNB,2025-11-22,831.1648478578168,-0.0418893209310324,0.0291097406606041,2524914381.3655324,-0.3663515556274217,1,0,0.3333333333333333,45,2
BNB,2025-11-23,833.4782529297297,0.0027794625288173,0.0269678590435335,2420895223.491959,-0.3645879036529676,1,1,1.0,45,2
BNB,2025-11-24,843.0327408998495,0.011398185215873,0.0272204686836027,2388932689.0317287,-0.3573039256856047,1,1,1.0,45,2
BNB,2025-11-25,864.3540154398011,0.0249766291756017,0.0277858755084724,2418434374.399791,-0.3410493975025359,1,0,0.3333333333333333,45,2
BNB,2025-11-26,861.9171451304046,-0.0028232782702135,0.0273582191776475,2413041223.891177,-0.3429071746747376,1,0,0.3333333333333333,45,2
BNB,2025-11-27,891.7232823713881,0.0339967161889526,0.0283991575263751,2354132033.056863,-0.3201841101175902,0,0,0.3333333333333333,45,2
BNB,2025-11-28,895.3979231885241,0.0041123634864309,0.0280921277003548,2295676881.731522,-0.3173827038220673,0,0,0.3333333333333333,45,2
BNB,2025-11-29,887.5558493593282,-0.0087967781558248,0.028031692535566,2230550529.6366377,-0.3233612024259627,1,0,0.3333333333333333,45,2
BNB,2025-11-30,873.7626867754427,-0.0156626348679377,0.0278649189663176,2155854862.240877,-0.3338765845872548,1,1,1.0,45,2
BNB,2025-12-01,877.7990241108373,0.0046088521519204,0.0277844069206653,2083217174.7043824,-0.3307994346330338,1,0,0.3333333333333333,45,2
BNB,2025-12-02,827.4880333310571,-0.0590230195938948,0.0292334156382399,2134113933.451949,-0.3691546190764264,1,1,0.6666666666666666,45,2
BNB,2025-12-03,876.7469880502844,0.0578238077415528,0.0316981805190543,2166376644.965137,-0.3316014668832082,1,0,0.3333333333333333,45,2
BNB,2025-12-04,922.3452824680272,0.0507011927101996,0.0295054370661957,2105319779.3965936,-0.2968390627725037,0,0,0.3333333333333333,45,2
BNB,2025-12-05,900.2311130891073,-0.0242681236870184,0.0281038384065437,2008486515.804354,-0.3136980638017934,0,0,0.3333333333333333,45,2
BNB,2025-12-06,883.6707054897142,-0.0185670345417861,0.0279081394334396,1970211436.2036016,-0.3263230882365687,1,1,0.6666666666666666,45,2
BNB,2025-12-07,890.2442866831284,0.0074114163445964,0.0279136058792558,1937417598.8128445,-0.3213116401370742,0,0,0.3333333333333333,45,2
BNB,2025-12-08,892.8659344513236,0.0029405357292922,0.0265945777095601,1889734690.8092144,-0.3193129956632479,0,0,0.0,45,2
BNB,2025-12-09,897.4003709684328,0.0050656667110187,0.0266360632493984,1874562870.15116,-0.3158561138514416,0,0,0.0,45,2
BNB,2025-12-10,899.4035882994448,0.0022297570646463,0.026593851382168,1882561404.0494733,-0.3143289372043451,0,0,0.0,45,2
BNB,2025-12-11,894.4021116794611,-0.0055764005885702,0.0265952995934387,1882849168.7408755,-0.3181418726141937,0,0,0.0,45,2
BNB,2025-12-12,885.6320356392306,-0.0098539087213639,0.0259492341151522,1880786477.2767537,-0.3248278447823428,0,0,0.0,45,2
BNB,2025-12-13,882.1612967807799,-0.0039266392222019,0.0259481613008192,1869724318.6493907,-0.3274738039854405,0,0,0.3333333333333333,45,2
BNB,2025-12-14,897.3110444563038,0.0170276473163411,0.0257478220702046,1827964858.759364,-0.3159242129843604,0,0,0.3333333333333333,45,2
BNB,2025-12-15,878.3885175348196,-0.0213135641253843,0.0259623356545252,1766595427.2846437,-0.3303500272837734,0,0,0.3333333333333333,45,2
BTC,2024-12-20,97851.35377075804,-0.0015318528612333232,0.040547743033962975,9118911905.32381,0.0,1,1,0.6666666666666666,45,2
BTC,2024-12-21,97691.43431692652,-0.0016356470217972,0.040547743033962975,9118911905.32381,-0.0016343100802281,1,1,0.6666666666666666,45,2
BTC,2024-12-22,97202.82496847631,-0.005014107382431,0.040547743033962975,9118911905.32381,-0.0066276937138863,0,1,0.6666666666666666,45,2
BTC,2024-12-23,95094.27394862172,-0.0219310176123482,0.040547743033962975,9118911905.32381,-0.0281762051917594,0,1,0.6666666666666666,45,2
BTC,2024-12-24,94644.9108546432,-0.0047366487275402,0.040547743033962975,9118911905.32381,-0.0327685084830482,1,1,0.6666666666666666,45,2
BTC,2024-12-25,98695.714007826,0.0419094128912535,0.040547743033962975,9118911905.32381,0.0,0,0,0.3333333333333333,45,2
BTC,2024-12-26,99344.95417367227,0.0065566582631392,0.040547743033962975,9118911905.32381,0.0,0,0,0.0,45,2
BTC,2024-12-27,95678.31244565404,-0.0376065267561875,0.040547743033962975,9118911905.32381,-0.036908182791129,0,0,0.3333333333333333,45,2
BTC,2024-12-28,94331.94727053076,-0.0141717369421423,0.040547743033962975,9118911905.32381,-0.0504606091455627,1,1,1.0,45,2
BTC,2024-12-29,95184.61945288602,0.0089984527542689,0.040547743033962975,9118911905.32381,-0.0418776651052982,1,1,1.0,45,2
BTC,2024-12-30,93663.44751964069,-0.0161103564188694,0.040547743033962975,9118911905.32381,-0.0571896851862181,1,1,0.6666666666666666,45,2
BTC,2024-12-31,92627.28213113276,-0.0111242902517966,0.040547743033962975,9118911905.32381,-0.0676196601872286,1,1,1.0,45,2
BTC,2025-01-01,93507.85874741492,0.0094617618315371,0.040547743033962975,9118911905.32381,-0.0587558318870739,1,1,1.0,45,2
BTC,2025-01-02,94384.1761153871,0.0093279496672771,0.040547743033962975,9118911905.32381,-0.0499348769099321,1,1,1.0,45,2
BTC,2025-01-03,96852.14681235077,0.0258121227669662,0.040547743033962975,9118911905.32381,-0.0250924405980765,1,1,1.0,45,2
BTC,2025-01-04,98084.34279280754,0.0126421933033102,0.040547743033962975,9118911905.32381,-0.0126892341070585,0,0,0.3333333333333333,45,2
BTC,2025-01-05,98256.73876849932,0.0017560870972531,0.040547743033962975,9118911905.32381,-0.0109539071634234,0,0,0.3333333333333333,45,2
BTC,2025-01-06,98364.58946599838,0.0010970397696319,0.040547743033962975,9118911905.32381,-0.0098682888912511,0,0,0.3333333333333333,45,2
BTC,2025-01-07,102229.39453189744,0.0385383780029893,0.040547743033962975,9118911905.32381,0.0,0,0,0.3333333333333333,45,2
BTC,2025-01-08,96952.09886774956,-0.0530022237190522,0.040547743033962975,9118911905.32381,-0.0516220964460595,0,0,0.0,45,2
BTC,2025-01-09,95016.71440989176,-0.0201642131439737,0.040547743033962975,9118911905.32381,-0.0705538769453945,0,1,0.6666666666666666,45,2
BTC,2025-01-10,92376.275783461,-0.0281826271914363,0.040547743033962975,9118911905.32381,-0.0963824425797816,1,1,0.6666666666666666,45,2
BTC,2025-01-11,94736.6267420969,0.0252305013473358,0.040547743033962975,9118911905.32381,-0.0732936727651523,1,1,1.0,45,2
BTC,2025-01-12,94559.55167224212,-0.0018708789896102,0.040547743033962975,9118911905.32381,-0.0750258073499808,1,1,1.0,45,2
BTC,2025-01-13,94454.77089638809,-0.0011087073737421,0.040547743033962975,9118911905.32381,-0.0760507647639792,1,1,1.0,45,2
BTC,2025-01-14,94456.3493746993,1.671133291667632e-05,0.040547743033962975,9118911905.32381,-0.0760353242116953,1,1,1.0,45,2
BTC,2025-01-15,96574.07768799194,0.0221725418848691,0.040547743033962975,9118911905.32381,-0.0553198702760676,1,1,1.0,45,2
BTC,2025-01-16,100313.15239828422,0.0379864586702952,0.040547743033962975,9118911905.32381,-0.0187445317698259,1,0,0.3333333333333333,45,2
BTC,2025-01-17,100044.57926776377,-0.0026809376323999,0.040547743033962975,9118911905.32381,-0.021371693279979,1,1,0.6666666666666666,45,2
BTC,2025-01-18,104160.69358484232,0.0403189579490467,0.040547743033962975,49453135070.62466,0.0,0,0,0.3333333333333333,45,2
BTC,2025-01-19,104334.61575724394,0.0016683561207382,0.0227326873291947,47746631499.3543,0.0,0,0,0.3333333333333333,45,2
BTC,2025-01-20,101275.33714814208,-0.0297602752800573,0.0234619249931109,46434279821.9308,-0.0293217987807604,1,0,0.3333333333333333,45,2
BTC,2025-01-21,101764.90860170544,0.0048224173540823,0.0234407972548489,48670951172.84399,-0.0246294783077311,1,0,0.3333333333333333,45,2
BTC,2025-01-22,106182.2368201815,0.0424914977643439,0.0241574498737837,50361793604.59488,0.0,0,0,0.0,45,2
BTC,2025-01-23,103673.53509537788,-0.023909956982149,0.0246365707818401,50031556248.260025,-0.0236263785726427,0,0,0.3333333333333333,45,2
BTC,2025-01-24,104067.60991206949,0.0037939069736159,0.0235203155941327,51807760884.5617,-0.0199150721574373,0,0,0.0,45,2
BTC,2025-01-25,104835.19253555956,0.0073487389242155,0.0235263218404531,52389595434.77284,-0.0126861547181676,0,0,0.0,45,2
BTC,2025-01-26,104796.04077738234,-0.0003735298219993,0.0223277349576743,51645975520.6572,-0.0130548770143792,0,0,0.0,45,2
BTC,2025-01-27,102552.24874280208,-0.0216435797961071,0.0225666762839386,50950684773.07728,-0.0341863967654661,0,0,0.0,45,2
BTC,2025-01-28,101958.46953745594,-0.0058068435613527,0.0225879889976708,53309411202.387535,-0.0397784733983186,0,0,0.0,45,2
BTC,2025-01-29,101313.11264498268,-0.0063497224145832,0.0223831567441363,54033251612.8562,-0.0458562968817903,0,0,0.0,45,2
BTC,2025-01-30,103718.97939813643,0.0234692740908734,0.0225413598786961,53694259529.591545,-0.0231983945320022,0,0,0.0,45,2
BTC,2025-01-31,104781.5135100103,0.010192237871412,0.0225481136011505,53587429728.30123,-0.0131916914930253,0,0,0.0,45,2
BTC,2025-02-01,102382.39409722164,-0.0231625933427979,0.0230479085619703,54051190109.59646,-0.0357860489358013,0,0,0.0,45,2
BTC,2025-02-02,100674.78762544956,-0.0168193679500197,0.0228881845157793,53306871360.25867,-0.0518678957955909,0,0,0.0,45,2
BTC,2025-02-03,97568.31653024876,-0.031342582226907,0.0235355593235577,54108957639.72905,-0.0811239294621408,0,0,0.0,45,2
BTC,2025-02-04,101466.8606657039,0.0391794342640058,0.0246087838753323,57481788766.87092,-0.044408333217382,0,0,0.0,45,2
BTC,2025-02-05,98118.43921664466,-0.033556936885235,0.0254079006228697,59253002074.31311,-0.0759429999312671,0,0,0.3333333333333333,45,2
BTC,2025-02-06,96582.88682919052,-0.0157737418334678,0.0244790454485749,59344254460.89079,-0.0904044808101695,1,1,0.6666666666666666,45,2
BTC,2025-02-07,96635.41875332213,0.0005437572311544,0.0224958216605092,58805985235.85807,-0.0899097471738781,0,0,0.3333333333333333,45,2
BTC,2025-02-08,96558.4563096667,-0.0007967379680292,0.0221760651322669,58515560319.25408,-0.0906345618506094,1,0,0.3333333333333333,45,2
BTC,2025-02-09,96558.23762501092,-2.2647928702697534e-06,0.0215042798732324,57012559288.25688,-0.090636621372638,1,1,1.0,45,2
BTC,2025-02-10,96548.57865379583,-0.0001000376000109,0.021031504031494,55746674350.40005,-0.0907275873524887,1,1,1.0,45,2
BTC,2025-02-11,97399.98161383196,0.0087797344611831,0.0210776486522061,56387293157.90543,-0.0827092691710968,1,1,0.6666666666666666,45,2
BTC,2025-02-12,95739.9773707924,-0.0171900742755011,0.0213356830928867,56948814643.20641,-0.0983428091373979,1,0,0.3333333333333333,45,2
BTC,2025-02-13,97836.18856127484,0.0216585871835909,0.0216835488848919,55975057576.60239,-0.0786011719930198,0,0,0.3333333333333333,45,2
BTC,2025-02-14,96561.6639990985,-0.0131127253467956,0.0214609779839984,55236479032.664825,-0.0906043525658188,0,0,0.3333333333333333,45,2
BTC,2025-02-15,97488.48148536457,0.0095524229731673,0.0203230105331894,54391565272.84434,-0.0818757976396722,0,1,0.6666666666666666,45,2
BTC,2025-02-16,97569.95169430463,0.0008353416189137,0.0203228356244763,53193738900.213455,-0.081108529861371,1,1,0.6666666666666666,45,2
BTC,2025-02-17,96149.3484548204,-0.0146668783612464,0.0189139763394925,51343728142.43807,-0.0944874459779152,0,1,0.6666666666666666,45,2
BTC,2025-02-18,95776.15723852724,-0.0038889222699334,0.0188972509053263,50540659021.23644,-0.0980020754250717,1,1,1.0,45,2
BTC,2025-02-19,95495.89153299289,-0.0029305474366353,0.018202013623202,49385353003.26331,-0.1006415536836526,1,1,0.6666666666666666,45,2
BTC,2025-02-20,96554.87156259285,0.0110282380080227,0.0183166387737524,46303509647.280174,-0.0906683221779598,0,0,0.0,45,2
BTC,2025-02-21,98384.31738240314,0.0187699511890204,0.0167891533560993,43931208711.01071,-0.0734390202288171,0,0,0.0,45,2
BTC,2025-02-22,96135.15541305284,-0.0231263449257836,0.0167553392927578,43512768822.622574,-0.0946211127963266,0,0,0.3333333333333333,45,2
BTC,2025-02-23,96564.15414290236,0.0044525269922281,0.0167643216705204,40713075095.94106,-0.0905809009614975,0,1,0.6666666666666666,45,2
BTC,2025-02-24,96327.46309127836,-0.0024541364089616,0.0166610657037355,39553883696.34779,-0.0928100031043054,0,1,0.6666666666666666,45,2
BTC,2025-02-25,91396.76686930266,-0.0525433564056115,0.0189606859228512,40313848992.33674,-0.1392461714280692,0,1,0.6666666666666666,45,2
BTC,2025-02-26,88755.7693356979,-0.0293216715711531,0.0192488640709699,42850603493.07986,-0.1641184816439226,1,1,0.6666666666666666,45,2
BTC,2025-02-27,83900.11496524839,-0.0562614491047015,0.0214201224883037,42053463060.16116,-0.2098479229879819,1,1,0.6666666666666666,45,2
BTC,2025-02-28,84709.14477847965,0.0095965787806976,0.0216208421158418,43259468440.2992,-0.2022286654034827,1,1,1.0,45,2
BTC,2025-03-01,84441.9012237131,-0.003159824115076,0.020905488548864,44368462958.083954,-0.2047455040270571,1,1,1.0,45,2
BTC,2025-03-02,86005.25629681018,0.0183446757131033,0.0211858186691759,43985526419.87068,-0.1900221838191336,1,1,1.0,45,2
BTC,2025-03-03,94261.5328653844,0.0916647693455197,0.0275145088846959,44807902863.95257,-0.1122664610558607,0,1,0.6666666666666666,45,2
BTC,2025-03-04,86124.71418722175,-0.0902767727142073,0.0317516368901288,46337489084.71833,-0.1888971567525645,1,1,1.0,45,2
BTC,2025-03-05,87310.80531078295,0.0136778166128934,0.0315367875767241,46540126496.3254,-0.1777268220611807,0,0,0.3333333333333333,45,2
BTC,2025-03-06,90604.08098523636,0.03702502866131,0.0314380706079846,44188215617.144646,-0.1467115056290119,0,1,0.6666666666666666,45,2
BTC,2025-03-07,90001.40087607042,-0.0066740205228415,0.0309390594515024,43333517819.36684,-0.1523874089365169,0,0,0.0,45,2
BTC,2025-03-08,86773.33597555371,-0.0365258502464993,0.0314648382408249,43812433884.13152,-0.1827885852272688,0,1,0.6666666666666666,45,2
BTC,2025-03-09,86142.9833586432,-0.007290872389954,0.0314620296735097,42957339897.7048,-0.188725101878147,0,0,0.0,45,2
BTC,2025-03-10,80751.13893300897,-0.064636446425498,0.0333519044122046,42121862694.38125,-0.2395042584216776,1,1,0.6666666666666666,45,2
BTC,2025-03-11,78783.94057934263,-0.0246628900975406,0.033503580275714,43095957431.76064,-0.2580308822014891,1,1,1.0,45,2
BTC,2025-03-12,82799.1080292053,0.0497081123997439,0.0350447595993195,44127535921.56167,-0.2202169542780991,0,1,0.6666666666666666,45,2
BTC,2025-03-13,83884.24578828987,0.0130205334229247,0.0351112542817706,44285109215.39543,-0.2099973752639345,1,0,0.3333333333333333,45,2
BTC,2025-03-14,81098.90052436228,-0.0337684181687286,0.0354389927008366,44156076398.73945,-0.236229119361062,1,1,1.0,45,2
BTC,2025-03-15,83971.70916064628,0.0348105424150637,0.0358657345564038,43537938589.23559,-0.2091736652444844,1,1,0.6666666666666666,45,2
BTC,2025-03-16,84391.69087647168,0.0049890010162436,0.0358784415861751,42927186063.12298,-0.2052183735836331,0,1,0.6666666666666666,45,2
BTC,2025-03-17,82610.61750343916,-0.0213307339544699,0.0359046709246698,42572123552.72932,-0.2219921149020492,1,1,1.0,45,2
BTC,2025-03-18,84075.36559694471,0.0175753926088195,0.0361361781679269,42753592050.33767,-0.2081974526556126,0,0,0.3333333333333333,45,2
BTC,2025-03-19,82780.03048688271,-0.0155267514703598,0.0361444814787399,43117684559.34145,-0.2203966222046177,1,1,1.0,45,2
BTC,2025-03-20,86815.44109470697,0.0475976440328769,0.0373991622572942,43402579322.01556,-0.1823920488534442,1,1,0.6666666666666666,45,2
BTC,2025-03-21,84270.84358966233,-0.0297485583499797,0.0377098802398236,43044845805.56013,-0.2063564856674274,1,1,1.0,45,2
BTC,2025-03-22,84009.532917822,-0.0031056607703742,0.0376016113513137,42724438555.17777,-0.2088174497577098,1,1,0.6666666666666666,45,2
BTC,2025-03-23,83793.30854192551,-0.0025771255562546,0.03734444546281,42177634312.25012,-0.2108538014335806,1,1,0.6666666666666666,45,2
BTC,2025-03-24,85787.70914901773,0.0235225922563934,0.037549415345624,41182304798.24006,-0.1920709930579225,0,0,0.0,45,2
BTC,2025-03-25,87327.72969669085,0.0177923030348494,0.0377290172634025,41475853940.38744,-0.1775674320688926,0,0,0.0,45,2
BTC,2025-03-26,87520.58391530563,0.0022059611881574,0.0377424292943778,41932813559.31151,-0.1757511751845949,0,1,0.6666666666666666,45,2
BTC,2025-03-27,86960.8555491039,-0.0064159292584971,0.0365845822628353,41265586016.45527,-0.1810225688090259,0,1,0.6666666666666666,45,2
BTC,2025-03-28,87227.27158032371,0.0030589483146963,0.0362160970120546,38861519081.98615,-0.1785135236127849,0,0,0.0,45,2
BTC,2025-03-29,84359.46915506005,-0.0334299665239076,0.0352321570950463,37608087596.53318,-0.2055218303799539,0,1,0.6666666666666666,45,2
BTC,2025-03-30,82679.17255385047,-0.0201193360280792,0.0353757746359203,35437312636.60719,-0.2213464791303391,1,1,0.6666666666666666,45,2
BTC,2025-03-31,82356.38111183756,-0.0039117856299179,0.0353777644311177,33195103901.040432,-0.2243864550404299,1,1,1.0,45,2
BTC,2025-04-01,82514.09365397849,0.0019131696014113,0.0351973447084601,33184826368.616413,-0.2229011544208167,1,1,1.0,45,2
BTC,2025-04-02,85237.5876052852,0.0324733947050044,0.0312379742396654,32095285945.31391,-0.1972519118274542,0,0,0.3333333333333333,45,2
BTC,2025-04-03,82526.4221526433,-0.0323239950424128,0.0272094701054304,31349204042.39122,-0.222785047442531,0,1,0.6666666666666666,45,2
BTC,2025-04-04,83163.98757387721,0.007695901881532,0.0271167554747411,30373574304.34864,-0.2167806022516313,0,0,0.3333333333333333,45,2
BTC,2025-04-05,83852.00765399594,0.0082390189174156,0.0261957225230048,29841595855.703968,-0.2103009866330238,0,0,0.3333333333333333,45,2
BTC,2025-04-06,83595.88550177493,-0.0030591289879183,0.0261845601381068,28753417219.40011,-0.2127130864332451,0,1,0.6666666666666666,45,2
BTC,2025-04-07,78211.48358199988,-0.0665778167488354,0.0280416874242495,27850881764.63181,-0.2634221511602717,1,1,1.0,45,2
BTC,2025-04-08,79179.29226757778,0.0122983177207626,0.0281772204513807,29987561343.605835,-0.2543075505023775,1,0,0.3333333333333333,45,2
BTC,2025-04-09,76329.090356324,-0.0366606748758822,0.0264718299668244,30514207390.09613,-0.2811500996575678,1,1,0.6666666666666666,45,2
BTC,2025-04-10,82622.17029546302,0.0792239215371125,0.0299542434662512,31761691647.2924,-0.2218833133513396,1,1,1.0,45,2
BTC,2025-04-11,79596.35732250768,-0.0373097205035386,0.0293405190771748,31255326909.93135,-0.2503797272861818,1,1,0.6666666666666666,45,2
BTC,2025-04-12,83439.28818043756,0.0471509502177928,0.0305522303852968,31189706251.103924,-0.2141878841586176,1,1,0.6666666666666666,45,2
BTC,2025-04-13,85305.09728392666,0.0221149301099437,0.0301342999526906,30851217478.676804,-0.1966161211277744,0,0,0.3333333333333333,45,2
BTC,2025-04-14,83600.82010054543,-0.0201808799932178,0.0297195352670368,30856538870.9388,-0.2126666135116126,1,1,0.6666666666666666,45,2
BTC,2025-04-15,84523.4524914945,0.0109757102752048,0.0297752620289599,31602998274.339832,-0.2039774728551435,1,1,1.0,45,2
BTC,2025-04-16,83656.49248858042,-0.0103100007856857,0.029569626638529,31717886267.48996,-0.2121423037051685,1,1,1.0,45,2
BTC,2025-04-17,84105.77942167096,0.0053562460989685,0.0294088822257245,31960844363.99684,-0.2079110222164257,1,1,1.0,45,2
BTC,2025-04-18,84930.90857600998,0.009762800228128,0.0293104030146338,31786386067.53985,-0.2001401447227036,1,1,1.0,45,2
BTC,2025-04-19,84433.75017215389,-0.0058708804481763,0.0279648566416738,30975701876.85576,-0.2048222687647694,1,1,1.0,45,2
BTC,2025-04-20,85126.66244301842,0.0081730884862663,0.0274698428894057,30477597072.847023,-0.1982965796135984,1,0,0.3333333333333333,45,2
BTC,2025-04-21,85073.16544858096,-0.0006286374887911,0.0274628606492977,30295425035.526848,-0.1988004020611143,1,1,0.6666666666666666,45,2
BTC,2025-04-22,87452.04699068287,0.0275789525220456,0.0278978451453968,31372054726.60351,-0.1763966402517778,1,0,0.3333333333333333,45,2
BTC,2025-04-23,93576.1658857398,0.0676851043392908,0.0301762220915897,32746201550.09507,-0.1187210903815291,1,1,1.0,45,2
BTC,2025-04-24,93605.45230873208,0.0003129198637532,0.0300471689202205,33167222418.244267,-0.1184452775537971,1,1,1.0,45,2
BTC,2025-04-25,93872.81422867288,0.0028521930155209,0.0300473204251164,33156536212.19053,-0.1159273241941068,1,1,1.0,45,2
BTC,2025-04-26,94773.11200643536,0.0095449144424692,0.0300283182840963,33616979784.068607,-0.1074485258119714,0,1,0.6666666666666666,45,2
BTC,2025-04-27,94644.06637120109,-0.0013625549309158,0.0300381957479113,33311144696.4452,-0.1086638480645325,1,1,1.0,45,2
BTC,2025-04-28,93809.33781968225,-0.0088587841019384,0.0293455137972296,32786203801.07722,-0.1165251304834783,1,1,1.0,45,2
BTC,2025-04-29,95030.60645474444,0.0129346115479161,0.0290455895642285,33288749644.96438,-0.1050235020413275,1,1,0.6666666666666666,45,2
BTC,2025-04-30,94256.35946318062,-0.0081807144595042,0.0290993429526851,33703871466.90465,-0.1123151829735629,1,1,1.0,45,2
BTC,2025-05-01,94235.75331048168,-0.0002186420691858,0.0291084761339189,33577723185.553013,-0.1125092470026889,1,1,1.0,45,2
BTC,2025-05-02,96426.94522273028,0.0229860209250973,0.028843601906259,33612212070.67748,-0.0918731031629301,1,1,1.0,45,2
BTC,2025-05-03,96855.5681343944,0.0044352032353078,0.0280111864560219,32843661088.46775,-0.0878364306977419,1,1,1.0,45,2
BTC,2025-05-04,95922.86842404422,-0.0096764659439069,0.0281400079443914,32083764099.284283,-0.0966203830638019,1,1,1.0,45,2
BTC,2025-05-05,94326.62048529249,-0.0167809690997681,0.0284028093116067,31392291884.12237,-0.111653480750894,1,1,1.0,45,2
BTC,2025-05-06,94758.8237105546,0.0045715203495501,0.0283722710098064,31698160425.54479,-0.1075830897118161,1,1,1.0,45,2
BTC,2025-05-07,96854.53198815876,0.0218752167879756,0.0251825001496611,31271749604.724407,-0.087846188885803,1,1,1.0,45,2
BTC,2025-05-08,97026.493769668,0.0017738902084881,0.0251812743778726,30653963800.040684,-0.0862266921916389,1,1,1.0,45,2
BTC,2025-05-09,103076.27555512934,0.060485180680052,0.0256449392855408,30727539136.22168,-0.0292512322029161,1,1,1.0,45,2
BTC,2025-05-10,102962.540456923,-0.0011040163398324,0.0221209133685608,29173961616.92564,-0.0303223633225114,1,1,1.0,45,2
BTC,2025-05-11,104630.8792994166,0.016073484055516,0.0204928876745026,28518810696.452,-0.0146103300064407,0,1,0.6666666666666666,45,2
BTC,2025-05-12,103994.061616746,-0.0061049235793888,0.0193597879300836,28104673016.641563,-0.0206077331667174,0,1,0.6666666666666666,45,2
BTC,2025-05-13,102876.8304286011,-0.0108013460885855,0.0194262229167366,28793395561.21813,-0.0311295607492058,1,1,1.0,45,2
BTC,2025-05-14,104184.49039270742,0.0126308220575244,0.0188008105561877,28964405787.93725,-0.0188143185461165,1,0,0.3333333333333333,45,2
BTC,2025-05-15,103594.42575090707,-0.0056797507564326,0.0189350910892141,28805828041.85241,-0.0243714122698022,1,1,0.6666666666666666,45,2
BTC,2025-05-16,103708.8513642364,0.0011039441975302,0.0186929435169927,29030450343.376324,-0.0232937780368457,1,1,1.0,45,2
BTC,2025-05-17,103556.03493982446,-0.0014746004962817,0.0187571931881227,28995111811.3878,-0.0247329681404667,1,1,1.0,45,2
BTC,2025-05-18,103212.36483885496,-0.0033242063856,0.0188411431929331,28982652965.899,-0.0279695744812381,1,1,1.0,45,2
BTC,2025-05-19,106030.6376831359,0.0269394268958481,0.0190495066022162,29689098596.13304,-0.0014277259698562,1,0,0.3333333333333333,45,2
BTC,2025-05-20,105629.41580436694,-0.003791195860787,0.01916182993693,30712556950.231247,-0.0052063417796589,1,1,1.0,45,2
BTC,2025-05-21,106786.71995834044,0.0108966825999101,0.0191150802403077,31504818391.49583,0.0,1,1,0.6666666666666666,45,2
BTC,2025-05-22,109665.86371625264,0.0266045664989,0.0190807194561253,32193246981.481064,0.0,0,0,0.3333333333333333,45,2
BTC,2025-05-23,111560.356938144,0.0171276219372559,0.0154784900803418,32139127514.95058,0.0,0,0,0.3333333333333333,45,2
BTC,2025-05-24,107216.66856870624,-0.0397140353423682,0.0175584902419398,32450801846.89409,-0.0389357697362529,1,1,0.6666666666666666,45,2
BTC,2025-05-25,107831.36374380375,0.005716833049975,0.017556866179339,32354034625.40821,-0.0334257911742594,0,0,0.0,45,2
BTC,2025-05-26,108861.81037744328,0.0095107232161717,0.0175565366220678,32031250457.07507,-0.0241891173062216,0,0,0.0,45,2
BTC,2025-05-27,109377.71513263127,0.0047278852442433,0.017520150187833,32448089937.012794,-0.0195646721238344,0,0,0.0,45,2
BTC,2025-05-28,109068.45694901443,-0.0028314379444699,0.017391937166747,33216507408.27373,-0.0223367875249021,0,0,0.3333333333333333,45,2
BTC,2025-05-29,107838.18431100152,-0.011343920351408,0.017575034844783,33145856184.965263,-0.0333646532630429,0,0,0.3333333333333333,45,2
BTC,2025-05-30,105745.41660358038,-0.0195973349665706,0.0179718069147947,33559076255.84156,-0.0521237157549414,0,0,0.3333333333333333,45,2
BTC,2025-05-31,104010.91956242644,-0.0165385857547271,0.0183418925374824,33997021590.11636,-0.0676713268307615,1,0,0.3333333333333333,45,2
BTC,2025-06-01,104687.50742934884,0.0064839035640352,0.0179746103886492,33671192528.43724,-0.0616065571805753,0,0,0.0,45,2
BTC,2025-06-02,105710.00593822816,0.0097197589689785,0.0180176412116362,33486030005.638897,-0.0524411283764504,0,0,0.0,45,2
BTC,2025-06-03,105884.74263221148,0.0016516169223005,0.0178626738587218,33903239612.142124,-0.0508748310036282,0,0,0.3333333333333333,45,2
BTC,2025-06-04,105434.47745144973,-0.0042614757142409,0.0175204763927679,34270657551.324245,-0.0549108989503399,1,1,0.6666666666666666,45,2
BTC,2025-06-05,104812.9182188067,-0.0059126634263259,0.0176070651382162,34328180460.81072,-0.060482405260486,1,1,0.6666666666666666,45,2
BTC,2025-06-06,101650.7387545425,-0.0306342220595256,0.0182995069016776,34873643411.64243,-0.0888274155405939,1,0,0.3333333333333333,45,2
BTC,2025-06-07,104409.74967959142,0.0267802511462409,0.0188678736171283,33724350643.17609,-0.0640963103274877,1,0,0.3333333333333333,45,2
BTC,2025-06-08,105681.4546141758,0.0121063656235486,0.0155036479443272,32648673429.445232,-0.0526970555250896,1,0,0.3333333333333333,45,2
BTC,2025-06-09,105692.24740699006,0.0001021204882199,0.0155000177383178,31823466255.87976,-0.0526003115462205,1,1,0.6666666666666666,45,2
BTC,2025-06-10,110261.57485948496,0.0423239512682899,0.0170511042081972,32378932947.795177,-0.0116419677590236,0,1,0.6666666666666666,45,2
BTC,2025-06-11,110212.73252109604,-0.0004430660403764,0.0169924294102381,32676079718.904514,-0.0120797786421136,0,0,0.0,45,2
BTC,2025-06-12,108679.9760916168,-0.0140048655940885,0.0170850467938306,32251024079.3132,-0.0258190357720374,0,0,0.0,45,2
BTC,2025-06-13,105979.22902375912,-0.0251644422645181,0.0176453855218926,32317814979.042545,-0.050027877891063,0,0,0.0,45,2
BTC,2025-06-14,106045.56440819205,0.000625732354444,0.0176058925919967,33020240634.340725,-0.0494332635831355,0,0,0.0,45,2
BTC,2025-06-15,105482.90611628916,-0.0053199422047222,0.0176408408336627,32556676367.091606,-0.0544767961366828,0,1,0.6666666666666666,45,2
BTC,2025-06-16,105554.49383061715,0.0006784363064731,0.0176366345117348,32246025989.44168,-0.0538351012166165,0,1,0.6666666666666666,45,2
BTC,2025-06-17,106951.2720181497,0.0131459802745282,0.0177649516485227,32684222689.483177,-0.0413147200895912,0,0,0.0,45,2
BTC,2025-06-18,104683.42479835715,-0.0214325350731002,0.0175406827640281,32946194417.18605,-0.0616431528952515,0,0,0.0,45,2
BTC,2025-06-19,104722.695052907,0.000375063107402,0.0175296119881061,32512847492.39953,-0.0612911438516481,1,1,0.6666666666666666,45,2
BTC,2025-06-20,104690.65002458123,-0.000306045716084,0.0174020070105108,31901834011.19623,-0.0615783877186029,1,1,0.6666666666666666,45,2
BTC,2025-06-21,103290.105144757,-0.013468227378926,0.0167632280089611,30898829614.915146,-0.0741325325623737,1,1,1.0,45,2
BTC,2025-06-22,101532.5683847329,-0.0171619661754488,0.0165823252636694,29879698113.5574,-0.0898866660938627,1,1,1.0,45,2
BTC,2025-06-23,100852.58264648831,-0.0067197449368787,0.0151008887830186,29947544665.29275,-0.0959818934390174,1,1,1.0,45,2
BTC,2025-06-24,105511.62437933136,0.0451612576742009,0.0173493269049222,30710330232.36497,-0.0542193725874006,1,1,0.6666666666666666,45,2
BTC,2025-06-25,105976.06929808448,0.0043921767486252,0.0172701837994968,30778729612.761387,-0.0500562009061677,1,1,1.0,45,2
BTC,2025-06-26,107238.53045016268,0.0118423026144631,0.0173984349849182,30862652874.231915,-0.0387398051296807,0,0,0.0,45,2
BTC,2025-06-27,106984.01253775664,-0.0023762021364688,0.0173966727761119,30374050079.37408,-0.0410212420073626,0,1,0.6666666666666666,45,2
BTC,2025-06-28,107078.91560644074,0.0008866838898696,0.017280177623723,30220717686.86088,-0.0401705539019389,1,1,0.6666666666666666,45,2
BTC,2025-06-29,107331.58548463575,0.0023568807858938,0.0168924653740567,29243439213.56116,-0.0379056823550048,1,1,1.0,45,2
BTC,2025-06-30,108396.61631317894,0.0098739012562085,0.016660716941917,28416806491.48638,-0.028359004146242,0,1,0.6666666666666666,45,2
BTC,2025-07-01,107132.79910701896,-0.0117276956279278,0.0167994164589459,28485367192.397053,-0.0396875552628426,1,1,1.0,45,2
BTC,2025-07-02,105613.39974163056,-0.0142839233525224,0.0169295609160837,28729089203.08956,-0.0533070829076927,1,1,1.0,45,2
BTC,2025-07-03,108824.44423167944,0.0299507257192607,0.0177929076843316,29065133926.90029,-0.0245240583801781,0,0,0.3333333333333333,45,2
BTC,2025-07-04,109602.20483914016,0.0071215110229165,0.0178001303947173,29197346874.11857,-0.0175524008056872,0,0,0.3333333333333333,45,2
BTC,2025-07-05,108040.8919400104,-0.014347706920517,0.0179835371050415,29145238981.511093,-0.031547631208145,1,1,1.0,45,2
BTC,2025-07-06,108217.46849992426,0.0016330152396878,0.0169614935857497,28156272353.14254,-0.0299648417230616,1,1,1.0,45,2
BTC,2025-07-07,109215.19771840284,0.0091774270963758,0.0163720249076469,27647648303.784584,-0.0210214388345984,1,1,0.6666666666666666,45,2
BTC,2025-07-08,108300.71675785031,-0.0084084546248108,0.0163421422654562,27905765476.02037,-0.0292186245164224,1,1,1.0,45,2
BTC,2025-07-09,108953.19187727802,0.0060065854303858,0.0163687805663869,28053904990.75392,-0.0233699956904185,1,1,0.6666666666666666,45,2
BTC,2025-07-10,111327.53054245668,0.0215582243959836,0.0149381548403685,28015753895.525875,-0.0020869993793263,1,1,0.6666666666666666,45,2
BTC,2025-07-11,115879.65030112496,0.0400755730551804,0.0166054069455413,28679095476.90272,0.0,1,0,0.3333333333333333,45,2
BTC,2025-07-12,117571.02510036016,0.0144904647763938,0.016492389014931,29807302453.3114,0.0,1,0,0.3333333333333333,45,2
BTC,2025-07-13,117418.95745007684,-0.0012942481195153,0.0156604767357108,29423505672.87823,-0.0012934109416288,1,1,0.6666666666666666,45,2
BTC,2025-07-14,119117.55666327637,0.0143625048217652,0.0157764476393116,28684833537.85268,0.0,0,1,0.6666666666666666,45,2
BTC,2025-07-15,119833.67446712356,0.005993858616387,0.0156840294174128,30384818335.283943,0.0,0,0,0.3333333333333333,45,2
BTC,2025-07-16,117678.19493404306,-0.0181509978145617,0.0162002288629996,32509187639.53674,-0.0179872606148938,0,0,0.3333333333333333,45,2
BTC,2025-07-17,118748.1627367753,0.0090512336949869,0.016134354697994,33118464534.10469,-0.0090584865662788,0,0,0.3333333333333333,45,2
BTC,2025-07-18,119445.36520434044,0.005854100778584,0.0154350323988453,33474444707.26593,-0.0032404018695901,1,0,0.3333333333333333,45,2
BTC,2025-07-19,117988.94664455787,-0.0122681243089585,0.015718642082922,34426348802.2839,-0.0153940687437719,1,1,0.6666666666666666,45,2
BTC,2025-07-20,117901.62655900871,-0.0007403440362342,0.0157229210184711,34622056417.89047,-0.0161227461037666,1,1,1.0,45,2
BTC,2025-07-21,117256.9208222684,-0.0054831717510141,0.0154834510239828,34824369839.77914,-0.0215027508445641,1,1,1.0,45,2
BTC,2025-07-22,117482.46977767294,0.0019216972851407,0.0149574652755921,35647700544.66831,-0.0196205674231885,1,1,0.6666666666666666,45,2
BTC,2025-07-23,119955.79570607652,0.0208341767291803,0.015067231669218,35902762479.0322,0.0,0,0,0.0,45,2
BTC,2025-07-24,118629.05588130427,-0.0111218586756212,0.0134074825305832,35743225413.6633,-0.0110602394570672,0,1,0.6666666666666666,45,2
BTC,2025-07-25,118354.43517438594,-0.0023176367992613,0.0134549744105855,36417751191.74303,-0.0133495886736004,0,1,0.6666666666666666,45,2
BTC,2025-07-26,117540.8083708574,-0.0068982317549781,0.0134980339842391,38456065445.54531,-0.0201323105816119,1,0,0.3333333333333333,45,2
BTC,2025-07-27,117959.54234360624,0.0035561256087748,0.0134590812587232,38483572958.90298,-0.0166415749294984,0,0,0.0,45,2
BTC,2025-07-28,119418.91405141471,0.0122958933735636,0.0135507216482623,38651109489.88895,-0.0044756624846814,0,0,0.0,45,2
BTC,2025-07-29,118003.30201607826,-0.0119249902926788,0.0138448805209864,39800204973.55713,-0.0162767766117977,0,0,0.3333333333333333,45,2
BTC,2025-07-30,117853.30892863822,-0.0012719008134642,0.0138079904302982,40732845255.83451,-0.0175271796169811,0,0,0.0,45,2
BTC,2025-07-31,117833.24087995924,-0.0001702943909507,0.0135478056172296,41418342224.97354,-0.0176944749824185,0,0,0.0,45,2
BTC,2025-08-01,115700.00243915782,-0.0182697567754564,0.013743047323411,42091845179.14187,-0.0354780128952378,0,0,0.3333333333333333,45,2
BTC,2025-08-02,113234.6051343189,-0.02153883716231,0.013479079040333,43071828380.78158,-0.0560305613596721,1,0,0.3333333333333333,45,2
BTC,2025-08-03,112554.90232221724,-0.0060206948760037,0.0134977173707419,43193541364.33055,-0.0616968387421098,1,1,0.6666666666666666,45,2
BTC,2025-08-04,114199.10966460756,0.0145023776665622,0.0134023306457886,43208220262.147606,-0.0479900617355276,1,1,1.0,45,2
BTC,2025-08-05,115138.68613070175,0.0081938672142376,0.0134521415679077,43956389638.87629,-0.0401573725306108,1,1,1.0,45,2
BTC,2025-08-06,114128.35408881678,-0.0088136400343138,0.0135250286916411,44712307764.0303,-0.0485799088152315,1,1,0.6666666666666666,45,2
BTC,2025-08-07,115022.09576830892,0.007800518933461,0.0134404225850307,44930949869.20546,-0.0411293169181793,1,1,0.6666666666666666,45,2
BTC,2025-08-08,117463.47451085236,0.021003183008916,0.0138664355758253,45524310601.09641,-0.0207769968975154,1,1,1.0,45,2
BTC,2025-08-09,116688.36663186055,-0.0066205818107124,0.0134804541993426,45388942446.84007,-0.0272386094809627,1,1,0.6666666666666666,45,2
BTC,2025-08-10,116510.08393213755,-0.0015290216039244,0.0113547650678762,44436765739.57908,-0.0287248461290013,1,1,0.6666666666666666,45,2
BTC,2025-08-11,119266.92516880557,0.0233862232167686,0.01184683335364,43535852700.61124,-0.0057427032451092,0,0,0.3333333333333333,45,2
BTC,2025-08-12,118773.79960860992,-0.0041432092435459,0.0118729146794175,44782136881.59673,-0.0098535972397932,0,1,0.6666666666666666,45,2
BTC,2025-08-13,120202.53485503166,0.011957269932425,0.0117830364717727,45436478159.41685,0.0,0,0,0.3333333333333333,45,2
BTC,2025-08-14,123560.99363577303,0.0275567992219893,0.0127594133651541,45199883550.30802,0.0,0,0,0.3333333333333333,45,2
BTC,2025-08-15,118405.59579823952,-0.0426189266023677,0.0146666384825541,44983966463.23347,-0.0417235058236124,0,0,0.3333333333333333,45,2
BTC,2025-08-16,117339.79190213275,-0.0090420531070191,0.014662352594234,44780448142.275406,-0.0503492368471787,0,0,0.3333333333333333,45,2
BTC,2025-08-17,117501.21653394958,0.0013747569755012,0.0146192370731863,43911118043.3026,-0.0490428000254365,0,0,0.3333333333333333,45,2
BTC,2025-08-18,117542.83687778088,0.0003541493065845,0.0144509367289215,42644788602.16765,-0.048705959550084,0,0,0.3333333333333333,45,2
BTC,2025-08-19,116256.41276740946,-0.0110046297809935,0.0145868473618669,43424902462.655525,-0.0591172072466141,0,0,0.3333333333333333,45,2
BTC,2025-08-20,112778.34483555844,-0.0303738643110545,0.0155575062395608,43740060167.8334,-0.0872657987196117,1,0,0.3333333333333333,45,2
BTC,2025-08-21,114252.39755195397,0.0129856724660065,0.0157662043120781,43600792993.55381,-0.0753360410103085,0,0,0.3333333333333333,45,2
BTC,2025-08-22,112414.39987336512,-0.0162179726853701,0.0154506500312867,42704433049.21092,-0.0902112667956142,0,0,0.0,45,2
BTC,2025-08-23,116834.24948202296,0.0385642172704889,0.0170387454621131,42892848839.31799,-0.0544406770762853,0,1,0.6666666666666666,45,2
BTC,2025-08-24,115359.98346714744,-0.0126987290553679,0.0171815757617677,42071725688.18216,-0.0663721610462289,0,0,0.0,45,2
BTC,2025-08-25,113399.54847314973,-0.0171401206538643,0.0174060968129164,40373890827.53504,-0.0822382927137726,0,0,0.0,45,2
BTC,2025-08-26,110185.35443900424,-0.0287534215081664,0.0180881475320036,41297522404.20356,-0.1082513081450027,0,0,0.3333333333333333,45,2
BTC,2025-08-27,111842.70999260596,0.0149295211108694,0.0181675080132242,41724302332.92311,-0.0948380496009092,0,0,0.0,45,2
BTC,2025-08-28,111216.08479629167,-0.0056184903654564,0.0180872266828968,41508441068.23559,-0.099909433197592,0,1,0.6666666666666666,45,2
BTC,2025-08-29,112525.59740669793,0.0117057094621473,0.0182589874728126,41220514666.35288,-0.0893113263689405,0,0,0.3333333333333333,45,2
BTC,2025-08-30,108480.30666639366,-0.0366120771393027,0.0193445083407325,41508771035.34631,-0.1220505478762454,1,1,0.6666666666666666,45,2
BTC,2025-08-31,108781.95727925688,0.0027768357119733,0.019143100799318,40927495431.26076,-0.1196092384954515,1,1,1.0,45,2
BTC,2025-09-01,108253.36092385623,-0.0048710726434675,0.0187968692887524,39605702871.16056,-0.123887258118366,1,1,1.0,45,2
BTC,2025-09-02,109162.68557992298,0.0083648835759881,0.0188609389828514,39920908591.30374,-0.1165279400252532,1,1,1.0,45,2
BTC,2025-09-03,111190.18209845416,0.0184027896650674,0.0189846666600724,40772448288.76242,-0.1001190681080547,0,0,0.3333333333333333,45,2
BTC,2025-09-04,111711.51977725116,0.0046777447192038,0.0189374471025344,40903050192.11576,-0.0958997941814158,1,1,1.0,45,2
BTC,2025-09-05,110724.736377486,-0.0088725632260675,0.018938287701593,40949455306.56442,-0.1038859989757375,1,1,0.6666666666666666,45,2
BTC,2025-09-06,110662.18112628513,-0.0005651214947209,0.018865546497603,41748387339.77601,-0.1043922691938718,1,1,1.0,45,2
BTC,2025-09-07,110209.1888247784,-0.0041018710279466,0.0183935569865234,41116756393.34506,-0.1080584124335583,1,1,0.6666666666666666,45,2
BTC,2025-09-08,111131.9923868407,0.0083383390629858,0.018470082624672,40754410838.22378,-0.1005900072766484,1,1,1.0,45,2
BTC,2025-09-09,112025.12878118773,0.0080045947764023,0.018553639976353,41071779588.0121,-0.0933617035210169,1,1,1.0,45,2
BTC,2025-09-10,111547.43956434788,-0.0042732428873758,0.017961979627786,41344455144.7965,-0.097227723069613,1,1,0.6666666666666666,45,2
BTC,2025-09-11,113975.32489468766,0.0215320093143677,0.0184721333263262,41026635332.36641,-0.0775784368434389,1,0,0.3333333333333333,45,2
BTC,2025-09-12,115503.16663193036,0.0133159696387168,0.0185075792510785,40920362927.145424,-0.0652133554995125,1,0,0.3333333333333333,45,2
BTC,2025-09-13,116160.14344594492,0.0056718396627005,0.0177453507107238,40566190706.48958,-0.0598963311321691,1,0,0.3333333333333333,45,2
BTC,2025-09-14,115970.58488443034,-0.0016332056080045,0.0160076411752345,39107585719.14835,-0.0614304606008375,1,1,0.6666666666666666,45,2
BTC,2025-09-15,115373.55555886828,-0.005161407155839,0.0159534321856316,38528275225.63468,-0.0662623198146114,1,1,0.6666666666666666,45,2
BTC,2025-09-16,115397.25272727507,0.0002053740563295,0.0159499618295801,39319770792.11935,-0.066070534626507,1,1,0.6666666666666666,45,2
BTC,2025-09-17,116762.8496864193,0.0117644047787177,0.0161088081799204,39955033644.40115,-0.055018527686763,0,0,0.3333333333333333,45,2
BTC,2025-09-18,116455.9464822532,-0.0026318923377027,0.0159876265363691,40201801156.21425,-0.0575023471765186,0,1,0.6666666666666666,45,2
BTC,2025-09-19,117145.49508952006,0.0059036502974257,0.0149444804054773,40117987224.14273,-0.0519217137826219,0,0,0.0,45,2
BTC,2025-09-20,115655.81046441344,-0.0127980807888377,0.0149886119801068,39855665628.65351,-0.0639779831704987,0,0,0.3333333333333333,45,2
BTC,2025-09-21,115715.51536781774,0.0005160959726948,0.0146562751214154,39413224016.67469,-0.0634947812987147,0,1,0.6666666666666666,45,2
BTC,2025-09-22,115304.47999407038,-0.0035584435609744,0.0128344653397119,38339255853.73023,-0.0668213600324451,0,0,0.3333333333333333,45,2
BTC,2025-09-23,112696.74101711863,-0.0228757783297197,0.0132958775058147,39734109925.203896,-0.0879262322111094,0,0,0.3333333333333333,45,2
BTC,2025-09-24,112022.16587861197,-0.0060037419554455,0.0129749074335927,39916517326.78234,-0.0933856827922139,1,1,0.6666666666666666,45,2
BTC,2025-09-25,113320.56908541008,0.0115239355383441,0.0119868881681241,39710606355.32895,-0.0828774862441553,1,1,1.0,45,2
BTC,2025-09-26,108963.53013595636,-0.0392074565482424,0.0137524666318297,40759206231.942894,-0.1181397386852225,1,1,0.6666666666666666,45,2
BTC,2025-09-27,109710.20874667744,0.0068291832067683,0.0137919615313407,41369183223.86198,-0.112096742519927,1,1,0.6666666666666666,45,2
BTC,2025-09-28,109654.81021075726,-0.0005050808680543,0.0135995582992049,41004929953.09875,-0.112545092232001,1,1,1.0,45,2
BTC,2025-09-29,112142.57362752674,0.0224336978888705,0.0124731909259945,40324014573.50284,-0.092411202534555,1,1,1.0,45,2
BTC,2025-09-30,114309.15041119448,0.01913558312567,0.0128990292809731,41325125058.56503,-0.0748767305307585,1,1,1.0,45,2
BTC,2025-10-01,114024.22783550054,-0.0024956730002918,0.0128648521250857,42377724985.28034,-0.0771826570801502,1,1,0.6666666666666666,45,2
BTC,2025-10-02,118503.24451752484,0.0385293894079923,0.0144787575423415,43275077266.51626,-0.0409332182384124,1,0,0.3333333333333333,45,2
BTC,2025-10-03,120611.71911591051,0.0176361129090589,0.0144508020631991,43975656800.84648,-0.0238689770378202,1,1,1.0,45,2
BTC,2025-10-04,122250.15186842805,0.0134929176275929,0.0145812037518848,45533968458.349495,-0.0106088639203486,1,1,0.6666666666666666,45,2
BTC,2025-10-05,122380.93708463266,0.0010692445447119,0.0144139657830578,45415743787.562096,-0.0095503970663984,0,0,0.3333333333333333,45,2
BTC,2025-10-06,123506.18520027678,0.0091526222308231,0.0144324455532217,45948777634.35739,-0.0004435739296319,0,0,0.3333333333333333,45,2
BTC,2025-10-07,124773.50823074432,0.0102089222026691,0.0144035142932022,47624285379.77897,0.0,0,0,0.3333333333333333,45,2
BTC,2025-10-08,121518.75593575073,-0.0264315389015692,0.0154170579269386,49422313231.79448,-0.0260852831754523,0,0,0.3333333333333333,45,2
BTC,2025-10-09,123352.50487523204,0.0149775291157874,0.0155474593160487,50269519394.97804,-0.0113886623503797,0,0,0.3333333333333333,45,2
BTC,2025-10-10,121698.03066778315,-0.0135033318204158,0.0157901017427383,51161495568.66237,-0.0246484819299435,0,0,0.0,45,2
BTC,2025-10-11,113201.74064138904,-0.0723712756621681,0.0205575382164539,54454729766.48973,-0.0927421834445461,0,0,0.0,45,2
BTC,2025-10-12,110853.11663883904,-0.0209654908527677,0.0207308340905207,56617761370.463936,-0.111565281679523,0,0,0.3333333333333333,45,2
BTC,2025-10-13,115189.5714637257,0.0383731671868088,0.0219384132081961,58039899679.07261,-0.0768106700125397,0,0,0.0,45,2
BTC,2025-10-14,115222.28302116522,0.0002839398843642,0.021937126765469,59335613399.71528,-0.0765485025227949,0,0,0.3333333333333333,45,2
BTC,2025-10-15,113156.56943826911,-0.0180907286141784,0.0221634762360316,61479695252.19209,-0.0931042090360394,0,0,0.3333333333333333,45,2
BTC,2025-10-16,110708.66960879424,-0.0218702770485008,0.0224981515217604,62210686840.70277,-0.1127229555487043,0,0,0.3333333333333333,45,2
BTC,2025-10-17,108076.72862033188,-0.0240607278350943,0.0227258847580039,63704310481.14192,-0.1338167039395494,1,1,0.6666666666666666,45,2
BTC,2025-10-18,106443.61194984637,-0.0152260453886145,0.0228429593651435,65023786631.12202,-0.1469053530738302,1,1,0.6666666666666666,45,2
BTC,2025-10-19,107156.00337647724,0.0066703684550955,0.0228536869404162,64716132252.600494,-0.1411958764651142,1,1,0.6666666666666666,45,2
BTC,2025-10-20,108621.134857428,0.0135802523835465,0.0229697097728823,65085364631.26931,-0.1294535482920433,1,1,1.0,45,2
BTC,2025-10-21,110608.5714932665,0.0181315855121502,0.0232619702359629,66474603211.83096,-0.113525194076314,1,1,0.6666666666666666,45,2
BTC,2025-10-22,108486.1026271664,-0.0193755076331982,0.0234882737987427,69380679469.51451,-0.1305357670432535,1,0,0.3333333333333333,45,2
BTC,2025-10-23,107618.4266715404,-0.0080301937311442,0.0231884589990616,69875482006.0633,-0.1374897748925913,1,0,0.3333333333333333,45,2
BTC,2025-10-24,110048.51827291628,0.0223294590956249,0.023574042386835,70210074145.71419,-0.1180137528119914,1,1,0.6666666666666666,45,2
BTC,2025-10-25,110997.80437129698,0.0085890769222626,0.0235280719413061,70291519485.84787,-0.1104056786956078,0,0,0.0,45,2
BTC,2025-10-26,111620.3093731354,0.0055925963425111,0.0223934570702627,68582622087.83918,-0.1054165987966342,0,0,0.0,45,2
BTC,2025-10-27,114476.01227508576,0.0252622842447953,0.0228134538871162,68156823908.29313,-0.0825295056753181,0,1,0.6666666666666666,45,2
BTC,2025-10-28,114182.79442806762,-0.0025646771446725,0.0228225360477306,69505820726.50476,-0.0848795064982162,0,0,0.0,45,2
BTC,2025-10-29,112950.34863259472,-0.0108522946013604,0.0225698430807132,70673315993.62695,-0.0947569701757922,0,0,0.3333333333333333,45,2
BTC,2025-10-30,110046.66925837284,-0.0260437877169474,0.0227719000534948,70886717047.84027,-0.118028571779332,0,0,0.3333333333333333,45,2
BTC,2025-10-31,108240.76528725718,-0.0165464876833349,0.0229419080516723,71384383575.8148,-0.1325020284988144,0,1,0.6666666666666666,45,2
BTC,2025-11-01,109573.90555629117,0.0122412040575021,0.0218258591746305,71013727204.31627,-0.1218175467691783,0,0,0.0,45,2
BTC,2025-11-02,110014.13556776088,0.0040096045213717,0.0215297413356909,69469914701.15285,-0.1182893137515125,0,0,0.0,45,2
BTC,2025-11-03,110650.2092823146,0.0057650951875724,0.0213704350549447,67868026182.32806,-0.1131914871088776,0,0,0.0,45,2
BTC,2025-11-04,106521.0867382576,-0.0380309947924919,0.0222668358331138,69198253074.1965,-0.1462844296942619,0,0,0.3333333333333333,45,2
BTC,2025-11-05,101635.2740227234,-0.0469523029403285,0.0233970443813349,70430060928.17442,-0.1854418821440145,1,0,0.3333333333333333,45,2
BTC,2025-11-06,103877.9596595516,0.021826085127884,0.0237761342879523,70679324799.90451,-0.1674678292490619,1,1,0.6666666666666666,45,2
BTC,2025-11-07,101322.6402945857,-0.0249068615190021,0.0237327869924416,70280335884.2303,-0.187947491969135,1,1,0.6666666666666666,45,2
BTC,2025-11-08,103396.084215925,0.020257207343625,0.0239130495719244,71315368250.56174,-0.1713298304900262,0,1,0.6666666666666666,45,2
BTC,2025-11-09,102290.13714655169,-0.0107538338749738,0.0238880909759631,70615322168.34189,-0.1801934673714072,0,0,0.3333333333333333,45,2
BTC,2025-11-10,104709.67861656273,0.023378297792901,0.0208945616468487,67580330679.936615,-0.1608019995484734,0,0,0.3333333333333333,45,2
BTC,2025-11-11,105909.07272321742,0.0113893664663218,0.02074838745622,66210420382.1816,-0.1511894293509868,0,1,0.6666666666666666,45,2
BTC,2025-11-12,102960.77564500563,-0.0282328247701599,0.0198776359390647,65448793663.33544,-0.174818620515184,0,0,0.3333333333333333,45,2
BTC,2025-11-13,101521.70859453591,-0.014075443327216,0.0199501260441533,65262031789.18704,-0.1863520547423314,0,0,0.3333333333333333,45,2
BTC,2025-11-14,99730.4533956204,-0.0178015727574593,0.019943262091242,65570414686.7723,-0.2007081085578813,0,0,0.0,45,2
BTC,2025-11-15,94456.39368235336,-0.0543327951469125,0.0217347302726782,67047781179.40517,-0.2429771750292166,0,1,0.6666666666666666,45,2
BTC,2025-11-16,95508.31019889197,0.0110749760027432,0.021634923658173,65524079845.73729,-0.2345465671906256,0,0,0.0,45,2
BTC,2025-11-17,94411.32947182968,-0.0115521799487248,0.0215802254407544,64801410285.00405,-0.2433383431262163,0,0,0.0,45,2
BTC,2025-11-18,92036.7255045672,-0.025473393880738,0.0218287890213541,66847468962.5191,-0.2623696583543744,0,0,0.0,45,2
BTC,2025-11-19,92819.759215009,0.0084718520420503,0.0216978193079099,68796254502.30647,-0.2560940176230604,0,0,0.0,45,2
BTC,2025-11-20,91363.27838693369,-0.0158159101687236,0.021318807746365,69544446647.6169,-0.2677670149502001,0,0,0.3333333333333333,45,2
BTC,2025-11-21,86649.97257918229,-0.0529669298275071,0.0228523388743151,69322101230.22115,-0.3055419070293349,1,1,0.6666666666666666,45,2
BTC,2025-11-22,85051.8019295002,-0.0186161943814008,0.022942495797154,71025335863.43893,-0.3183504805185613,1,1,0.6666666666666666,45,2
BTC,2025-11-23,84682.62429147748,-0.0043500688505857,0.0222388355533909,70573746728.16052,-0.3213092627413069,1,1,0.6666666666666666,45,2
BTC,2025-11-24,86783.84766839583,0.0245100811057087,0.0228480961258495,70951269694.32542,-0.3044689622102635,1,1,0.6666666666666666,45,2
BTC,2025-11-25,88229.35740719768,0.0165192404716954,0.023160549325877,72764317086.39955,-0.2928838929171194,1,1,1.0,45,2
BTC,2025-11-26,87310.33159950442,-0.0104709562809599,0.0223024711726012,73613422936.66623,-0.3002494452745453,1,1,0.6666666666666666,45,2
BTC,2025-11-27,90474.22677969698,0.0355962214105824,0.0237267162949215,73810943905.90761,-0.2748923384250565,0,0,0.3333333333333333,45,2
BTC,2025-11-28,91279.06057176425,0.0088563905987879,0.0239102234024874,73577466639.09062,-0.268441980464624,1,1,1.0,45,2
BTC,2025-11-29,90950.37695910994,-0.0036073641398427,0.023646722170726,73530728891.0067,-0.2710762224388616,1,1,0.6666666666666666,45,2
BTC,2025-11-30,90841.45258193676,-0.0011983419770075,0.0235845275398399,72417561909.06506,-0.2719491992327156,1,1,0.6666666666666666,45,2
BTC,2025-12-01,90406.28448571144,-0.0048019240345635,0.0233379116699702,71802039624.70937,-0.2754368634203776,0,1,0.6666666666666666,45,2
BTC,2025-12-02,86281.49519776918,-0.0466986326596493,0.0243707212234766,74070389871.02255,-0.308495077030227,1,1,1.0,45,2
BTC,2025-12-03,91344.73275150164,0.0570254701101025,0.0270284055586677,75671698680.52388,-0.2679156493494009,0,0,0.0,45,2
BTC,2025-12-04,93619.43750817105,0.0245974065300752,0.0269187593969071,75883722070.09122,-0.2496849785209203,0,0,0.0,45,2
BTC,2025-12-05,92140.70419795792,-0.0159212254355942,0.0257962320442909,74514141226.9053,-0.2615363188509405,1,1,1.0,45,2
BTC,2025-12-06,89307.09154512963,-0.0312359048451307,0.0258353142247889,73617782415.57588,-0.2842463691894152,1,1,0.6666666666666666,45,2
BTC,2025-12-07,89244.7620814118,-0.0006981665547982,0.0255700260968477,72307797779.00674,-0.284745910034276,1,1,1.0,45,2
BTC,2025-12-08,90162.90714007126,0.0102353826708751,0.0253031405540518,70317327428.39336,-0.2773874164591693,1,0,0.3333333333333333,45,2
BTC,2025-12-09,90618.0535204608,0.0050353459833543,0.0253341616829556,70129679753.02957,-0.2737396358778312,0,0,0.3333333333333333,45,2
BTC,2025-12-10,92723.21372069632,0.0229653994932134,0.0253188608100815,69950434866.89381,-0.2568677835905456,0,1,0.6666666666666666,45,2
BTC,2025-12-11,92005.13714957412,-0.0077744448490684,0.0251570649045072,69438538286.10149,-0.2626228239136426,0,0,0.0,45,2
BTC,2025-12-12,92494.17691640416,0.0053012762092608,0.024817692250855,68846007570.12378,-0.2587034040482842,0,0,0.3333333333333333,45,2
BTC,2025-12-13,90307.26028567804,-0.0239278312560761,0.0250257740589525,68993273550.65848,-0.2762304950288619,0,0,0.3333333333333333,45,2
BTC,2025-12-14,90257.4292885891,-0.0005519462135314,0.0248932147526296,66818588012.95611,-0.2766298666406369,0,0,0.0,45,2
BTC,2025-12-15,88230.77409367911,-0.0227100980284678,0.0232759029445509,64172261847.344574,-0.2928725388524504,0,0,0.0,45,2
ADA,2024-12-20,0.8856294008673282,-0.0015318528612333232,0.040547743033962975,9118911905.32381,0.0,1,0,0.3333333333333333,45,0
ADA,2024-12-21,0.95061505400963,0.0708106207238482,0.040547743033962975,9118911905.32381,0.0,0,0,0.3333333333333333,45,0
ADA,2024-12-22,0.9046599113089584,-0.0495501159137464,0.040547743033962975,9118911905.32381,-0.0483425362420213,0,0,0.0,45,0
ADA,2024-12-23,0.8827956119261179,-0.0244653807265253,0.040547743033962975,9118911905.32381,-0.071342697338375,0,0,0.3333333333333333,45,0
ADA,2024-12-24,0.9228752612988012,0.0444003767766451,0.040547743033962975,9118911905.32381,-0.0291808893556064,0,0,0.3333333333333333,45,0
ADA,2024-12-25,0.9368563828179975,0.0150359165693069,0.040547743033962975,9118911905.32381,-0.0144734413089707,0,0,0.0,45,0
ADA,2024-12-26,0.916751541184192,-0.0216935089951964,0.040547743033962975,9118911905.32381,-0.0356227399120221,0,0,0.0,45,0
ADA,2024-12-27,0.8593419351414681,-0.0646695834460473,0.040547743033962975,9118911905.32381,-0.0960148048183942,0,0,0.3333333333333333,45,0
ADA,2024-12-28,0.8741699171287979,0.0171078653075945,0.040547743033962975,9118911905.32381,-0.0804165014622813,1,1,0.6666666666666666,45,0
ADA,2024-12-29,0.8875851081613702,0.0152296433210627,0.040547743033962975,9118911905.32381,-0.0663043842851044,1,1,0.6666666666666666,45,0
ADA,2024-12-30,0.8591433475186276,-0.0325686280053876,0.040547743033962975,9118911905.32381,-0.0962237091714263,1,1,0.6666666666666666,45,0
ADA,2024-12-31,0.8591305888515354,-1.485056232590194e-05,0.040547743033962975,9118911905.32381,-0.0962371306579033,1,1,1.0,45,0
ADA,2025-01-01,0.8442610184323533,-0.0174592243746469,0.040547743033962975,9118911905.32381,-0.1118791829865122,1,1,1.0,45,0
ADA,2025-01-02,0.9147583319262166,0.0801982019474784,0.040547743033962975,9118911905.32381,-0.0377194974266104,1,0,0.3333333333333333,45,0
ADA,2025-01-03,0.961848097335144,0.0501966229429326,0.040547743033962975,9118911905.32381,0.0,1,1,0.6666666666666666,45,0
ADA,2025-01-04,1.0904865469624805,0.1255227137686136,0.040547743033962975,9118911905.32381,0.0,0,0,0.0,45,0
ADA,2025-01-05,1.0719205077612817,-0.0171720633148089,0.040547743033962975,9118911905.32381,-0.0170254637738668,0,0,0.0,45,0
ADA,2025-01-06,1.0939767111827936,0.0203675093147371,0.040547743033962975,9118911905.32381,0.0,0,0,0.0,45,0
ADA,2025-01-07,1.0941475413501178,0.0001561430229325,0.040547743033962975,9118911905.32381,0.0,0,0,0.3333333333333333,45,0
ADA,2025-01-08,0.9933347400068778,-0.0966631310665279,0.040547743033962975,9118911905.32381,-0.0921382149420566,0,0,0.3333333333333333,45,0
ADA,2025-01-09,0.9478995284282536,-0.0468191929768011,0.040547743033962975,9118911905.32381,-0.1336638866284908,0,1,0.6666666666666666,45,0
ADA,2025-01-10,0.9060582113414768,-0.0451449590600841,0.040547743033962975,9118911905.32381,-0.1719049057831352,1,1,0.6666666666666666,45,0
ADA,2025-01-11,0.9316713148155308,0.0278765310694334,0.040547743033962975,9118911905.32381,-0.1484957196303711,1,1,1.0,45,0
ADA,2025-01-12,0.996136878939902,0.0669045908194731,0.040547743033962975,9118911905.32381,-0.0895771901925366,1,1,0.6666666666666666,45,0
ADA,2025-01-13,0.969186964876666,-0.0274271373084757,0.040547743033962975,9118911905.32381,-0.1142081590927466,1,1,1.0,45,0
ADA,2025-01-14,0.9450610027794694,-0.0252080608721281,0.040547743033962975,9118911905.32381,-0.136258167145067,1,1,1.0,45,0
ADA,2025-01-15,0.9944214498919838,0.0509116320356312,0.040547743033962975,9118911905.32381,-0.0911450126141832,0,0,0.3333333333333333,45,0
ADA,2025-01-16,1.084480992215901,0.0866956926897649,0.040547743033962975,9118911905.32381,-0.0088347766355977,0,0,0.3333333333333333,45,0
ADA,2025-01-17,1.0906700675315832,0.0056907238606382,0.040547743033962975,9118911905.32381,-0.0031782494472761,0,0,0.3333333333333333,45,0
ADA,2025-01-18,1.1369537229272808,0.041560264688715,0.040547743033962975,1426692686.0568583,0.0,0,0,0.3333333333333333,45,0
ADA,2025-01-19,1.1009310555353091,-0.0321962769877746,0.0504347317157894,1393491168.4027815,-0.0316834948209019,0,0,0.0,45,0
ADA,2025-01-20,0.9917829386728936,-0.104407243382643,0.0529057498934546,1388040294.5180366,-0.1276839868914104,0,0,0.0,45,0
ADA,2025-01-21,1.0068201561876229,0.0150480115916429,0.0520679556067791,1423747376.6583445,-0.1144581033646707,0,0,0.0,45,0
ADA,2025-01-22,1.0046310219001418,-0.0021766724200462,0.0518125696536954,1438576520.4231682,-0.1163835417033964,0,0,0.0,45,0
ADA,2025-01-23,0.9802503420918104,-0.0245676205353608,0.0515015137025477,1425112316.2491307,-0.1378274046475796,0,0,0.0,45,0
ADA,2025-01-24,0.988034095654144,0.0079092167671906,0.0514557765818535,1430164126.2071922,-0.1309812565543282,0,0,0.0,45,0
ADA,2025-01-25,0.9715690918885032,-0.0168048218615961,0.0513865922582628,1436406827.4669788,-0.1454629398749553,0,0,0.0,45,0
ADA,2025-01-26,0.9775990304899744,0.0061872116299571,0.0498242796059369,1424934941.6071231,-0.1401593479346024,0,0,0.0,45,0
ADA,2025-01-27,0.9541780430020652,-0.0242493147719475,0.0500293461513224,1410356731.5715396,-0.1607591199531222,0,0,0.0,45,0
ADA,2025-01-28,0.9331646231189152,-0.0222686517082959,0.0501793808852434,1437519629.3617756,-0.1792413320778579,0,0,0.0,45,0
ADA,2025-01-29,0.9162358892529788,-0.0183077776721175,0.0499106816935859,1439258755.8806758,-0.1941308860892124,0,0,0.0,45,0
ADA,2025-01-30,0.9416326058959792,0.0273413309885011,0.0501193316732714,1432480241.4250991,-0.1717933747808258,0,0,0.0,45,0
ADA,2025-01-31,0.9609684445044404,0.0203263887992543,0.0500607352042644,1428099889.077275,-0.1547866679830524,0,0,0.0,45,0
ADA,2025-02-01,0.9425307818897108,-0.0193729937087987,0.0481193979217536,1417902617.4694204,-0.1710033901265524,0,0,0.0,45,0
ADA,2025-02-02,0.8982630053120425,-0.0481056742306099,0.0480004191164597,1394098164.199706,-0.2099388152762176,0,0,0.3333333333333333,45,0
ADA,2025-02-03,0.7981056815290045,-0.1182218827130931,0.0462175798388466,1356950412.2203166,-0.2980315157646472,0,0,0.0,45,0
ADA,2025-02-04,0.8095252800415622,0.0142069801601361,0.0464138007914898,1469499592.2603586,-0.2879874846996396,0,0,0.3333333333333333,45,0
ADA,2025-02-05,0.7469703594022901,-0.0804224970046521,0.0478145819972379,1476040844.2267816,-0.343007244411771,0,0,0.3333333333333333,45,0
ADA,2025-02-06,0.7332663432877611,-0.0185165083870754,0.0477627176537525,1457900049.0148747,-0.3550605196139011,0,0,0.0,45,0
ADA,2025-02-07,0.7039815460494513,-0.0407568536269451,0.0454334967197691,1412322365.2414558,-0.3808177660591752,1,1,1.0,45,0
ADA,2025-02-08,0.7068603366492864,0.0040809599296342,0.0450166688066332,1376796508.544118,-0.3782857451494559,1,1,0.6666666666666666,45,0
ADA,2025-02-09,0.7021784786978031,-0.0066454878754116,0.0445197712989256,1350160810.619109,-0.3824036418211243,1,0,0.3333333333333333,45,0
ADA,2025-02-10,0.6829085131547858,-0.0278267128007392,0.0441101460903987,1331248377.0200813,-0.39935241040724,1,1,0.6666666666666666,45,0
ADA,2025-02-11,0.7092884772777551,0.0379014208034084,0.0426522031417315,1324087587.7278404,-0.3761500903910396,1,1,0.6666666666666666,45,0
ADA,2025-02-12,0.7798744439436354,0.0948706145502282,0.0467110463014552,1346348544.358246,-0.3140666781619607,0,1,0.6666666666666666,45,0
ADA,2025-02-13,0.7979754265851546,0.0229448657990753,0.0468994222133979,1335724829.3456357,-0.2981460806244329,1,0,0.3333333333333333,45,0
ADA,2025-02-14,0.8102560488773543,0.0152725042167283,0.0458573850372498,1325532352.6374009,-0.2873447418851735,0,0,0.3333333333333333,45,0
ADA,2025-02-15,0.800915838420313,-0.0115944365277208,0.0423199189267534,1277296289.1743329,-0.2955598611716413,0,1,0.6666666666666666,45,0
ADA,2025-02-16,0.7814783063035197,-0.0245684804840973,0.0422910915504243,1224870254.9065998,-0.3126560118106911,1,1,0.6666666666666666,45,0
ADA,2025-02-17,0.7713503011207024,-0.0130447735883579,0.0411043808469369,1179088539.3723636,-0.3215640306496118,0,0,0.0,45,0
ADA,2025-02-18,0.8072872842141813,0.0455369784332781,0.0422813459353165,1163176279.552355,-0.2899558988771479,0,0,0.3333333333333333,45,0
ADA,2025-02-19,0.7534573390949694,-0.0690071958028837,0.0399979098647282,1099188635.1021376,-0.3373016650536442,1,0,0.3333333333333333,45,0
ADA,2025-02-20,0.7720538356854337,0.024381883467527,0.0402283554688107,1032314846.4639168,-0.320945241555083,0,0,0.3333333333333333,45,0
ADA,2025-02-21,0.8048194414479836,0.0415636729852629,0.0412580283899528,998302085.2901968,-0.2921264733837724,0,0,0.3333333333333333,45,0
ADA,2025-02-22,0.7616380207672204,-0.0551465514655193,0.0420667996225946,994807328.6075686,-0.330106401511001,0,0,0.0,45,0
ADA,2025-02-23,0.7742502077307336,0.016423682695627,0.0422091886033255,971974988.246534,-0.319013437295148,0,0,0.0,45,0
ADA,2025-02-24,0.7709438007684473,-0.0042796075968625,0.0421823345374266,958561334.9570932,-0.3219215653003701,0,0,0.0,45,0
ADA,2025-02-25,0.6799958032161385,-0.12552885314558,0.0472378442108184,973761963.049654,-0.4019142648432747,0,0,0.3333333333333333,45,0
ADA,2025-02-26,0.6826325380000318,0.0038700766674386,0.0472674375727602,999587742.153232,-0.3995951424984315,1,1,0.6666666666666666,45,0
ADA,2025-02-27,0.6446208040699569,-0.0572944598298921,0.0479784373770075,981105766.8640996,-0.4330281074147231,1,1,0.6666666666666666,45,0
ADA,2025-02-28,0.6461286944605975,0.0023364581250293,0.0480377634646779,978153217.923206,-0.4317018525635069,1,1,0.6666666666666666,45,0
ADA,2025-03-01,0.6340718656426285,-0.0188364006107959,0.0474821592899301,987974245.9945503,-0.4423063552577121,1,1,0.6666666666666666,45,0
ADA,2025-03-02,0.6582602004111846,0.0374379937514608,0.0479985313598538,984939500.0868052,-0.421031668099576,1,0,0.3333333333333333,45,0
ADA,2025-03-03,1.1383401347214197,0.5477261636706396,0.1129577738771515,1232514036.3962636,0.0,0,0,0.0,45,0
ADA,2025-03-04,0.8568079668844821,-0.2841126406757758,0.124505002497566,1417870156.3957014,-0.2473181426620221,0,0,0.3333333333333333,45,0
ADA,2025-03-05,0.9435445759037008,0.0964297914452882,0.1237358086444596,1526155548.4699817,-0.1711224552979415,0,0,0.0,45,0
ADA,2025-03-06,0.9757471161760348,0.0335598416081179,0.1238327457745909,1484547952.4584997,-0.1428334234961991,0,0,0.0,45,0
ADA,2025-03-07,0.907346039088462,-0.0726795527125009,0.1236538630133482,1510227515.7920303,-0.202921858403497,0,0,0.0,45,0
ADA,2025-03-08,0.8172312446982826,-0.1046018017913899,0.1252426528440962,1588478786.1830275,-0.2820851872201805,0,0,0.3333333333333333,45,0
ADA,2025-03-09,0.804467726740253,-0.0157412463526002,0.1250201288228266,1596231493.8637824,-0.2932975810985296,0,0,0.3333333333333333,45,0
ADA,2025-03-10,0.721388146040346,-0.1090035132526912,0.1267247494786158,1615677887.854354,-0.3662806712715197,1,1,0.6666666666666666,45,0
ADA,2025-03-11,0.6750987117510554,-0.066318416640712,0.1273106314751918,1660602965.7397666,-0.4069446458406134,1,1,0.6666666666666666,45,0
ADA,2025-03-12,0.7229736562075002,0.0685138649024042,0.1278327229301108,1696591209.3889587,-0.3648878448931874,0,0,0.3333333333333333,45,0
ADA,2025-03-13,0.736666917455641,0.0187630615669977,0.1276945456913239,1713717827.739445,-0.3528586975140591,0,0,0.0,45,0
ADA,2025-03-14,0.7017276884338084,-0.048590425725143,0.1267508822362471,1692731624.941605,-0.3835518339116289,1,0,0.3333333333333333,45,0
ADA,2025-03-15,0.7386527093718266,0.0512824432097901,0.1270601169258499,1685979181.0253456,-0.3511142348041753,1,0,0.3333333333333333,45,0
ADA,2025-03-16,0.7477933206994789,0.0122987668029547,0.1270468725417813,1680712355.1835706,-0.3430844631666416,0,0,0.0,45,0
ADA,2025-03-17,0.7063226566895222,-0.0570544766710244,0.1274274764115043,1680509055.39657,-0.3795152826950294,0,1,0.6666666666666666,45,0
ADA,2025-03-18,0.7182475371685878,0.0167421150223935,0.1274228679757739,1688125698.5044372,-0.3690396084081135,0,0,0.0,45,0
ADA,2025-03-19,0.7028326612501901,-0.0216954406503232,0.1274566057124077,1695452772.75378,-0.3825811461684158,1,1,0.6666666666666666,45,0
ADA,2025-03-20,0.7454676924079612,0.0588929681856797,0.1276555239947321,1697253360.7466378,-0.3451274626362921,0,0,0.3333333333333333,45,0
ADA,2025-03-21,0.7177817989305744,-0.0378461748054857,0.1272230631718479,1697545367.768149,-0.3694487464362015,1,1,0.6666666666666666,45,0
ADA,2025-03-22,0.7042253265879588,-0.0190672505261256,0.1271641862050313,1695108296.431375,-0.3813577285840841,1,1,0.6666666666666666,45,0
ADA,2025-03-23,0.7004888130724237,-0.0053199753923519,0.1268845872695075,1686967711.6286051,-0.384640151299022,1,1,0.6666666666666666,45,0
ADA,2025-03-24,0.708589878997602,0.0114985135010427,0.1265525844632278,1676798844.4992683,-0.3775235912498055,0,0,0.0,45,0
ADA,2025-03-25,0.7299608913945431,0.029714050042637,0.1266440039158535,1689971910.682659,-0.3587497540239299,0,0,0.0,45,0
ADA,2025-03-26,0.7456209405094492,0.0212263891490185,0.1267135145111211,1709217263.7838562,-0.3449928384613082,0,0,0.0,45,0
ADA,2025-03-27,0.7280096173884845,-0.0239030896163221,0.1246137490244901,1707082615.6971884,-0.3604638937142925,0,1,0.6666666666666666,45,0
ADA,2025-03-28,0.7381307766619702,0.0138067542427898,0.1246313415477589,1682880858.506683,-0.3515727381055493,0,0,0.0,45,0
ADA,2025-03-29,0.7054500054704209,-0.0452851082370037,0.1244514675966415,1680395592.614127,-0.3802818824067359,0,0,0.3333333333333333,45,0
ADA,2025-03-30,0.6740559356529756,-0.0455228067618502,0.1247666915223849,1678801803.1355493,-0.4078606955047456,0,0,0.3333333333333333,45,0
ADA,2025-03-31,0.6601152181346328,-0.0208987053361769,0.1247787993010348,1657475924.3246598,-0.420107226302638,1,1,1.0,45,0
ADA,2025-04-01,0.6611376773087757,0.0015477118449767,0.1245926991064631,1664233594.6286137,-0.4192090244884736,0,0,0.3333333333333333,45,0
ADA,2025-04-02,0.6782918986781525,0.0256156197525619,0.0699493079636129,1416499636.131108,-0.4041395203515797,0,0,0.3333333333333333,45,0
ADA,2025-04-03,0.6416810199741727,-0.0554863977186751,0.0492712678213074,1242691066.7655616,-0.4363011542844283,0,1,0.6666666666666666,45,0
ADA,2025-04-04,0.650635234098672,0.0138578422935393,0.0452870465086876,1110859100.8056822,-0.4284351273814142,0,0,0.3333333333333333,45,0
ADA,2025-04-05,0.6605590488885138,0.0151373513637683,0.0447643800368837,1025859161.8367108,-0.4197173333872049,0,0,0.3333333333333333,45,0
ADA,2025-04-06,0.6562187375321188,-0.0065923455270128,0.0433295241044582,961024152.4742254,-0.4235301756335667,0,0,0.3333333333333333,45,0
ADA,2025-04-07,0.573016902460604,-0.1355789602590885,0.0459328390869547,887061881.5423279,-0.496620662855891,1,0,0.3333333333333333,45,0
ADA,2025-04-08,0.5846653688337909,0.0201244500132631,0.0462929620795999,915167463.7466736,-0.4863878106372194,1,0,0.3333333333333333,45,0
ADA,2025-04-09,0.5576109268777084,-0.0473782089590577,0.0430298998533285,907390234.7104068,-0.5101543819201545,1,1,0.6666666666666666,45,0
ADA,2025-04-10,0.6320092192400434,0.1252425259256666,0.0480834881841367,897714880.9108372,-0.4447975609726597,1,1,0.6666666666666666,45,0
ADA,2025-04-11,0.6099453101466736,-0.0355346837947879,0.0465346834885118,869119399.0999645,-0.4641800885849092,0,0,0.3333333333333333,45,0
ADA,2025-04-12,0.624013663949495,0.0228029678338377,0.0466135956310504,854807553.7452219,-0.4518214328776111,0,1,0.6666666666666666,45,0
ADA,2025-04-13,0.658135992436163,0.053239319921146,0.0470752928547682,839188948.0695062,-0.4218459207737366,0,1,0.6666666666666666,45,0
ADA,2025-04-14,0.6370042586934123,-0.0326352443090167,0.0462780375759671,826700196.6585397,-0.4404095583880092,0,0,0.3333333333333333,45,0
ADA,2025-04-15,0.6347389438662727,-0.0035625387554147,0.0461648244140954,827272546.0142974,-0.4423995741645275,0,1,0.6666666666666666,45,0
ADA,2025-04-16,0.6080639244271904,-0.0429337870413836,0.0456902214793946,825861330.8110639,-0.4658328333683861,1,0,0.3333333333333333,45,0
ADA,2025-04-17,0.6106653469788688,0.0042690802028515,0.0455421279264435,821833919.939316,-0.4635475563476343,1,1,1.0,45,0
ADA,2025-04-18,0.6168950161106203,0.0101497617542448,0.0455205485392644,814512668.0282385,-0.4580749660894721,1,1,0.6666666666666666,45,0
ADA,2025-04-19,0.6273043794612541,0.0167330192675403,0.0441304050089738,791501627.7590796,-0.4489306312521686,1,0,0.3333333333333333,45,0
ADA,2025-04-20,0.6280852975713835,0.0012441048785753,0.0437253627501385,772791076.0013995,-0.4482446165134187,1,1,1.0,45,0
ADA,2025-04-21,0.6202087731824584,-0.0126198291057395,0.0436668441575184,764243752.4895347,-0.4551639230973447,1,1,0.6666666666666666,45,0
ADA,2025-04-22,0.6226371412727918,0.0039077590428624,0.0436914294754324,770920170.3946755,-0.4530306695852671,1,1,1.0,45,0
ADA,2025-04-23,0.6821362911471233,0.0912655669293976,0.0469669358008526,780069121.1596038,-0.4007623289904831,1,1,0.6666666666666666,45,0
ADA,2025-04-24,0.6972646472481486,0.0219355551856174,0.0468112112858256,781919291.635203,-0.387472490883591,1,0,0.3333333333333333,45,0
ADA,2025-04-25,0.7220676397924738,0.0349537849725308,0.0471074559251961,781175109.4569443,-0.3656837549971988,0,0,0.3333333333333333,45,0
ADA,2025-04-26,0.7138859038055668,-0.0113956674490694,0.0469535035560261,782536629.7514431,-0.3728711814415007,0,0,0.0,45,0
ADA,2025-04-27,0.7075935331519487,-0.0088533278644419,0.0468950981273253,785803121.1209526,-0.3783988532345698,0,0,0.0,45,0
ADA,2025-04-28,0.704070171794187,-0.0049917960795928,0.0461664571776322,778889455.742878,-0.3814940277349611,0,0,0.3333333333333333,45,0
ADA,2025-04-29,0.7052906740354157,0.0017319944000798,0.0453611253958121,787841156.3792927,-0.3804218506202296,0,1,0.6666666666666666,45,0
ADA,2025-04-30,0.6957354792970168,-0.0136404918222379,0.0452567205826342,799156205.9721234,-0.3888158221995039,0,0,0.0,45,0
ADA,2025-05-01,0.6820275063998128,-0.0198995406179079,0.0454291261887026,794238104.3665646,-0.4008578933512504,0,0,0.3333333333333333,45,0
ADA,2025-05-02,0.7048540559063339,0.0329207794886385,0.0455847254788013,790937691.7510903,-0.3808054074463172,0,0,0.3333333333333333,45,0
ADA,2025-05-03,0.6974986414291682,-0.0104902025615018,0.0443767703893878,780924769.5901225,-0.387266933534006,0,0,0.3333333333333333,45,0
ADA,2025-05-04,0.7013467253059199,0.005501814103308,0.0443310438999093,777647189.060898,-0.3838864993743219,1,1,0.6666666666666666,45,0
ADA,2025-05-05,0.6763756494805502,-0.0362537638253229,0.0448162151690137,771068206.6764101,-0.4058228917264028,1,1,1.0,45,0
ADA,2025-05-06,0.6631639151504879,-0.019726424066357,0.0449547444576092,780399240.0461596,-0.4174290311631851,1,0,0.3333333333333333,45,0
ADA,2025-05-07,0.6787761903074216,0.0232692644585537,0.037052695105809,767193522.7378098,-0.4037140836877063,1,1,1.0,45,0
ADA,2025-05-08,0.671376495581957,-0.010961380728635,0.037068494408274,723183696.973853,-0.4102145087362139,1,0,0.3333333333333333,45,0
ADA,2025-05-09,0.7651537464755499,0.130746713555272,0.0423443678974276,727135842.0194869,-0.3278338142203849,1,1,0.6666666666666666,45,0
ADA,2025-05-10,0.7773024778174161,0.0157527745358747,0.0364222338559515,723470495.0982331,-0.3171614932055071,1,1,1.0,45,0
ADA,2025-05-11,0.8400596557571808,0.0776433441196797,0.037714123743616,740135283.6927555,-0.2620310659935008,0,1,0.6666666666666666,45,0
ADA,2025-05-12,0.8048629924679394,-0.0428008408325629,0.0388705963128217,749246466.6713517,-0.2929503512015682,0,0,0.0,45,0
ADA,2025-05-13,0.8191103769126542,0.0175467778758511,0.0379897247639598,790334997.2352977,-0.280434422077975,0,0,0.0,45,0
ADA,2025-05-14,0.8312541090164433,0.014716690018039,0.0372500443168533,810511981.9931992,-0.2697664927540555,0,0,0.0,45,0
ADA,2025-05-15,0.7985815955519888,-0.0400983866622842,0.0382543176257034,826739309.757676,-0.2984683828727327,0,0,0.3333333333333333,45,0
ADA,2025-05-16,0.760909266948887,-0.0483230264335437,0.0385118557903127,837536872.7712835,-0.3315624708821317,0,0,0.0,45,0
ADA,2025-05-17,0.7605802350885046,-0.0004325128304482,0.0385349089739442,843752038.2227751,-0.331851516177423,1,0,0.3333333333333333,45,0
ADA,2025-05-18,0.7424784161936966,-0.0240878080543045,0.0389528681563054,859008419.5440233,-0.3477534582619283,1,0,0.3333333333333333,45,0
ADA,2025-05-19,0.7518394820880364,0.0125290453400433,0.0389211305940149,878153606.0520389,-0.3395300234476663,0,0,0.3333333333333333,45,0
ADA,2025-05-20,0.7426046048097757,-0.0123591038423652,0.0390578867866073,895629811.39562,-0.3476426050887596,1,0,0.3333333333333333,45,0
ADA,2025-05-21,0.7456441858290309,0.0040847810725838,0.038908220825241,906830185.2174298,-0.3449724180975937,1,1,0.6666666666666666,45,0
ADA,2025-05-22,0.772065003489696,0.0348202241663557,0.0392548592125832,921668237.1903644,-0.3217624680529782,0,1,0.6666666666666666,45,0
ADA,2025-05-23,0.8077548195843751,0.0451898234735207,0.0366672205551618,929506785.381124,-0.2904099618853789,0,0,0.3333333333333333,45,0
ADA,2025-05-24,0.748254247966839,-0.0765157474457957,0.0394574752267139,944534184.375318,-0.3426795514418407,0,0,0.3333333333333333,45,0
ADA,2025-05-25,0.7460261925160765,-0.0029821137205241,0.0389816616856021,931034579.66168,-0.3446368358973412,0,0,0.0,45,0
ADA,2025-05-26,0.7589761692612583,0.017209669156207,0.0390156094454934,921858351.8915544,-0.3332606431846499,0,0,0.3333333333333333,45,0
ADA,2025-05-27,0.7582470752465925,-0.0009610900352689,0.0389661906877442,919507285.835381,-0.3339011319036427,0,0,0.3333333333333333,45,0
ADA,2025-05-28,0.7578018172885506,-0.0005873926270276,0.0389460438671352,922358736.1032414,-0.3342922785780511,0,0,0.3333333333333333,45,0
ADA,2025-05-29,0.7465205662397495,-0.0149987298722302,0.0390762723032835,910925728.5364916,-0.3442025423952554,0,0,0.3333333333333333,45,0
ADA,2025-05-30,0.724272085506191,-0.0302560363229218,0.0394202778725993,905321307.3002532,-0.3637472110359717,0,0,0.3333333333333333,45,0
ADA,2025-05-31,0.6912614352706643,-0.0466490349107693,0.0402118377000347,916773761.3316518,-0.3927461448595649,0,0,0.3333333333333333,45,0
ADA,2025-06-01,0.6863035406713839,-0.0071980866130746,0.0397592396458308,921271530.6571848,-0.397101516727828,0,0,0.0,45,0
ADA,2025-06-02,0.6853559510305921,-0.0013816691347536,0.0397181499204374,918537540.8152052,-0.397933947749004,0,0,0.0,45,0
ADA,2025-06-03,0.6900620402912112,0.0068431671759339,0.0397259929849914,912477310.3183044,-0.3937997798346215,0,0,0.3333333333333333,45,0
ADA,2025-06-04,0.684833771475063,-0.0076053675810782,0.0391784642248222,906923734.921878,-0.398392667897404,0,0,0.0,45,0
ADA,2025-06-05,0.6662352525151268,-0.0275332992604301,0.0393424386569005,898096091.0504475,-0.4147309471099591,1,1,0.6666666666666666,45,0
ADA,2025-06-06,0.6279989717216173,-0.0591043110924483,0.0405301302343907,905005502.4480724,-0.4483204513602568,1,0,0.3333333333333333,45,0
ADA,2025-06-07,0.6564156318236438,0.0442556443299108,0.0413817595984698,904892030.9611738,-0.4233572095002298,1,1,1.0,45,0
ADA,2025-06-08,0.665097118031322,0.0131388987342917,0.0332706932571605,871222387.3937918,-0.4157307664513753,0,0,0.0,45,0
ADA,2025-06-09,0.6696475032429187,0.0068183872302747,0.033121218519844,836384123.8870591,-0.4117333801932599,0,0,0.0,45,0
ADA,2025-06-10,0.7051927875959849,0.0517197636371402,0.0311724014864548,808584703.3410715,-0.3805078411220534,0,1,0.6666666666666666,45,0
ADA,2025-06-11,0.7161084051691045,0.0153603363551851,0.0305973088509311,799254100.3344674,-0.3709187760964308,0,0,0.0,45,0
ADA,2025-06-12,0.6978609557770317,-0.0258116802068668,0.0305736066210961,757891659.1865325,-0.3869486505034669,0,0,0.0,45,0
ADA,2025-06-13,0.6645616396607636,-0.048892244345287,0.0313309799897662,737728752.8811561,-0.4162011692371731,0,0,0.0,45,0
ADA,2025-06-14,0.6415287116259395,-0.0352736947451478,0.0311696375568216,731070240.4539896,-0.4364349529124371,0,0,0.0,45,0
ADA,2025-06-15,0.6249531411165467,-0.02617726735823,0.0304177425368399,709228771.1015483,-0.4509961284379309,0,0,0.0,45,0
ADA,2025-06-16,0.6338091675682362,0.0140712388897677,0.0306330106703246,693517421.9341689,-0.4432163566618468,0,0,0.0,45,0
ADA,2025-06-17,0.6348092267777333,0.0015766118812536,0.0304706374421779,684445657.5157387,-0.4423378325907071,0,0,0.0,45,0
ADA,2025-06-18,0.6114224843190872,-0.0375363395651132,0.0308337405747927,675104823.8315622,-0.4628824323507511,0,0,0.0,45,0
ADA,2025-06-19,0.6031520541269734,-0.0136188562472707,0.0308423006523924,668228698.3964922,-0.4701477741759674,0,1,0.6666666666666666,45,0
ADA,2025-06-20,0.6022517506298001,-0.0014937793642763,0.0307903547432858,658912936.5249741,-0.4709386656412794,0,0,0.0,45,0
ADA,2025-06-21,0.5768480561772417,-0.0430966506585213,0.0304146299865993,644843616.5427201,-0.4932551013687918,0,1,0.6666666666666666,45,0
ADA,2025-06-22,0.5507083653541873,-0.0463735110932985,0.0292881309754614,629740101.9842733,-0.5162180893420231,1,1,0.6666666666666666,45,0
ADA,2025-06-23,0.5411301510006504,-0.0175455617791507,0.0267293132372876,617367492.4392769,-0.5246322830099648,1,1,0.6666666666666666,45,0
ADA,2025-06-24,0.5832401178415064,0.0749391427188427,0.0309656935121285,627144604.7893378,-0.4876398538085105,0,0,0.3333333333333333,45,0
ADA,2025-06-25,0.5872194649270592,0.0067996579742405,0.0307284912111645,628577642.3938843,-0.4841441085877495,0,1,0.6666666666666666,45,0
ADA,2025-06-26,0.5667721482568538,-0.0354412574324036,0.0310776107600127,627267298.2419407,-0.5021065049282857,1,0,0.3333333333333333,45,0
ADA,2025-06-27,0.5541621947716998,-0.0224999537918018,0.0311134945979481,623709360.4271911,-0.5131839967082271,0,0,0.3333333333333333,45,0
ADA,2025-06-28,0.5586998411211989,0.0081549578483302,0.0312830206016721,620854227.6358317,-0.5091978011845056,1,1,0.6666666666666666,45,0
ADA,2025-06-29,0.5655976009022613,0.0122705007943567,0.0312810900091764,610150575.7508415,-0.5031383119592132,1,1,0.6666666666666666,45,0
ADA,2025-06-30,0.5775074724180472,0.0208385086771424,0.0308475433631901,597172999.3232003,-0.4926758226271467,0,1,0.6666666666666666,45,0
ADA,2025-07-01,0.5720180140652412,-0.009550897559316,0.0308537025325081,595997145.9762282,-0.4974981583995294,1,1,0.6666666666666666,45,0
ADA,2025-07-02,0.5421512626893101,-0.0536254390489666,0.0320317538041077,599559226.1049203,-0.5237352649241449,1,1,0.6666666666666666,45,0
ADA,2025-07-03,0.5846952591552708,0.075545742026651,0.0353950713670659,611682804.0205042,-0.4863615528250172,0,0,0.3333333333333333,45,0
ADA,2025-07-04,0.5987839336899987,0.0238100343578588,0.0357938136682389,619303483.1904132,-0.4739850459225562,0,1,0.6666666666666666,45,0
ADA,2025-07-05,0.5728146380802783,-0.0443386507128412,0.036295102231604,623954287.5732807,-0.4967983464621842,1,1,0.6666666666666666,45,0
ADA,2025-07-06,0.5760131698614164,0.0055683541495899,0.0348654326533493,608207792.0803201,-0.4939885256682255,1,1,1.0,45,0
ADA,2025-07-07,0.5857056935866781,0.0166869092660856,0.0339310147944973,601561490.3763602,-0.4854739144113416,1,1,0.6666666666666666,45,0
ADA,2025-07-08,0.5798100944867142,-0.010116807416344,0.0337960839484972,608695228.6598244,-0.4906530334814135,1,1,0.6666666666666666,45,0
ADA,2025-07-09,0.5882961516358525,0.0145298537225441,0.0339148417983339,610087454.478932,-0.4831982693996612,1,1,1.0,45,0
ADA,2025-07-10,0.6236218758822067,0.0583137362095143,0.0343096066010333,622244537.8887774,-0.4521656077470882,1,0,0.3333333333333333,45,0
ADA,2025-07-11,0.6771328310749256,0.0823232425357149,0.0376360990763853,630430386.444455,-0.4051577288534793,1,1,0.6666666666666666,45,0
ADA,2025-07-12,0.7108207334882014,0.0485528059896456,0.0384447872504377,693602365.8984535,-0.3755638479160211,1,1,1.0,45,0
ADA,2025-07-13,0.7087303921384289,-0.0029450758382878,0.0373028314529537,711917893.6934212,-0.3774001543819124,1,1,0.6666666666666666,45,0
ADA,2025-07-14,0.7378983923650405,0.0403309461534664,0.0372415324792098,724704766.2004126,-0.351776881216946,1,1,1.0,45,0
ADA,2025-07-15,0.733985780563862,-0.0053164795015148,0.036838368386384,764543089.5414569,-0.3552140013551515,1,1,0.6666666666666666,45,0
ADA,2025-07-16,0.747277634667093,0.0179471264049767,0.0368767481825258,799492270.3203635,-0.3435374789364073,1,1,1.0,45,0
ADA,2025-07-17,0.7641507655300265,0.0223283244762622,0.0369952548904563,824514931.0914758,-0.3287149049549823,1,1,1.0,45,0
ADA,2025-07-18,0.8253351061679741,0.0770243863773494,0.0382193507750649,879569101.8950336,-0.2749661713632241,1,1,0.6666666666666666,45,0
ADA,2025-07-19,0.8161741510181671,-0.0111617405980342,0.0381695906536542,949390065.7243516,-0.2830138144800584,0,0,0.0,45,0
ADA,2025-07-20,0.8304330576753646,0.0173195683999438,0.0381273725117687,966474250.882394,-0.2704877634147615,0,0,0.0,45,0
ADA,2025-07-21,0.8583354631312871,0.0330476847860873,0.0369379227494249,999568375.1397444,-0.2459762798916483,0,0,0.0,45,0
ADA,2025-07-22,0.8904182879941529,0.0366963330827495,0.0353958433462657,1051898408.03154,-0.217792414731946,0,0,0.0,45,0
ADA,2025-07-23,0.9027605176449548,0.0137659719351899,0.0348291878324994,1080844850.3441265,-0.2069501108595429,0,0,0.0,45,0
ADA,2025-07-24,0.815884567414226,-0.1011844273072813,0.0392941311777205,1108780410.7096794,-0.2832682055843587,0,0,0.3333333333333333,45,0
ADA,2025-07-25,0.80501618368269,-0.0134105022851771,0.0395444285501999,1153098903.8647923,-0.2928157769999934,0,0,0.0,45,0
ADA,2025-07-26,0.8148215317217962,0.0121067286087627,0.0385800757425171,1189188299.8253362,-0.2842020527360187,0,0,0.0,45,0
ADA,2025-07-27,0.8190799958273328,0.0052126443071289,0.0380511917682945,1209035277.3155391,-0.2804611110124987,0,0,0.3333333333333333,45,0
ADA,2025-07-28,0.831249582355049,0.014748335453896,0.0380411380865588,1234438553.341762,-0.269770469299603,0,0,0.0,45,0
ADA,2025-07-29,0.7906518877207298,-0.0500723100179792,0.0397601260776339,1274785893.1386716,-0.3054344096246575,0,0,0.0,45,0
ADA,2025-07-30,0.7823246045491294,-0.0105880297734971,0.0399102052246308,1287150764.6481223,-0.3127496952037241,0,0,0.0,45,0
ADA,2025-07-31,0.7642835190955796,-0.0233309311292221,0.0402224647545496,1312186785.373013,-0.3285982846571434,0,1,0.6666666666666666,45,0
ADA,2025-08-01,0.7396045672641582,-0.0328231438087191,0.0392616965076864,1322032927.4772692,-0.3502780542432882,0,0,0.3333333333333333,45,0
ADA,2025-08-02,0.7145221914128183,-0.0345016192625444,0.038083829490103,1348282575.6922438,-0.3723122205581553,1,1,0.6666666666666666,45,0
ADA,2025-08-03,0.6980981330649948,-0.0232543708840252,0.0383226519714022,1362466398.3904226,-0.3867402968833767,1,1,1.0,45,0
ADA,2025-08-04,0.7262374028449563,0.0395172778714855,0.0376433140475516,1377591917.3765314,-0.3620207346702356,1,1,1.0,45,0
ADA,2025-08-05,0.7552702347266081,0.0391986494633016,0.038069499469595,1406849590.899656,-0.3365162031193413,1,1,1.0,45,0
ADA,2025-08-06,0.7263781593451547,-0.0390048521444477,0.0390290861137147,1433253194.055998,-0.3618970840179349,1,1,0.6666666666666666,45,0
ADA,2025-08-07,0.7414880462752388,0.0205882805893703,0.0389625342853273,1447180812.9864805,-0.3486234705616354,1,1,0.6666666666666666,45,0
ADA,2025-08-08,0.7865689725619774,0.0590213737747907,0.0400435876370831,1458890437.4681704,-0.3090211365037476,1,0,0.3333333333333333,45,0
ADA,2025-08-09,0.7919870397270753,0.0068646134811343,0.0389764748000964,1478957319.859851,-0.3042615158949004,1,0,0.3333333333333333,45,0
ADA,2025-08-10,0.8034979007903974,0.0144295448926284,0.036395823146516,1483833851.8925574,-0.2941495460958745,1,1,0.6666666666666666,45,0
ADA,2025-08-11,0.8012979525448268,-0.0027417189782572,0.0355074465155858,1440905361.2587583,-0.2960821391570065,1,0,0.3333333333333333,45,0
ADA,2025-08-12,0.7742441113077331,-0.0343456404624822,0.0361755676793213,1453790512.8417046,-0.3198481827250956,1,0,0.3333333333333333,45,0
ADA,2025-08-13,0.8421230587329199,0.0840389409260797,0.0385362065038779,1486023212.2982686,-0.2602184241364656,1,1,0.6666666666666666,45,0
ADA,2025-08-14,0.9083262306993796,0.0756774449075983,0.0406129273087294,1524666760.2904706,-0.2020607874625542,1,0,0.3333333333333333,45,0
ADA,2025-08-15,0.9257907750447252,0.0190446652555477,0.0406235248897516,1688251020.3252237,-0.1867186732625488,0,0,0.0,45,0
ADA,2025-08-16,0.9417993288449932,0.0171439609384393,0.0405676763383218,1778432054.157119,-0.1726556060720155,0,0,0.0,45,0
ADA,2025-08-17,0.9202323179786044,-0.0231660674717688,0.0386816489573517,1787581519.957008,-0.1916016224765647,0,0,0.3333333333333333,45,0
ADA,2025-08-18,0.9632097962031908,0.0456450872722182,0.0393178794345282,1781069719.110416,-0.1538471087651562,0,0,0.0,45,0
ADA,2025-08-19,0.9234551905457824,-0.0421489678539322,0.0401919374330385,1837869254.971064,-0.1887704189822183,0,1,0.6666666666666666,45,0
ADA,2025-08-20,0.844852910211689,-0.0889597356759362,0.0431658643279578,1884243151.918916,-0.2578203258919219,1,0,0.3333333333333333,45,0
ADA,2025-08-21,0.8814325132681368,0.042385898487651,0.0433471684098297,1881075366.9397333,-0.2256861667415026,0,1,0.6666666666666666,45,0
ADA,2025-08-22,0.8500620636669307,-0.0362390770397949,0.0437457145666984,1868352757.516919,-0.25324423013956,1,1,1.0,45,0
ADA,2025-08-23,0.9292153711002944,0.0890311801566354,0.0426460468750996,1886647180.144029,-0.1837102613203595,0,1,0.6666666666666666,45,0
ADA,2025-08-24,0.9131672024037382,-0.0174215440635124,0.0427098417579607,1870031959.637336,-0.1978081290903329,0,0,0.0,45,0
ADA,2025-08-25,0.9103477002497992,-0.0030923842702974,0.04270298639025,1894488189.919124,-0.200284982947927,0,0,0.3333333333333333,45,0
ADA,2025-08-26,0.8383085888787645,-0.0824403375382633,0.0455024598914958,1938960344.8581684,-0.2635693293165671,0,0,0.3333333333333333,45,0
ADA,2025-08-27,0.8667872730928795,0.0334073097383263,0.0458264366896344,1956761648.9494083,-0.2385516010071945,0,0,0.3333333333333333,45,0
ADA,2025-08-28,0.8500970609404207,-0.0194430546135215,0.044973497153192,1957607451.832173,-0.2532134860127191,0,1,0.6666666666666666,45,0
ADA,2025-08-29,0.8571816065931211,0.0082992735180895,0.0449173374833341,1975287348.3470583,-0.2469899106185034,0,1,0.6666666666666666,45,0
ADA,2025-08-30,0.8272541831683505,-0.0355378023200323,0.0452187973650091,1988054290.5453632,-0.2732803158426806,1,1,1.0,45,0
ADA,2025-08-31,0.8219618530060325,-0.0064180170609074,0.0447593830282762,1980352981.5279293,-0.2779294800080231,0,1,0.6666666666666666,45,0
ADA,2025-09-01,0.8116929323571344,-0.0125718799254813,0.0442936809653626,1955052996.18312,-0.286950439856207,1,1,1.0,45,0
ADA,2025-09-02,0.799421995426129,-0.0152331457010502,0.0441458900361258,1976632945.533635,-0.2977301150663834,1,1,1.0,45,0
ADA,2025-09-03,0.8345690454988189,0.0430265176259946,0.0442463624455828,1993219244.7229435,-0.2668544136827269,1,0,0.3333333333333333,45,0
ADA,2025-09-04,0.8358193960502531,0.0014970778698669,0.0437635766691715,1992601530.6689007,-0.2657560156615237,1,1,0.6666666666666666,45,0
ADA,2025-09-05,0.8103356761503423,-0.0309639794926794,0.0435189932745625,1990278115.092173,-0.2881427515084042,1,1,1.0,45,0
ADA,2025-09-06,0.8308551338308517,0.0250068753178785,0.0435857365390284,1995096629.526965,-0.2701169813061341,1,1,1.0,45,0
ADA,2025-09-07,0.8185531180763999,-0.0149171605774146,0.0424302570452606,1995480254.102185,-0.2809239583942806,1,1,0.6666666666666666,45,0
ADA,2025-09-08,0.8363048012672472,0.0214548498922518,0.0425792556948779,1978751388.260689,-0.2653296007419506,1,1,0.6666666666666666,45,0
ADA,2025-09-09,0.8646800277854038,0.03336638697015,0.042911781857063,1994867438.5497336,-0.240402757127585,1,0,0.3333333333333333,45,0
ADA,2025-09-10,0.8649298409057776,0.0002888664393432,0.0429027140407307,2019277551.126808,-0.2401833032818019,1,1,0.6666666666666666,45,0
ADA,2025-09-11,0.8853218749788114,0.0233028845630132,0.0424822816625986,2017675655.3133523,-0.2222694711581334,0,0,0.3333333333333333,45,0
ADA,2025-09-12,0.8939522635864209,0.009701097886153,0.03976194225938,1982799847.001888,-0.2146879159231319,0,0,0.0,45,0
ADA,2025-09-13,0.9169478146623894,0.0253981845598815,0.0375468783681442,1940207582.9638605,-0.1944869668618075,0,0,0.3333333333333333,45,0
ADA,2025-09-14,0.9299550781941932,0.0140857200916922,0.037472420130748,1797524440.6356504,-0.1830604493078191,0,0,0.0,45,0
ADA,2025-09-15,0.8884370883146469,-0.0456724434997982,0.0382372842339264,1717843166.9964552,-0.2195328432902266,1,0,0.3333333333333333,45,0
ADA,2025-09-16,0.8623288816260523,-0.0298271073565951,0.0383838220608862,1704623746.176831,-0.2424681733310881,1,0,0.3333333333333333,45,0
ADA,2025-09-17,0.8803872516725199,0.0207251382863001,0.0375745715742512,1670858057.159879,-0.2266043998457696,1,0,0.3333333333333333,45,0
ADA,2025-09-18,0.9126236395968256,0.03596170233296,0.0374741884485775,1655330529.1495285,-0.1982856338275664,0,0,0.0,45,0
ADA,2025-09-19,0.9252028118570796,0.0136893978144922,0.0335940306049588,1631388053.765678,-0.1872351824935875,0,0,0.0,45,0
ADA,2025-09-20,0.8905595744647299,-0.0381629690324842,0.0335588237855553,1624155575.0987935,-0.2176682985154766,0,0,0.3333333333333333,45,0
ADA,2025-09-21,0.8925758915569314,0.0022615420869658,0.0328400710919337,1610009004.647324,-0.2158970202914201,0,0,0.0,45,0
ADA,2025-09-22,0.8850224534941044,-0.0084985267296515,0.0284190043392805,1560845717.70218,-0.2225325045657891,0,0,0.0,45,0
ADA,2025-09-23,0.825573599568111,-0.0695345989171583,0.0309021200223722,1582942985.572728,-0.2747566615753651,0,0,0.3333333333333333,45,0
ADA,2025-09-24,0.8089077971236107,-0.0203934778024958,0.0310579730338363,1549030675.0062363,-0.2893971033345225,0,0,0.3333333333333333,45,0
ADA,2025-09-25,0.8123841509479168,0.0042883814429771,0.0273090044501185,1510237392.8501265,-0.2863432236387522,0,1,0.6666666666666666,45,0
ADA,2025-09-26,0.7619264564902304,-0.0641232833526465,0.0288289216308342,1523025787.982268,-0.3306688982931338,1,0,0.3333333333333333,45,0
ADA,2025-09-27,0.7913610637637805,0.0379042913179327,0.029678824041185,1517978693.6641104,-0.3048114182871657,1,1,0.6666666666666666,45,0
ADA,2025-09-28,0.7811470666284351,-0.0129908908998813,0.0296690375603703,1497498319.0448484,-0.3137841293634074,1,1,0.6666666666666666,45,0
ADA,2025-09-29,0.8080370823129959,0.0338445137651345,0.0297570616667809,1460420921.417243,-0.2901620019654822,1,1,0.6666666666666666,45,0
ADA,2025-09-30,0.80713373050909,-0.0011185837323536,0.0297381833285328,1480823772.6672947,-0.2909555712830807,1,1,0.6666666666666666,45,0
ADA,2025-10-01,0.8068637853072127,-0.0003345051051801,0.0296522061843413,1483021194.2759066,-0.2911927105999188,1,1,0.6666666666666666,45,0
ADA,2025-10-02,0.8491773015153895,0.051113137633185,0.0309384910994664,1479738835.754092,-0.2540214689670022,1,1,0.6666666666666666,45,0
ADA,2025-10-03,0.8692139848155263,0.0233213373328234,0.0302389881862312,1487411924.567567,-0.2364198025678461,0,0,0.3333333333333333,45,0
ADA,2025-10-04,0.8664561725583831,-0.0031778095235826,0.0302502783774653,1493659663.05397,-0.2388424635748904,0,0,0.0,45,0
ADA,2025-10-05,0.8399090418000441,-0.0311179256217257,0.0302559352140702,1497000960.0134974,-0.2621633761462774,0,0,0.0,45,0
ADA,2025-10-06,0.8375475310775687,-0.0028155867886377,0.0299254787351282,1512382755.550913,-0.2642378973288704,0,0,0.3333333333333333,45,0
ADA,2025-10-07,0.8721011125465495,0.0404273563277076,0.0306541568667818,1542589253.782164,-0.233883541530428,0,1,0.6666666666666666,45,0
ADA,2025-10-08,0.8210650617728257,-0.0603030186466767,0.0324565270679602,1569437852.319262,-0.2787172860475829,0,0,0.3333333333333333,45,0
ADA,2025-10-09,0.83882296513004,0.0213973239104338,0.0320959971930151,1554436958.4859498,-0.2631174641529081,0,0,0.3333333333333333,45,0
ADA,2025-10-10,0.815304028130714,-0.02843859287604,0.032482066760277,1525214155.5831668,-0.2837781931230604,0,0,0.0,45,0
ADA,2025-10-11,0.6386898030904008,-0.2441421889899399,0.0545268370913347,1613871324.453292,-0.438928854733999,1,1,0.6666666666666666,45,0
ADA,2025-10-12,0.631959064431091,-0.0105942747604387,0.0543883525152671,1670610546.699205,-0.4448416205708611,1,0,0.3333333333333333,45,0
ADA,2025-10-13,0.7011687633663608,0.1039239840801341,0.0579981982176878,1683750351.4810095,-0.3840428339654787,0,0,0.0,45,0
ADA,2025-10-14,0.7285348662016478,0.0382868800936289,0.0584957335933472,1685957962.7677314,-0.3600024773088243,0,0,0.3333333333333333,45,0
ADA,2025-10-15,0.6997448119049228,-0.0403197705973169,0.0583853540603468,1696487151.5485492,-0.3852937355352336,0,0,0.0,45,0
ADA,2025-10-16,0.6682233140928284,-0.04609329395157,0.0586702802766157,1660135477.5613668,-0.4129844905658541,0,0,0.0,45,0
ADA,2025-10-17,0.6445410613357602,-0.0360838894807947,0.0586112218203548,1659341977.265381,-0.4337886878656918,0,0,0.3333333333333333,45,0
ADA,2025-10-18,0.6252076632789738,-0.030454674927168,0.0580515559484222,1649116562.485602,-0.4507725378302876,0,1,0.6666666666666666,45,0
ADA,2025-10-19,0.6340674459608995,0.014071474624682,0.0580575658600007,1588591767.6813104,-0.4429894663109004,1,0,0.3333333333333333,45,0
ADA,2025-10-20,0.6522873380531202,0.0283298369603749,0.0583164749642204,1553186278.3557217,-0.4269838002217577,1,1,0.6666666666666666,45,0
ADA,2025-10-21,0.6633267576932305,0.0167825485947408,0.058485028758302,1558100226.0173662,-0.417285978539654,0,0,0.3333333333333333,45,0
ADA,2025-10-22,0.6425868505706848,-0.0317657323565871,0.0586199924764913,1576043498.8836503,-0.4355054074167895,1,0,0.3333333333333333,45,0
ADA,2025-10-23,0.6229496606380028,-0.0310362696407303,0.0577011235841743,1545052903.6330588,-0.4527561300555794,1,1,0.6666666666666666,45,0
ADA,2025-10-24,0.6424736489099836,0.0308600885799325,0.0581212468646202,1524815094.927528,-0.4356048519125499,1,1,0.6666666666666666,45,0
ADA,2025-10-25,0.655323651162058,0.0198034349491424,0.0583001542718054,1516320682.4555516,-0.4243164839984912,0,0,0.3333333333333333,45,0
ADA,2025-10-26,0.655259183600283,-9.83799880740812e-05,0.0573064752419084,1468370096.246689,-0.4243731169501097,0,0,0.0,45,0
ADA,2025-10-27,0.6818433964586408,0.0397691499952097,0.0573556405346488,1446410990.1789834,-0.4010196287900321,0,0,0.3333333333333333,45,0
ADA,2025-10-28,0.6677783136189024,-0.0208437548978816,0.0574114243169197,1456253898.761268,-0.4133754110476615,0,0,0.3333333333333333,45,0
ADA,2025-10-29,0.6462344815151022,-0.0327938402121416,0.0571360793306721,1491221763.447871,-0.432301065556955,0,1,0.6666666666666666,45,0
ADA,2025-10-30,0.6396415594827642,-0.0102544562533844,0.057125525561933,1492841201.878472,-0.4380927633379978,0,0,0.3333333333333333,45,0
ADA,2025-10-31,0.6005020308237154,-0.0631419327492268,0.0579886694594746,1506844257.345046,-0.4724757455989432,0,1,0.6666666666666666,45,0
ADA,2025-11-01,0.6091366463515688,0.0142765973841885,0.0570355358974187,1486104552.0758865,-0.4648904771326192,0,0,0.3333333333333333,45,0
ADA,2025-11-02,0.6124627436807519,0.0054454931387355,0.0567565019163821,1452871817.196695,-0.461968593569235,0,0,0.0,45,0
ADA,2025-11-03,0.6084487913662481,-0.0065753605586127,0.0567423601967109,1432874239.1375916,-0.4654947385166642,0,0,0.3333333333333333,45,0
ADA,2025-11-04,0.5515628929830783,-0.0981568813145544,0.058812363584766,1441309443.0715404,-0.5154674106978935,1,1,0.6666666666666666,45,0
ADA,2025-11-05,0.5221979514762445,-0.0547091386666898,0.0592331591278627,1455982860.78494,-0.5412636912744543,1,0,0.3333333333333333,45,0
ADA,2025-11-06,0.5463567141721513,0.0452253516968415,0.059396318206795,1441907128.716221,-0.5200408933083446,1,1,0.6666666666666666,45,0
ADA,2025-11-07,0.5301976718280389,-0.0300221823571555,0.0588651558878708,1416031414.4950228,-0.5342361604795816,1,1,0.6666666666666666,45,0
ADA,2025-11-08,0.5774284193527571,0.0853345828158745,0.0613188890088243,1425390363.7371736,-0.4927452685360441,0,0,0.0,45,0
ADA,2025-11-09,0.5693083886113898,-0.014162214734773,0.0612458585107023,1423517814.0501056,-0.4998784886463537,0,0,0.0,45,0
ADA,2025-11-10,0.5780669958919988,0.0152675009969719,0.042901697904063,1314555504.595133,-0.4921842968899043,0,0,0.3333333333333333,45,0
ADA,2025-11-11,0.5928514083039514,0.0252540195792276,0.0431904947425647,1250593188.7651184,-0.4791966037031304,0,0,0.3333333333333333,45,0
ADA,2025-11-12,0.5563268220032412,-0.0635878604656473,0.0396934984721785,1223341295.4191637,-0.5112824321709536,0,0,0.3333333333333333,45,0
ADA,2025-11-13,0.5449227361092355,-0.0207119149104612,0.0387870332571504,1179414382.4110637,-0.5213006029673269,0,0,0.3333333333333333,45,0
ADA,2025-11-14,0.5299516655318876,-0.0278582107284057,0.0385133442544615,1152636927.5207152,-0.5344522701366583,0,0,0.0,45,0
ADA,2025-11-15,0.4997404599990273,-0.0586969216262291,0.0389946797247379,1162309717.018904,-0.56099197001314,0,0,0.0,45,0
ADA,2025-11-16,0.503532576283571,0.0075595260835564,0.0387893956269851,1134685896.6593256,-0.5576607018193223,0,0,0.3333333333333333,45,0
ADA,2025-11-17,0.4854372175536348,-0.0365984453942276,0.0389267559556408,1112434646.221646,-0.5735569688295025,0,0,0.0,45,0
ADA,2025-11-18,0.4643358862381854,-0.0444417812439304,0.0392249747047246,1139591123.8986738,-0.5920938987609182,0,0,0.3333333333333333,45,0
ADA,2025-11-19,0.4742758437329251,0.021180918135196,0.0390027527567007,1153966499.885121,-0.5833619238515277,0,0,0.0,45,0
ADA,2025-11-20,0.4623659952901655,-0.0254323261755713,0.0387405422241861,1151639311.5998485,-0.5938243929145852,0,0,0.3333333333333333,45,0
ADA,2025-11-21,0.4332786408580737,-0.0649757416451147,0.0397843425516863,1142659678.3713975,-0.6193768210025311,0,0,0.3333333333333333,45,0
ADA,2025-11-22,0.4092517353441109,-0.0570505768659726,0.0404655940297211,1154655159.2431097,-0.6404837861187552,1,1,0.6666666666666666,45,0
ADA,2025-11-23,0.4042271118128371,-0.0123535785833901,0.03957276616169,1153059981.6004364,-0.6448977774891846,1,1,0.6666666666666666,45,0
ADA,2025-11-24,0.4087855830511881,0.011213893796653,0.03933932688636,1144000933.9794374,-0.6408932878825113,1,1,0.6666666666666666,45,0
ADA,2025-11-25,0.4281738044072852,0.0463384264565414,0.0408598438835927,1152369013.922219,-0.6238612771813848,0,0,0.0,45,0
ADA,2025-11-26,0.4219896221912819,-0.0145484764454853,0.039569750057609,1153727102.0963826,-0.6292939084550917,0,1,0.6666666666666666,45,0
ADA,2025-11-27,0.4352971872758615,0.0310482651912954,0.0404742920528545,1140537633.9929614,-0.6176035843782407,0,0,0.0,45,0
ADA,2025-11-28,0.4341785061217995,-0.0025732329950984,0.0403731611322772,1103268792.568272,-0.6185863145130573,0,1,0.6666666666666666,45,0
ADA,2025-11-29,0.4202949844545054,-0.0324989452774014,0.040520118582974,1077730476.721888,-0.6307826003540127,1,0,0.3333333333333333,45,0
ADA,2025-11-30,0.4155223893749126,-0.011420310466044,0.0394430651264799,1041789101.123045,-0.6349751917720082,1,1,0.6666666666666666,45,0
ADA,2025-12-01,0.4159030076033001,0.0009155800541091,0.039207660215325,1024359852.3413842,-0.6346408292938894,1,0,0.3333333333333333,45,0
ADA,2025-12-02,0.3859166718295545,-0.074830608205701,0.0406384235868432,1040250905.2277914,-0.6609829873704681,1,0,0.3333333333333333,45,0
ADA,2025-12-03,0.4340839980889776,0.1176165892860067,0.0473407588392873,1042658507.6973084,-0.6186693371790771,0,0,0.3333333333333333,45,0
ADA,2025-12-04,0.4506013983059428,0.0373450718452532,0.0451783832500995,1031480919.4786187,-0.6041592626300432,0,0,0.0,45,0
ADA,2025-12-05,0.4394161084525088,-0.0251363118133146,0.0444117426322345,984699357.735258,-0.613985227218537,1,0,0.3333333333333333,45,0
ADA,2025-12-06,0.4160575632488133,-0.0546231955061035,0.0442004824776967,962048199.9004492,-0.6345050564780157,1,1,0.6666666666666666,45,0
ADA,2025-12-07,0.4134801451506309,-0.0062141271362998,0.0440249215916245,938838030.1760772,-0.6367692462571217,1,0,0.3333333333333333,45,0
ADA,2025-12-08,0.416366693458186,0.0069568499031883,0.0404586056061552,908713396.0864998,-0.6342334942270297,0,1,0.6666666666666666,45,0
ADA,2025-12-09,0.4318875749246829,0.0365989644953365,0.0413687143642033,894664928.4952861,-0.6205988335548087,0,0,0.0,45,0
ADA,2025-12-10,0.4696161566367247,0.0837503618807386,0.0445342563094385,909186741.8389244,-0.5874553287610723,0,0,0.0,45,0
ADA,2025-12-11,0.4534735565555273,-0.0349787148608145,0.0443909713055801,908693886.0080544,-0.6016361518637805,0,0,0.3333333333333333,45,0
ADA,2025-12-12,0.4252128362243685,-0.0643471234784319,0.0444234106154001,914475569.8036296,-0.6264624049924861,0,0,0.3333333333333333,45,0
ADA,2025-12-13,0.4091664516133892,-0.0384677892745863,0.0447028025547283,914731658.788856,-0.6405587054931323,0,0,0.0,45,0
ADA,2025-12-14,0.4108578417683537,0.0041252254773799,0.0446324631286199,886205725.3236159,-0.6390728665040868,0,0,0.3333333333333333,45,0
ADA,2025-12-15,0.3968162394344541,-0.0347739703219895,0.0439123044040082,857769015.5903704,-0.6514080217934467,0,0,0.0,45,0
DOGE,2024-12-20,0.3162217505606263,-0.0015318528612333232,0.040547743033962975,9118911905.32381,0.0,1,1,0.6666666666666666,45,0
DOGE,2024-12-21,0.3174023079794973,0.0037263698214866,0.040547743033962975,9118911905.32381,0.0,1,1,0.6666666666666666,45,0
DOGE,2024-12-22,0.3204352612997513,0.0095101835500616,0.040547743033962975,9118911905.32381,0.0,0,0,0.3333333333333333,45,0
DOGE,2024-12-23,0.3119109632636429,-0.0269624902053985,0.040547743033962975,9118911905.32381,-0.0266022472106598,0,0,0.0,45,0
DOGE,2024-12-24,0.3234015365143098,0.0361769253306799,0.040547743033962975,9118911905.32381,0.0,1,0,0.3333333333333333,45,0
DOGE,2024-12-25,0.3373220061283388,0.0421432836863735,0.040547743033962975,9118911905.32381,0.0,0,0,0.3333333333333333,45,0
DOGE,2024-12-26,0.334477549311157,-0.0084682217852478,0.040547743033962975,9118911905.32381,-0.0084324673917052,0,1,0.6666666666666666,45,0
DOGE,2024-12-27,0.3119221157696852,-0.0698162324556696,0.040547743033962975,9118911905.32381,-0.0752986460924516,1,0,0.3333333333333333,45,0
DOGE,2024-12-28,0.3111610704472971,-0.0024428381881642,0.040547743033962975,9118911905.32381,-0.07755478505926,1,1,1.0,45,0
DOGE,2024-12-29,0.3238352156172481,0.0399241031252106,0.040547743033962975,9118911905.32381,-0.039981946822525,1,0,0.3333333333333333,45,0
DOGE,2024-12-30,0.314983711757173,-0.0277138638594169,0.040547743033962975,9118911905.32381,-0.066222463893052,1,0,0.3333333333333333,45,0
DOGE,2024-12-31,0.3134342756044935,-0.0049312378819722,0.040547743033962975,9118911905.32381,-0.0708158083073799,1,1,1.0,45,0
DOGE,2025-01-01,0.3161573771733231,0.0086504277417866,0.040547743033962975,9118911905.32381,-0.062743101755903,1,1,0.6666666666666666,45,0
DOGE,2025-01-02,0.3240901261984082,0.0247815257489036,0.040547743033962975,9118911905.32381,-0.0392262576693449,1,1,0.6666666666666666,45,0
DOGE,2025-01-03,0.339021025019003,0.0450404817722468,0.040547743033962975,9118911905.32381,0.0,1,0,0.3333333333333333,45,0
DOGE,2025-01-04,0.3792419097017863,0.1121121594770312,0.040547743033962975,9118911905.32381,0.0,0,0,0.0,45,0
DOGE,2025-01-05,0.3947136019982991,0.0399861580478211,0.040547743033962975,9118911905.32381,0.0,0,0,0.3333333333333333,45,0
DOGE,2025-01-06,0.382652831776486,-0.0310323100234878,0.040547743033962975,9118911905.32381,-0.0305557501964805,0,0,0.0,45,0
DOGE,2025-01-07,0.3877984263023277,0.0133575511230883,0.040547743033962975,9118911905.32381,-0.0175194765545505,0,0,0.3333333333333333,45,0
DOGE,2025-01-08,0.3490042138051966,-0.1054016887167931,0.040547743033962975,9118911905.32381,-0.1158039347052941,0,0,0.0,45,0
DOGE,2025-01-09,0.3424596033019549,-0.0189302918875272,0.040547743033962975,9118911905.32381,-0.1323845908319352,0,1,0.6666666666666666,45,0
DOGE,2025-01-10,0.3212315603902833,-0.0639914691837107,0.040547743033962975,9118911905.32381,-0.1861654658871686,1,1,0.6666666666666666,45,0
DOGE,2025-01-11,0.3341873593343171,0.0395395567917254,0.040547743033962975,9118911905.32381,-0.1533421760931431,1,1,1.0,45,0
DOGE,2025-01-12,0.3414731256235199,0.0215671890243038,0.040547743033962975,9118911905.32381,-0.1348838147589568,1,1,1.0,45,0
DOGE,2025-01-13,0.3358234445663888,-0.0166834215554026,0.040547743033962975,9118911905.32381,-0.1491971828023399,1,1,0.6666666666666666,45,0
DOGE,2025-01-14,0.3382109067938529,0.0070841262234565,0.040547743033962975,9118911905.32381,-0.1431485890488508,1,1,1.0,45,0
DOGE,2025-01-15,0.356394690318903,0.0523691119077928,0.040547743033962975,9118911905.32381,-0.0970802918505991,1,1,0.6666666666666666,45,0
DOGE,2025-01-16,0.3869744801719914,0.0823199507568661,0.040547743033962975,9118911905.32381,-0.0196069296500733,0,0,0.3333333333333333,45,0
DOGE,2025-01-17,0.3776524144889539,-0.0243845139516317,0.040547743033962975,9118911905.32381,-0.0432242198469225,0,0,0.3333333333333333,45,0
DOGE,2025-01-18,0.4149142593534293,0.0940976607217167,0.040547743033962975,4035723667.4489455,0.0,0,0,0.0,45,0
DOGE,2025-01-19,0.3964222748040019,-0.0455919012957313,0.0479025294540753,3909629830.631109,-0.0445682068826554,0,0,0.0,45,0
DOGE,2025-01-20,0.3578609618648825,-0.1023354573371639,0.0519372505645374,3802201604.574611,-0.1375062346072519,0,0,0.0,45,0
DOGE,2025-01-21,0.3535840726332651,-0.0120232499935822,0.052007211484862,3837751670.756913,-0.1478141214421902,1,0,0.3333333333333333,45,0
DOGE,2025-01-22,0.3715124137332058,0.0494609924719064,0.0523453167001437,3998419669.671306,-0.1046043722089898,0,0,0.0,45,0
DOGE,2025-01-23,0.3632014802889421,-0.0226245563587011,0.0522706043137222,3939946556.173776,-0.1246348562352916,0,0,0.3333333333333333,45,0
DOGE,2025-01-24,0.3522701986678774,-0.0305592314159886,0.0521200293013527,3934014143.8345857,-0.1509807370399166,0,0,0.0,45,0
DOGE,2025-01-25,0.350574475664333,-0.0048253230214363,0.0521003760169764,3915170739.665328,-0.1550676609412232,0,0,0.3333333333333333,45,0
DOGE,2025-01-26,0.3543296524535725,0.0106545334693509,0.0503402997312404,3876635539.238008,-0.14601717230511,0,0,0.0,45,0
DOGE,2025-01-27,0.3359237814264993,-0.0533434081978386,0.0514198352352675,3839310024.6081023,-0.19037783384457,0,0,0.0,45,0
DOGE,2025-01-28,0.3334628113857146,-0.0073529441881792,0.0509573712793159,3936609923.7927375,-0.1963091075603003,0,0,0.0,45,0
DOGE,2025-01-29,0.3190461273219585,-0.0441956569634906,0.051364582744939,3939455244.8639584,-0.2310552840022042,0,0,0.0,45,0
DOGE,2025-01-30,0.3244443041301698,0.0167781933638471,0.051439359810408,3913659563.9402,-0.2180449410541854,0,0,0.0,45,0
DOGE,2025-01-31,0.331229318699267,0.0206970557854105,0.0515468312552449,3873431253.1274247,-0.2016921298018789,0,0,0.0,45,0
DOGE,2025-02-01,0.3286011882787202,-0.0079661194532898,0.0513844398083349,3876786729.732424,-0.2080262828498899,0,0,0.0,45,0
DOGE,2025-02-02,0.3082767330501114,-0.0638469582751976,0.0519692803603802,3806518908.6263022,-0.2570109941979186,0,0,0.0,45,0
DOGE,2025-02-03,0.2649551349145101,-0.1514373540638439,0.0540440301410064,3802450556.836882,-0.3614219590153494,0,0,0.0,45,0
DOGE,2025-02-04,0.2847445508715637,0.0720319561652623,0.0554055813929358,3993188194.4522223,-0.3137267653435486,0,0,0.3333333333333333,45,0
DOGE,2025-02-05,0.2646612964531275,-0.0731415837150474,0.0564569980744958,4035673626.257096,-0.3621301498156378,0,0,0.0,45,0
DOGE,2025-02-06,0.2563093131836389,-0.0320659121428338,0.0563544719206238,3983930969.7303214,-0.3822595695239498,0,0,0.3333333333333333,45,0
DOGE,2025-02-07,0.2476994026933298,-0.0341690446702323,0.0538049924692138,3870171402.181978,-0.4030106290409839,1,0,0.3333333333333333,45,0
DOGE,2025-02-08,0.2466117141109805,-0.0044008330010836,0.0538005339889703,3786700768.059205,-0.4056321069917399,1,1,0.6666666666666666,45,0
DOGE,2025-02-09,0.2531578984892705,0.0261983066761938,0.0532511665011685,3695395993.6945534,-0.3898549090991173,1,1,1.0,45,0
DOGE,2025-02-10,0.2493492934660181,-0.0151587002707667,0.0525006315865066,3626769273.871582,-0.3990341670720476,1,1,0.6666666666666666,45,0
DOGE,2025-02-11,0.2548535882592439,0.0218345180890129,0.0525061547954557,3620837033.412417,-0.3857680652952533,1,1,1.0,45,0
DOGE,2025-02-12,0.2531467447359887,-0.0067198772730936,0.0524923132857144,3627530327.616951,-0.3898817911669913,1,1,0.6666666666666666,45,0
DOGE,2025-02-13,0.2640435518397491,0.0421447193293698,0.0532571649180226,3565844592.651561,-0.3636189986547717,0,0,0.0,45,0
DOGE,2025-02-14,0.2623153388562416,-0.0065666951743785,0.0520164430518622,3509339765.7062616,-0.3677842278426059,0,0,0.3333333333333333,45,0
DOGE,2025-02-15,0.2719853777351091,0.0362009430681695,0.0498225459936726,3439632584.593612,-0.3444781142037625,0,0,0.3333333333333333,45,0
DOGE,2025-02-16,0.2716411696946587,-0.0012663402406522,0.049799227242307,3348925638.7880235,-0.3453077025649503,0,0,0.0,45,0
DOGE,2025-02-17,0.2654573454413017,-0.0230277959798668,0.0456994540980292,3162407733.370066,-0.3602115630950593,0,0,0.0,45,0
DOGE,2025-02-18,0.2580867586101643,-0.0281583682265408,0.0454054452658377,2989675933.0942054,-0.3779756834283136,0,0,0.0,45,0
DOGE,2025-02-19,0.2508496151107746,-0.0284421854881622,0.0423681073840719,2752447479.0882926,-0.3954181871173107,0,0,0.0,45,0
DOGE,2025-02-20,0.254536611908942,0.014591067243418,0.0426419566330343,2517674755.6950326,-0.3865320215661124,0,0,0.0,45,0
DOGE,2025-02-21,0.2548978318058891,0.0014181214558228,0.0411715239033057,2250409210.110408,-0.3856614323086836,0,0,0.0,45,0
DOGE,2025-02-22,0.2394445898413576,-0.0625407728606487,0.042141642742925,2222745454.870828,-0.4229058547795157,0,0,0.3333333333333333,45,0
DOGE,2025-02-23,0.2467816911300589,0.0301820718034703,0.0427675609534398,2151965871.6116347,-0.4052224391742413,0,0,0.0,45,0
DOGE,2025-02-24,0.2431098393793032,-0.0149907491113679,0.0427501442796753,2107171108.692381,-0.414072103093909,0,0,0.0,45,0
DOGE,2025-02-25,0.2101870624303527,-0.1455154474275445,0.0489323098846958,2137766402.3921173,-0.4934204894334261,0,0,0.3333333333333333,45,0
DOGE,2025-02-26,0.2113237643977722,0.0053934781770121,0.0486189514350504,2208479201.7422285,-0.4906808825344228,1,0,0.3333333333333333,45,0
DOGE,2025-02-27,0.2025677647833549,-0.0423169143968313,0.0488367465953027,2126922232.5573297,-0.5117840367814279,0,1,0.6666666666666666,45,0
DOGE,2025-02-28,0.2068743514838298,0.0210371398327766,0.0490182878263912,2106982827.2571945,-0.5014045749928986,0,0,0.3333333333333333,45,0
DOGE,2025-03-01,0.202090703165187,-0.0233949891154231,0.0486836159114494,2128404946.5747845,-0.5129338203991597,1,1,1.0,45,0
DOGE,2025-03-02,0.2063643318249469,0.0209265855586101,0.0486895638873904,2123391774.935016,-0.5026337919874595,0,0,0.3333333333333333,45,0
DOGE,2025-03-03,0.2398482627012818,0.150363276901902,0.0573717486683009,2169266039.2303405,-0.4219329480865685,0,0,0.3333333333333333,45,0
DOGE,2025-03-04,0.1992080202369079,-0.1856568780766669,0.0650715169031358,2210676360.267117,-0.5198814797367088,0,0,0.3333333333333333,45,0
DOGE,2025-03-05,0.1992102181975349,1.1033433788920824e-05,0.0597424316732115,2112090193.517789,-0.5198761823515805,0,0,0.0,45,0
DOGE,2025-03-06,0.2047254361049545,0.0273091053455502,0.0581750537413857,1803476182.6906104,-0.5065837543785963,0,0,0.0,45,0
DOGE,2025-03-07,0.2017954387050701,-0.0144152407359768,0.0569877769401447,1722136515.103454,-0.5136454480510438,0,0,0.0,45,0
DOGE,2025-03-08,0.1981889975405615,-0.018033396166118,0.0568496857527844,1723816737.6916769,-0.5223374635294432,0,0,0.0,45,0
DOGE,2025-03-09,0.1920085565173097,-0.0316811722216092,0.0568128615246306,1692868678.313304,-0.5372331700131946,0,0,0.3333333333333333,45,0
DOGE,2025-03-10,0.1678188039757389,-0.1346550866404941,0.0612904090736529,1685715561.2419655,-0.5955337754907365,1,1,1.0,45,0
DOGE,2025-03-11,0.1547380234116144,-0.0811513341587179,0.0620620271262759,1731291041.4545448,-0.6270602421503991,1,1,0.6666666666666666,45,0
DOGE,2025-03-12,0.1645386274279245,0.0614118444013234,0.0636689436558517,1770046541.9861443,-0.6034394487084418,1,1,0.6666666666666666,45,0
DOGE,2025-03-13,0.172436934316666,0.0468862116286417,0.0643142151428928,1780772317.6030304,-0.5844034510036398,1,1,1.0,45,0
DOGE,2025-03-14,0.1649488685474606,-0.0443960331755059,0.0645543162133776,1773068215.9975505,-0.6024507116132757,1,1,0.6666666666666666,45,0
DOGE,2025-03-15,0.1718195561000062,0.0408092954046231,0.0645145160026556,1743173256.1867278,-0.5858914167766692,1,1,0.6666666666666666,45,0
DOGE,2025-03-16,0.1761459784539959,0.0248682406020402,0.0648989590024047,1717880188.942768,-0.5754641483556425,0,0,0.3333333333333333,45,0
DOGE,2025-03-17,0.1683019539727809,-0.045553363103535,0.0644648229923845,1673287135.8146894,-0.5943693180488667,0,1,0.6666666666666666,45,0
DOGE,2025-03-18,0.1736204186748998,0.0311117032172313,0.0649888986123521,1655151888.2448506,-0.5815510921570721,0,0,0.3333333333333333,45,0
DOGE,2025-03-19,0.1682761099542842,-0.0312652724560935,0.0650417147991885,1659758813.3525612,-0.5944316056611001,1,1,1.0,45,0
DOGE,2025-03-20,0.1780034845693928,0.0561969843843992,0.0662736949177272,1659296550.128288,-0.5709873050717036,1,1,0.6666666666666666,45,0
DOGE,2025-03-21,0.1695621495268066,-0.0485836028423182,0.0665434617015842,1641617628.0559466,-0.5913320747495174,1,1,0.6666666666666666,45,0
DOGE,2025-03-22,0.1670057513578968,-0.0151912723981184,0.0663386454468352,1633627360.1394317,-0.5974933432797759,1,1,0.6666666666666666,45,0
DOGE,2025-03-23,0.1672124067991532,0.0012366501493066,0.0663371948812298,1610574235.0368614,-0.5969952754582977,1,1,1.0,45,0
DOGE,2025-03-24,0.1721776923051625,0.0292621370938432,0.0661404823778754,1562041816.1369023,-0.585028259637374,1,0,0.3333333333333333,45,0
DOGE,2025-03-25,0.1826162523195907,0.0588599309005184,0.0669582937215087,1584242800.882654,-0.559869905160247,0,1,0.6666666666666666,45,0
DOGE,2025-03-26,0.190982071883125,0.0447925899185783,0.0676913934480516,1617616149.7044818,-0.5397071380946588,0,1,0.6666666666666666,45,0
DOGE,2025-03-27,0.1949322484166584,0.0204724950191267,0.0626644490464555,1613348860.1754124,-0.5301866734577261,0,0,0.0,45,0
DOGE,2025-03-28,0.1907410709770958,-0.021735195185769,0.0627421351366306,1549129291.3708117,-0.5402879831743259,0,1,0.6666666666666666,45,0
DOGE,2025-03-29,0.1802768846802782,-0.0564229417661317,0.0630955808436897,1528250376.4814315,-0.5655081004899472,0,0,0.0,45,0
DOGE,2025-03-30,0.1695562956056713,-0.0613089180765785,0.0637616017322099,1521175444.598359,-0.5913461834985019,0,0,0.0,45,0
DOGE,2025-03-31,0.1664249255595357,-0.0186406889501651,0.0637243959634833,1462962447.9627297,-0.5988932127353743,1,1,0.6666666666666666,45,0
DOGE,2025-04-01,0.1665841627974831,0.0009563537792299,0.0635323291235965,1469230636.6612377,-0.5985094292563597,1,1,0.6666666666666666,45,0
DOGE,2025-04-02,0.1742689046412632,0.0450988712663299,0.0571166428868086,1406868078.0291097,-0.5799881524611119,0,0,0.3333333333333333,45,0
DOGE,2025-04-03,0.1642414521307601,-0.059261921052228,0.0476370692103612,1374311072.1870966,-0.6041556817384356,0,0,0.3333333333333333,45,0
DOGE,2025-04-04,0.1620194682523818,-0.0136211117792028,0.0476384911780892,1337063547.3591452,-0.6095109661816382,0,0,0.3333333333333333,45,0
DOGE,2025-04-05,0.17105607575055,0.0542749287022566,0.0485516362736858,1348863605.849351,-0.5877315086323841,0,0,0.0,45,0
DOGE,2025-04-06,0.1693683466058581,-0.0099155222811228,0.0485316547191471,1312046386.9390066,-0.5917991662427105,0,0,0.0,45,0
DOGE,2025-04-07,0.1489432542832566,-0.1285105191610395,0.0534328515009994,1295457588.0319984,-0.6410264267240214,1,1,1.0,45,0
DOGE,2025-04-08,0.1491849702044349,0.0016215571307186,0.0533023873288834,1384255361.237012,-0.6404438583602469,1,1,1.0,45,0
DOGE,2025-04-09,0.1419815147294405,-0.0494900756345631,0.0483883259717487,1390967358.3637712,-0.657805169312104,1,0,0.3333333333333333,45,0
DOGE,2025-04-10,0.1605589450458274,0.1229642628338647,0.0516361327277192,1393182365.8737044,-0.6130310264679015,0,0,0.3333333333333333,45,0
DOGE,2025-04-11,0.1539029884957912,-0.0423386749170607,0.0509361250715218,1356032303.3839316,-0.6290727902781122,0,1,0.6666666666666666,45,0
DOGE,2025-04-12,0.1599889983841706,0.0387825936883171,0.0506875688956922,1331385635.6263304,-0.6144046757190625,0,0,0.3333333333333333,45,0
DOGE,2025-04-13,0.1676649778139498,0.0468627559298704,0.0508245837359108,1312306918.9556344,-0.5959045175376086,0,0,0.0,45,0
DOGE,2025-04-14,0.1626693771408809,-0.0302480289031474,0.0505383498716801,1307275467.3297386,-0.6079445970491049,0,0,0.3333333333333333,45,0
DOGE,2025-04-15,0.1585994925425438,-0.0253376702075542,0.0504551690292726,1315969919.7601392,-0.6177535744621235,0,0,0.3333333333333333,45,0
DOGE,2025-04-16,0.1534660991240261,-0.0329024195664636,0.0501434570271088,1310626693.9243464,-0.6301257532985829,1,0,0.3333333333333333,45,0
DOGE,2025-04-17,0.1547175558338796,0.0081215442058603,0.049777293626209,1303742827.5618663,-0.627109571806523,1,1,1.0,45,0
DOGE,2025-04-18,0.1558715378753079,0.0074309586199601,0.0495429965025978,1287324205.807112,-0.6243283175704634,1,1,1.0,45,0
DOGE,2025-04-19,0.1576167001748388,0.011133944536877,0.0483695819651342,1258742218.1801372,-0.6201222382174654,1,1,1.0,45,0
DOGE,2025-04-20,0.1573112204332398,-0.00193999844039,0.0476329329588476,1239664411.7908196,-0.6208584860920866,1,1,0.6666666666666666,45,0
DOGE,2025-04-21,0.1550297948790203,-0.0146088154735009,0.0476276999297212,1235168467.3229024,-0.626357033087735,1,0,0.3333333333333333,45,0
DOGE,2025-04-22,0.1590843622716953,0.0258173183650666,0.0479044805889716,1256381836.0192363,-0.6165849722311297,1,1,0.6666666666666666,45,0
DOGE,2025-04-23,0.1784682830225463,0.1149762574460522,0.0521778961125857,1294351555.712144,-0.5698670773555538,1,0,0.3333333333333333,45,0
DOGE,2025-04-24,0.178401008327384,-0.0003770270941762,0.0510286754861707,1307771533.5726068,-0.5700292185537549,1,0,0.3333333333333333,45,0
DOGE,2025-04-25,0.1827667552587444,0.0241769062802763,0.0505301991423305,1303965209.4887128,-0.5595071725335394,0,0,0.0,45,0
DOGE,2025-04-26,0.1820310396867526,-0.0040335582049452,0.0503611182241769,1290125729.2927508,-0.5612803474857291,0,0,0.3333333333333333,45,0
DOGE,2025-04-27,0.1818819719415684,-0.0008192493742099,0.050227130872929,1296686481.6756308,-0.5616396210990691,0,0,0.3333333333333333,45,0
DOGE,2025-04-28,0.1796182711910867,-0.0125240875069123,0.0492034581087924,1289529821.3983605,-0.5670954488983095,1,0,0.3333333333333333,45,0
DOGE,2025-04-29,0.1790690164012989,-0.0030625853666714,0.0478359801078796,1298842101.1951623,-0.5684192279138673,0,0,0.3333333333333333,45,0
DOGE,2025-04-30,0.1743994572029966,-0.0264228989149039,0.0479716670949871,1305312244.5858464,-0.5796735029671735,0,1,0.6666666666666666,45,0
DOGE,2025-05-01,0.1724103485197474,-0.0114710164571733,0.0480306808830888,1293278317.1529045,-0.5844675264031212,0,0,0.3333333333333333,45,0
DOGE,2025-05-02,0.1807037410904742,0.0469815180621932,0.0480912799346079,1288482699.286924,-0.5644793182763371,0,0,0.0,45,0
DOGE,2025-05-03,0.181388087156242,0.0037799631320939,0.0467155040526584,1264152102.099573,-0.5628299508459812,0,0,0.3333333333333333,45,0
DOGE,2025-05-04,0.1757678516170196,-0.0314747643832203,0.0470511478570764,1243041820.810802,-0.5763754856463048,1,1,0.6666666666666666,45,0
DOGE,2025-05-05,0.1707123265697739,-0.0291842603716646,0.0463597056430249,1205342621.6297867,-0.5885599910791233,1,1,0.6666666666666666,45,0
DOGE,2025-05-06,0.1706549062111707,-0.000336414005978,0.0463225082987517,1207062395.1218712,-0.58869838198112,1,0,0.3333333333333333,45,0
DOGE,2025-05-07,0.1723247777962798,0.0097375142470948,0.0394358946793142,1192283585.7861223,-0.5846737635269089,1,1,1.0,45,0
DOGE,2025-05-08,0.1721156267282522,-0.0012144399494716,0.0394473241249733,1096541805.8742309,-0.5851778461495537,1,0,0.3333333333333333,45,0
DOGE,2025-05-09,0.1971864265794884,0.1359831096910031,0.0448192488487375,1104616810.796171,-0.5247537963945402,1,1,0.6666666666666666,45,0
DOGE,2025-05-10,0.2051831548214533,0.0397534093467623,0.0399592743307349,1114600224.2058969,-0.5054805897941539,1,1,1.0,45,0
DOGE,2025-05-11,0.2480861801096543,0.1898731678293057,0.0508448863906683,1194199159.52748,-0.4020784426733059,0,0,0.3333333333333333,45,0
DOGE,2025-05-12,0.2315621046312695,-0.0689280781492209,0.0529344421789603,1296280085.443057,-0.4419037200791358,0,0,0.3333333333333333,45,0
DOGE,2025-05-13,0.2314181376415649,-0.0006219142036735,0.0525748019219674,1435832668.3935666,-0.4422507001755272,0,0,0.0,45,0
DOGE,2025-05-14,0.2406361550496534,0.0390598687254825,0.0522331613879186,1506879714.2816217,-0.420034019981279,0,0,0.0,45,0
DOGE,2025-05-15,0.2326880678038404,-0.0335872707863186,0.052463445742006,1556006935.9964817,-0.4391899951415414,0,1,0.6666666666666666,45,0
DOGE,2025-05-16,0.2188193912978982,-0.0614520995323568,0.053567931131075,1619720489.7362468,-0.4726153985671891,1,1,0.6666666666666666,45,0
DOGE,2025-05-17,0.2225780495761936,0.0170311324111084,0.0535713852562148,1657959709.41111,-0.4635565190672351,1,0,0.3333333333333333,45,0
DOGE,2025-05-18,0.2148831159061006,-0.0351835913581523,0.0542606204885898,1689192527.645888,-0.4821023595550607,1,1,0.6666666666666666,45,0
DOGE,2025-05-19,0.230646755875564,0.070793111415659,0.055359122096042,1759425361.6027596,-0.4441098355236422,0,0,0.3333333333333333,45,0
DOGE,2025-05-20,0.2245051433350097,-0.0269887276672779,0.0557747393507509,1823129036.57753,-0.4589119600640832,1,0,0.3333333333333333,45,0
DOGE,2025-05-21,0.2262524320952927,0.007752715016621,0.0555578662942005,1866294934.592252,-0.454700755650415,0,0,0.0,45,0
DOGE,2025-05-22,0.2341442300716922,0.0342859611941019,0.0556487730503888,1930684160.7372992,-0.4356804453128107,0,0,0.0,45,0
DOGE,2025-05-23,0.2448687893511797,0.0447852201071691,0.0526004273924293,1971689125.3670487,-0.4098327935685688,0,0,0.0,45,0
DOGE,2025-05-24,0.2256050681389216,-0.0819365288896237,0.0552264760169019,2026409791.6511984,-0.4562609911491417,0,0,0.0,45,0
DOGE,2025-05-25,0.2252660577106521,-0.0015038021852377,0.0551632711324212,2015647337.5016017,-0.4570780525555098,0,0,0.0,45,0
DOGE,2025-05-26,0.2241005185873167,-0.0051874874480447,0.0551716092662392,2005711953.914388,-0.459887160936484,0,0,0.0,45,0
DOGE,2025-05-27,0.2257235127127771,0.0072161603443336,0.0551521897530963,1991664151.5769827,-0.4559755235587049,0,0,0.0,45,0
DOGE,2025-05-28,0.2261370108907294,0.0018302032232307,0.0550373318414137,2001218166.836075,-0.4549789365081738,0,0,0.0,45,0
DOGE,2025-05-29,0.2210644377268714,-0.0226868260174021,0.0552854384718864,1994608522.6958425,-0.4672045302290614,0,0,0.3333333333333333,45,0
DOGE,2025-05-30,0.2158365331821545,-0.0239329020931706,0.0552353415497538,2013275023.9492943,-0.4798044937802386,0,0,0.3333333333333333,45,0
DOGE,2025-05-31,0.1929389836211551,-0.1121473384708421,0.0593108974361827,2059725351.2268424,-0.5349907136915071,0,1,0.6666666666666666,45,0
DOGE,2025-06-01,0.1929570733681181,9.375450538359116e-05,0.0587475033614661,2073792093.15733,-0.5349471149321123,0,0,0.0,45,0
DOGE,2025-06-02,0.1939616651140137,0.0051927906476858,0.0587493906655142,2069700831.0285213,-0.5325259116997599,0,0,0.0,45,0
DOGE,2025-06-03,0.1956146290710917,0.0084860085237339,0.0584107954657555,2082691523.339064,-0.5285420429369609,0,0,0.0,45,0
DOGE,2025-06-04,0.1932015824493309,-0.0124124330796305,0.0581662781030662,2095745456.33245,-0.5343578146713939,0,0,0.0,45,0
DOGE,2025-06-05,0.1883982990333597,-0.0251757788602463,0.0584082638749721,2097555226.035892,-0.5459343833423675,1,0,0.3333333333333333,45,0
DOGE,2025-06-06,0.1718712124430595,-0.091812902133056,0.060911164907082,2125138411.7618845,-0.5857669179389243,1,1,1.0,45,0
DOGE,2025-06-07,0.1793030276082122,0.0423318346977097,0.0614002924568023,2143574792.6739328,-0.5678552289631492,1,1,1.0,45,0
DOGE,2025-06-08,0.1850166404106829,0.031368503018277,0.0562454520503934,2097539713.954713,-0.5540846422125895,0,0,0.0,45,0
DOGE,2025-06-09,0.1842227039596668,-0.0043003958633854,0.0556867318135551,2030809772.9935703,-0.5559981374302599,0,0,0.0,45,0
DOGE,2025-06-10,0.1948197885280183,0.0559295965328445,0.0437253938205712,1949603217.7938232,-0.5304577171398964,0,0,0.0,45,0
DOGE,2025-06-11,0.1978597109301792,0.0154832790438584,0.0423681279813243,1866146278.7390933,-0.5231310892074216,0,0,0.0,45,0
DOGE,2025-06-12,0.1930335430982705,-0.0246942766720804,0.0425053229089978,1751163371.5890844,-0.5347628124444813,0,0,0.3333333333333333,45,0
DOGE,2025-06-13,0.1816974462150641,-0.0605210518898347,0.0427490416822937,1691542800.2513058,-0.5620843532873333,0,0,0.3333333333333333,45,0
DOGE,2025-06-14,0.180136787470498,-0.0086264276695192,0.0425035430289073,1671237922.3005247,-0.5658457538885036,0,0,0.0,45,0
DOGE,2025-06-15,0.1784162711217158,-0.0095970708548441,0.0413150331633055,1607630113.606819,-0.5699924331360747,0,0,0.0,45,0
DOGE,2025-06-16,0.1757790672467772,-0.0148915150708825,0.0410904542020165,1566951085.1774282,-0.5763484544476782,0,0,0.0,45,0
DOGE,2025-06-17,0.1737859993456644,-0.0114032532926781,0.0407734952060058,1556461367.1348846,-0.5811520201391024,0,0,0.0,45,0
DOGE,2025-06-18,0.1699373394990755,-0.0223948755406362,0.0380985685772679,1513459829.1326509,-0.5904278157036761,0,0,0.3333333333333333,45,0
DOGE,2025-06-19,0.1703797194594457,0.002599812133399,0.038031406261917,1469231568.746264,-0.5893616196152129,0,0,0.3333333333333333,45,0
DOGE,2025-06-20,0.1709209807080244,0.0031717585230427,0.0379701581378452,1424766646.727567,-0.5880571061250712,0,0,0.3333333333333333,45,0
DOGE,2025-06-21,0.1623319333361646,-0.0515581384136152,0.0378027230030996,1365844529.0934389,-0.608757882678869,1,1,1.0,45,0
DOGE,2025-06-22,0.1530800221511872,-0.0586824049039224,0.0371375581781058,1298382286.6450002,-0.6310562515018514,1,1,1.0,45,0
DOGE,2025-06-23,0.1511478178897417,-0.0127025208597744,0.0349644952894924,1247390626.7741487,-0.6357131275139136,1,0,0.3333333333333333,45,0
DOGE,2025-06-24,0.1644725669430724,0.0844855055938131,0.0392332118746258,1254609795.0783968,-0.603598663494058,0,0,0.3333333333333333,45,0
DOGE,2025-06-25,0.1656151610496857,0.0069229999980418,0.039351720447066,1243217902.1665792,-0.6008448557353325,1,1,1.0,45,0
DOGE,2025-06-26,0.1644839066154297,-0.0068540566984064,0.0392220924290685,1235775073.741662,-0.6035713333358347,1,1,0.6666666666666666,45,0
DOGE,2025-06-27,0.1600423291811019,-0.0273743956679241,0.0392666251759906,1220697390.6147685,-0.6142761412189119,0,0,0.0,45,0
DOGE,2025-06-28,0.1610085986478116,0.0060194336821219,0.0393349146169494,1202777993.529855,-0.6119472999103114,1,1,1.0,45,0
DOGE,2025-06-29,0.1637313288044104,0.0167690741371054,0.0395592898141292,1164361102.205696,-0.6053851485857419,1,1,0.6666666666666666,45,0
DOGE,2025-06-30,0.1695476097006763,0.0349069251242298,0.035239332643214,1105437258.175966,-0.5913671177151483,0,0,0.3333333333333333,45,0
DOGE,2025-07-01,0.1651364795921971,-0.0263614895250871,0.0354557313226031,1086807801.078371,-0.601998543386932,0,0,0.3333333333333333,45,0
DOGE,2025-07-02,0.1575952425941886,-0.0467422906618936,0.0361915666594946,1081116550.047906,-0.6201739539157487,1,1,0.6666666666666666,45,0
DOGE,2025-07-03,0.168925810013558,0.0694296341513242,0.0387090370282362,1091701308.792672,-0.5928657398355046,0,0,0.3333333333333333,45,0
DOGE,2025-07-04,0.1719704582267762,0.0178630830320921,0.0389003291845213,1106308646.7535412,-0.5855277220533182,0,1,0.6666666666666666,45,0
DOGE,2025-07-05,0.1628779247346829,-0.0543217153544735,0.0398039812652242,1120296286.226585,-0.6074419688817169,1,1,0.6666666666666666,45,0
DOGE,2025-07-06,0.1643143397064054,0.0087803066028256,0.0363093388189392,1080926242.1076732,-0.6039800127321237,1,0,0.3333333333333333,45,0
DOGE,2025-07-07,0.1718463077672067,0.0448192190433796,0.0364155625194619,1081521800.945662,-0.5858269416071675,1,1,0.6666666666666666,45,0
DOGE,2025-07-08,0.1678635660061888,-0.0234489754985829,0.0360876221356258,1099597278.3704617,-0.5954258928874255,1,0,0.3333333333333333,45,0
DOGE,2025-07-09,0.1709849624423695,0.0184240713426712,0.0363025194283134,1107459427.7661242,-0.587902901411922,1,1,0.6666666666666666,45,0
DOGE,2025-07-10,0.1808254792063135,0.0559567491404948,0.0363040263531935,1128454905.465283,-0.5641859128001575,1,1,0.6666666666666666,45,0
DOGE,2025-07-11,0.1939338351079028,0.0699846819028348,0.038529631680298,1236359499.656649,-0.5325929858132269,1,1,0.6666666666666666,45,0
DOGE,2025-07-12,0.2010473247353321,0.0360232820447267,0.0388176766918836,1579925525.924157,-0.515448504834158,1,1,1.0,45,0
DOGE,2025-07-13,0.1969316863516775,-0.0206834279793468,0.0372788300821105,1696952312.0174415,-0.525367755115091,1,0,0.3333333333333333,45,0
DOGE,2025-07-14,0.1981830429850487,0.0063341643544508,0.0372223363068707,1770356495.8805122,-0.5223518148210138,1,1,1.0,45,0
DOGE,2025-07-15,0.1972015956522924,-0.0049645294865903,0.0371770733610058,2009986876.080587,-0.5247172368585348,1,1,1.0,45,0
DOGE,2025-07-16,0.1988073865760867,0.0081099156686754,0.0370250519061106,2190368085.0118537,-0.5208470615449733,1,1,1.0,45,0
DOGE,2025-07-17,0.2131701986937938,0.0697544521879202,0.0387764575352385,2440527592.559808,-0.4862307238464593,1,1,1.0,45,0
DOGE,2025-07-18,0.2190485448253488,0.0272024695859652,0.0385450203486085,2754077741.043558,-0.4720631072870396,1,1,1.0,45,0
DOGE,2025-07-19,0.2362331047425073,0.0755256783777274,0.0404166749157586,3472263546.060018,-0.4306459722289734,1,1,1.0,45,0
DOGE,2025-07-20,0.2413627337139756,0.0214818715800854,0.0404343028986253,3892445029.523117,-0.4182828662237425,0,0,0.3333333333333333,45,0
DOGE,2025-07-21,0.2729463420083506,0.1229743053673926,0.0434886827290725,4503485475.909942,-0.3421620591355685,0,0,0.3333333333333333,45,0
DOGE,2025-07-22,0.2712676656637909,-0.0061691968415047,0.0413271405093284,5130376323.282901,-0.3462078982618873,0,0,0.0,45,0
DOGE,2025-07-23,0.2696530586867114,-0.0059698647128072,0.0411666144557696,5512469421.387282,-0.3500993214672396,0,0,0.0,45,0
DOGE,2025-07-24,0.2406545524149083,-0.1137736521606544,0.04597361453842,5905837379.625417,-0.4199896798198115,0,0,0.3333333333333333,45,0
DOGE,2025-07-25,0.231756125113587,-0.03767687880287,0.0468786552901991,6302900632.082173,-0.4414361042333468,0,0,0.3333333333333333,45,0
DOGE,2025-07-26,0.2364824683396843,0.0201884416135298,0.0467794067285706,6626135352.8692665,-0.4300449719221496,0,0,0.3333333333333333,45,0
DOGE,2025-07-27,0.2358045748473756,-0.0028706862388957,0.046277593019813,6677664586.976873,-0.4316787877697058,0,0,0.3333333333333333,45,0
DOGE,2025-07-28,0.240516488081223,0.0197852554027125,0.0462750704649912,6732042396.766517,-0.4203224337094957,0,0,0.3333333333333333,45,0
DOGE,2025-07-29,0.2251397569003692,-0.066067293551011,0.0484843943391391,6841800309.491489,-0.4573824547480971,0,1,0.6666666666666666,45,0
DOGE,2025-07-30,0.2234316743871016,-0.0076156912798118,0.0483712199105036,6897385804.585189,-0.4614991667548845,0,0,0.0,45,0
DOGE,2025-07-31,0.2203174498049267,-0.0140361999214456,0.0481104094199836,6938127236.780208,-0.4690048730832905,0,0,0.3333333333333333,45,0
DOGE,2025-08-01,0.2096463144206449,-0.0496475661689677,0.0482305275793985,6973626485.886702,-0.4947237659478329,0,1,0.6666666666666666,45,0
DOGE,2025-08-02,0.2010203069750151,-0.0420159611025437,0.0477459407300204,7044687780.202912,-0.5155136213243917,1,1,0.6666666666666666,45,0
DOGE,2025-08-03,0.1916269540469158,-0.0478553982981943,0.0486719332235685,7069688158.328767,-0.5381528840548102,1,1,1.0,45,0
DOGE,2025-08-04,0.198863287792426,0.0370670582324679,0.0477728422777355,7075364235.212973,-0.5207123319831924,1,1,1.0,45,0
DOGE,2025-08-05,0.210479556777086,0.0567709383410752,0.04864208356065,7117958291.135813,-0.4927155381329114,1,0,0.3333333333333333,45,0
DOGE,2025-08-06,0.1996421893552106,-0.0528618199006505,0.0493738408709495,7123970577.472448,-0.5188350728983917,1,1,0.6666666666666666,45,0
DOGE,2025-08-07,0.205244816786243,0.0276767837836188,0.0492402710422709,7117028046.435857,-0.5053319760422771,1,1,1.0,45,0
DOGE,2025-08-08,0.2224259490609298,0.0803907381617064,0.0510166251821987,7150387615.221082,-0.4639231020704339,1,0,0.3333333333333333,45,0
DOGE,2025-08-09,0.2303520188307014,0.0350144225291181,0.0504892042867195,7172864147.014368,-0.4448201920327723,1,0,0.3333333333333333,45,0
DOGE,2025-08-10,0.2407910760333934,0.0443209975544506,0.0496137998762414,7112245945.955408,-0.4196606392640643,0,0,0.3333333333333333,45,0
DOGE,2025-08-11,0.2339151503650981,-0.0289712087627992,0.0497313119011654,6785032099.961213,-0.4362325586746196,0,0,0.3333333333333333,45,0
DOGE,2025-08-12,0.2227966950543428,-0.0486987700679131,0.0504884091090077,6715494148.384187,-0.4630295536202295,1,1,0.6666666666666666,45,0
DOGE,2025-08-13,0.23628639605846,0.058784937643298,0.0514666426658604,6661725497.322728,-0.4305175328833704,0,0,0.0,45,0
DOGE,2025-08-14,0.2454991943797094,0.0382490537816079,0.0517570994240777,6521204416.386214,-0.4083134314007993,0,0,0.3333333333333333,45,0
DOGE,2025-08-15,0.224189918085675,-0.0908001244489352,0.0547667270844036,6489374147.187762,-0.4596716959425895,0,0,0.3333333333333333,45,0
DOGE,2025-08-16,0.2282126367113027,0.0177842702608878,0.0534206823804994,6341142236.074399,-0.4499763949618606,0,0,0.3333333333333333,45,0
DOGE,2025-08-17,0.2310192061603835,0.0122230391249052,0.0532493652765561,6073247424.648233,-0.4432121794985157,0,0,0.3333333333333333,45,0
DOGE,2025-08-18,0.2354356378581495,0.0189367255208324,0.0515209399559638,5399774208.237285,-0.4325679762728945,1,0,0.3333333333333333,45,0
DOGE,2025-08-19,0.2224605648237359,-0.0566877269870839,0.0523609927144136,5065441658.064876,-0.4638396733570895,1,1,1.0,45,0
DOGE,2025-08-20,0.2091104749948552,-0.0618871483474974,0.0477319035878785,4508043674.645574,-0.4960152121049853,1,1,0.6666666666666666,45,0
DOGE,2025-08-21,0.2215865077683421,0.0579503666943533,0.0492683234029791,3956763584.576818,-0.465946270167611,0,1,0.6666666666666666,45,0
DOGE,2025-08-22,0.2146036803461823,-0.0320200876522493,0.0494833203679712,3574560610.42854,-0.4827758373968533,1,1,1.0,45,0
DOGE,2025-08-23,0.2406188355681229,0.114421106450342,0.0501360686890217,3280531689.845362,-0.4200757622958417,0,0,0.3333333333333333,45,0
DOGE,2025-08-24,0.2359037954047403,-0.0197900109706327,0.0497776940025909,2926071619.4885736,-0.4314396526830513,0,0,0.3333333333333333,45,0
DOGE,2025-08-25,0.2317500228704948,-0.0177647721930468,0.0497447370006063,2676135943.515788,-0.4414508114721429,0,0,0.3333333333333333,45,0
DOGE,2025-08-26,0.2097748556891842,-0.0996244633075552,0.0529267503851327,2698104629.4930253,-0.4944139639450297,1,0,0.3333333333333333,45,0
DOGE,2025-08-27,0.2184818244038971,0.0406679877450472,0.0533843320754778,2692632070.005194,-0.473428980858931,0,0,0.0,45,0
DOGE,2025-08-28,0.2194773258086598,0.0045461003327987,0.0520572037827101,2639460873.139673,-0.4710296865895221,0,0,0.0,45,0
DOGE,2025-08-29,0.2243655386891273,0.0220276630489431,0.052205459136623,2623463101.6987705,-0.4592484263164119,0,1,0.6666666666666666,45,0
DOGE,2025-08-30,0.2141282459426314,-0.046701475320263,0.0528479985164824,2626632901.657652,-0.4839216992052466,1,1,1.0,45,0
DOGE,2025-08-31,0.2158248863195881,0.0078922517655074,0.0520579144393754,2598226462.5083723,-0.4798325643087969,0,0,0.0,45,0
DOGE,2025-09-01,0.2138121881539986,-0.0093693631619386,0.0514662489977531,2516649886.2432623,-0.4846834416171013,1,1,0.6666666666666666,45,0
DOGE,2025-09-02,0.2101201468972093,-0.0174185090380161,0.0507433273947477,2529992551.9172306,-0.4935817650021368,1,1,1.0,45,0
DOGE,2025-09-03,0.2148148433647731,0.0220969682386063,0.0504703591102354,2550764712.9167128,-0.482266905698724,1,1,1.0,45,0
DOGE,2025-09-04,0.2206086971215818,0.0266140674556244,0.0496472510510256,2546159887.1554,-0.4683029272954814,1,1,1.0,45,0
DOGE,2025-09-05,0.2124843324632277,-0.0375222748292741,0.0491437989685385,2542299689.244525,-0.4878837550814786,1,1,0.6666666666666666,45,0
DOGE,2025-09-06,0.217905222803472,0.0251919544107838,0.049101242324131,2573748509.23142,-0.4748186694209091,1,1,1.0,45,0
DOGE,2025-09-07,0.2160115789297136,-0.0087281980687973,0.046838469142395,2546875185.475403,-0.4793826096352303,1,1,1.0,45,0
DOGE,2025-09-08,0.2284920930759329,0.0561695937256324,0.0475527978101281,2523164535.730981,-0.4493028669778726,1,1,0.6666666666666666,45,0
DOGE,2025-09-09,0.2420445198406799,0.0576200693916456,0.048042295524439,2544412172.1171474,-0.4166396685959562,1,1,0.6666666666666666,45,0
DOGE,2025-09-10,0.240932914270613,-0.0046031448029194,0.047737584618006,2607011789.436473,-0.4193187897517321,1,1,0.6666666666666666,45,0
DOGE,2025-09-11,0.2454387645642894,0.0185289538934929,0.0468953524809541,2610924541.0472865,-0.4084590755045092,1,0,0.3333333333333333,45,0
DOGE,2025-09-12,0.2556830995589613,0.0408913006987894,0.0462740205452937,2653040094.4871006,-0.3837688298363177,1,0,0.3333333333333333,45,0
DOGE,2025-09-13,0.2755136427995465,0.0746983622003029,0.0476980897731317,2673136177.3574176,-0.3359745137974146,1,1,0.6666666666666666,45,0
DOGE,2025-09-14,0.2893844073397744,0.0491187859671822,0.0448820774730568,2793768848.182487,-0.3025440779241259,0,0,0.0,45,0
DOGE,2025-09-15,0.2784558102769998,-0.0384965571593702,0.0456506616286465,2836404204.361229,-0.3288834885768349,0,0,0.0,45,0
DOGE,2025-09-16,0.2685387946986924,-0.0362639860330044,0.0462996289278241,2934605098.707036,-0.3527848497731489,0,0,0.0,45,0
DOGE,2025-09-17,0.2696531218328301,0.0041410087824726,0.0462249782347302,2989609502.8868046,-0.3500991692764743,0,0,0.0,45,0
DOGE,2025-09-18,0.282117441910369,0.0451870458497914,0.0453060521181868,3044020017.177706,-0.320058456535094,0,0,0.3333333333333333,45,0
DOGE,2025-09-19,0.2787643266477094,-0.0119567274183122,0.0435357740560613,3093197738.8741727,-0.3281399220115634,0,0,0.0,45,0
DOGE,2025-09-20,0.2653067137191932,-0.0494801505347454,0.0438374696054886,3096271666.236068,-0.3605746061062666,0,0,0.0,45,0
DOGE,2025-09-21,0.2675556740415389,0.0084411049742317,0.0432457500007385,3085874933.6010494,-0.3551543047508725,0,0,0.0,45,0
DOGE,2025-09-22,0.2613348265545181,-0.0235252264161289,0.0385472045389096,2995157452.388828,-0.3701473963277079,0,0,0.0,45,0
DOGE,2025-09-23,0.2412838688727308,-0.0798283260473171,0.0412235497420645,3085877410.1342163,-0.418472941256034,0,0,0.3333333333333333,45,0
DOGE,2025-09-24,0.2376101973359717,-0.015342614827007,0.0411883907174209,3074366919.105457,-0.4273269911083671,0,0,0.3333333333333333,45,0
DOGE,2025-09-25,0.2407374057852932,0.0130752322433638,0.0365932688188546,3074134216.232344,-0.4197899918878662,0,0,0.0,45,0
DOGE,2025-09-26,0.2223938841270395,-0.0792566743220563,0.0389880502425319,3140435759.16215,-0.4640003829379083,1,0,0.3333333333333333,45,0
DOGE,2025-09-27,0.2324576489429464,0.0442579907815254,0.0397927924585901,3166164852.4133124,-0.439745336048005,1,1,1.0,45,0
DOGE,2025-09-28,0.2308267057962403,-0.0070408157218797,0.0396397844562946,3148588819.4377217,-0.4436761316520116,1,1,1.0,45,0
DOGE,2025-09-29,0.2373584240120973,0.0279040986789081,0.0388804241193568,3123267895.178224,-0.4279337991854545,1,1,0.6666666666666666,45,0
DOGE,2025-09-30,0.2351709355607353,-0.0092587012156161,0.0389386477212962,3167971566.99268,-0.4332059449409916,1,1,1.0,45,0
DOGE,2025-10-01,0.2327703853015738,-0.0102601382310727,0.0389486342761186,3202884314.9313374,-0.4389915987358319,1,1,1.0,45,0
DOGE,2025-10-02,0.2480669301775012,0.0636460926405857,0.0402843936454333,3208501945.648887,-0.4021248376373717,1,1,0.6666666666666666,45,0
DOGE,2025-10-03,0.2617674571494343,0.0537579520053657,0.0411389338126803,3258544515.5497737,-0.3691046975407577,0,0,0.3333333333333333,45,0
DOGE,2025-10-04,0.2585990689382798,-0.0121776755694223,0.0410974431845475,3309186958.281661,-0.3767409456082304,0,0,0.0,45,0
DOGE,2025-10-05,0.2508871429506202,-0.0302756575986804,0.0408576920299583,3328015111.490349,-0.3953277399008085,0,0,0.0,45,0
DOGE,2025-10-06,0.2529628402753683,0.0082393932189391,0.0406933923275619,3362331986.0148554,-0.3903250260196738,0,0,0.0,45,0
DOGE,2025-10-07,0.2663063497515599,0.0514047353317666,0.0414688477145748,3452001306.5865874,-0.3581653468199637,0,0,0.0,45,0
DOGE,2025-10-08,0.2474019998363525,-0.0736327935513302,0.0429059702522706,3520511562.317294,-0.4037274105211884,0,0,0.0,45,0
DOGE,2025-10-09,0.2554779705215659,0.0321216415372668,0.0420229678602881,3498295012.75379,-0.3842632188161398,0,0,0.0,45,0
DOGE,2025-10-10,0.2484437964891403,-0.027919535989596,0.0423597549374002,3462867145.4995103,-0.4012165383848312,0,0,0.0,45,0
DOGE,2025-10-11,0.1939856068078747,-0.2474326842872912,0.061895957136999,3640627736.629369,-0.5324682089495621,1,1,0.6666666666666666,45,0
DOGE,2025-10-12,0.1856330182417175,-0.044012260059977,0.0615308226166692,3726064557.260759,-0.5525990875054673,1,1,1.0,45,0
DOGE,2025-10-13,0.207536597448536,0.1115359928257535,0.0636251685943643,3742579257.181485,-0.4998084718227202,0,0,0.0,45,0
DOGE,2025-10-14,0.2139498983801294,0.0304341705277529,0.063121590363986,3599352843.8710194,-0.4843515411749584,0,0,0.3333333333333333,45,0
DOGE,2025-10-15,0.2046809979120128,-0.0442892084935513,0.0632203371093841,3565594196.518132,-0.5066908564893092,0,1,0.6666666666666666,45,0
DOGE,2025-10-16,0.196125970301963,-0.0426955009930084,0.0633223805412031,3466628532.580714,-0.5273096407735162,1,1,0.6666666666666666,45,0
DOGE,2025-10-17,0.1882065213549952,-0.041217280659519,0.0635026225334767,3439958529.198939,-0.5463965937244918,1,1,1.0,45,0
DOGE,2025-10-18,0.184914108192076,-0.0176484405223094,0.0625814051643256,3383788588.9835105,-0.5543317588548727,1,1,0.6666666666666666,45,0
DOGE,2025-10-19,0.189543257597345,0.0247258335296899,0.0629814271819551,3279427001.062047,-0.543174876918632,1,1,0.6666666666666666,45,0
DOGE,2025-10-20,0.195205011249766,0.0294330752817263,0.0630470462513787,3232652083.159813,-0.5295292777983611,1,1,0.6666666666666666,45,0
DOGE,2025-10-21,0.1999659587977904,0.0240968000147432,0.0632712969828011,3239206546.3213086,-0.5180547443478996,0,0,0.3333333333333333,45,0
DOGE,2025-10-22,0.1944999115501505,-0.0277154377469144,0.0633074700213545,3268254647.054597,-0.5312286643191191,1,1,0.6666666666666666,45,0
DOGE,2025-10-23,0.1900132395615567,-0.0233379566676423,0.0619803464526751,3173842958.2252707,-0.5420421562332931,1,1,0.6666666666666666,45,0
DOGE,2025-10-24,0.1947769102679013,0.0247611020951484,0.0622475893912494,3135685664.895369,-0.5305610595995742,0,0,0.3333333333333333,45,0
DOGE,2025-10-25,0.1976413277985019,0.0145990584921611,0.0622648392449927,3075827363.175256,-0.5236574223636202,0,0,0.0,45,0
DOGE,2025-10-26,0.1965943046754672,-0.0053116740269191,0.0607331977651324,2973485818.711167,-0.5261808910066751,0,0,0.0,45,0
DOGE,2025-10-27,0.2058415103617231,0.0459642673025279,0.0607808362409357,2929478204.4041696,-0.5038938630779024,0,1,0.6666666666666666,45,0
DOGE,2025-10-28,0.2005216884091494,-0.0261840929854616,0.0609136244214283,2948729082.331964,-0.516715360128555,0,1,0.6666666666666666,45,0
DOGE,2025-10-29,0.1937624759770261,-0.0342893542133406,0.0608242935881165,2985186296.007538,-0.5330059847088149,0,0,0.3333333333333333,45,0
DOGE,2025-10-30,0.1923552707807648,-0.0072890274454556,0.0608225715882409,2987890541.310832,-0.5363975413124712,0,0,0.0,45,0
DOGE,2025-10-31,0.1826649423653422,-0.0516904722248437,0.0613740679242893,3016662787.0716567,-0.559752555503893,0,0,0.3333333333333333,45,0
DOGE,2025-11-01,0.1864578910023846,0.0205518694509208,0.0601291027967474,2972916720.828146,-0.550611031558794,0,0,0.3333333333333333,45,0
DOGE,2025-11-02,0.1872703530598038,0.0043478829884102,0.0590023241766436,2883868517.831774,-0.5486528871009841,0,0,0.0,45,0
DOGE,2025-11-03,0.186380519831446,-0.0047629216207025,0.0590134580929908,2808437750.0662146,-0.5507975066417646,0,0,0.0,45,0
DOGE,2025-11-04,0.167088259411484,-0.1092682171681298,0.061612074034654,2858900228.9224176,-0.597294487608448,1,1,0.6666666666666666,45,0
DOGE,2025-11-05,0.1628801500430134,-0.0255075177308671,0.0615085269606327,2905643320.921474,-0.6074366055848903,1,1,1.0,45,0
DOGE,2025-11-06,0.1673636384817991,0.0271542665415653,0.0607650241693744,2849440066.887873,-0.5966307864603019,1,0,0.3333333333333333,45,0
DOGE,2025-11-07,0.1611765350860604,-0.0376686655959508,0.0599272318072576,2779532929.86601,-0.6115425501711472,1,1,1.0,45,0
DOGE,2025-11-08,0.1789825325849445,0.1047879622600526,0.0632443340979533,2780147288.24521,-0.5686276657161476,0,0,0.0,45,0
DOGE,2025-11-09,0.1762601428042343,-0.0153272298928519,0.0631758344744977,2752999630.529927,-0.5751889966883649,0,1,0.6666666666666666,45,0
DOGE,2025-11-10,0.1790892500019468,0.0159232970802244,0.0449097550733683,2533666782.785352,-0.5683704621744603,0,0,0.0,45,0
DOGE,2025-11-11,0.1820179445744617,0.0162209938372173,0.0443402381580497,2394786329.286942,-0.5613119084938065,0,0,0.0,45,0
DOGE,2025-11-12,0.1719548614515572,-0.0568732698288522,0.0401049253691924,2299699190.213753,-0.5855653124105242,0,0,0.3333333333333333,45,0
DOGE,2025-11-13,0.1699432438376936,-0.011767487422192,0.0395088269327703,2206229149.053546,-0.5904135854416761,0,0,0.3333333333333333,45,0
DOGE,2025-11-14,0.1641984394529473,-0.0343888284958783,0.0392328389588198,2140878879.189345,-0.6042593481631081,0,0,0.0,45,0
DOGE,2025-11-15,0.1578801789078301,-0.0392393090498349,0.0391303969496035,2151125859.901702,-0.6194872185066415,0,0,0.0,45,0
DOGE,2025-11-16,0.1631723205092692,0.0329704394401914,0.0392525128716717,2083862317.220269,-0.6067324348805353,0,0,0.0,45,0
DOGE,2025-11-17,0.158885342685653,-0.0266239965158421,0.0393881263330529,2036559273.359305,-0.6170646365992631,0,0,0.0,45,0
DOGE,2025-11-18,0.1517259112655674,-0.0461071491687718,0.0396633118090992,2087452847.7764847,-0.6343198435695956,0,0,0.0,45,0
DOGE,2025-11-19,0.161571559273133,0.0628724582629095,0.0411756741264209,2104749528.600291,-0.6105904879602987,0,0,0.3333333333333333,45,0
DOGE,2025-11-20,0.1541759459161039,-0.0468536798020586,0.0414063134746504,2111454065.5291903,-0.6284149256370222,0,0,0.0,45,0
DOGE,2025-11-21,0.1493699180272315,-0.0316685556671115,0.0414752512405496,2106876475.8596344,-0.6399981088623027,1,1,0.6666666666666666,45,0
DOGE,2025-11-22,0.1401365051422523,-0.0638089162318817,0.0426071525041305,2147470406.302673,-0.6622518942573091,1,1,1.0,45,0
DOGE,2025-11-23,0.1403374456502079,0.0014328642055143,0.0421585625505549,2142895264.0053184,-0.6617676002051628,1,1,0.6666666666666666,45,0
DOGE,2025-11-24,0.1450369793617749,0.0329388914814959,0.0426713206243026,2139579840.8537023,-0.6504410824834281,1,0,0.3333333333333333,45,0
DOGE,2025-11-25,0.1518654522501746,0.0460062062890637,0.0438900347120392,2165607142.8456125,-0.6339835307496299,0,0,0.3333333333333333,45,0
DOGE,2025-11-26,0.153133415915494,0.0083145945932626,0.0428006380389438,2164470095.6918497,-0.6309275652417311,0,0,0.3333333333333333,45,0
DOGE,2025-11-27,0.1547707659597834,0.0106355520626866,0.0428442804010521,2153296981.1243367,-0.6269813281400202,0,0,0.3333333333333333,45,0
DOGE,2025-11-28,0.152767756343935,-0.0130262571588319,0.0425802698798433,2097419009.6458888,-0.631808854720981,0,0,0.3333333333333333,45,0
DOGE,2025-11-29,0.1503171183848299,-0.0161716507239265,0.0426065787572569,2060647296.787268,-0.6377152267095554,1,0,0.3333333333333333,45,0
DOGE,2025-11-30,0.1485702185058908,-0.0116894866743437,0.0418178756770066,1986061651.2372603,-0.6419254938661031,0,0,0.0,45,0
DOGE,2025-12-01,0.1466972817557756,-0.0126865426699312,0.0415049872895481,1961219350.528763,-0.6464395270859637,0,0,0.0,45,0
DOGE,2025-12-02,0.1357782907726318,-0.0773478151224272,0.0433081715980528,2000524718.1698265,-0.672755785775552,1,1,1.0,45,0
DOGE,2025-12-03,0.1461077712279932,0.0733211679160601,0.0459445554773606,2019426153.3589468,-0.6478603279249153,0,0,0.0,45,0
DOGE,2025-12-04,0.1519490079014202,0.0392004817306624,0.0425433404604729,1953978640.883983,-0.6337821502249503,0,0,0.3333333333333333,45,0
DOGE,2025-12-05,0.1475067388405238,-0.0296711284387609,0.0426254497618599,1843553081.551682,-0.6444886250224636,1,1,0.6666666666666666,45,0
DOGE,2025-12-06,0.1395574899025586,-0.0553972314280448,0.0432513368562499,1813617631.882892,-0.6636474000193816,1,1,0.6666666666666666,45,0
DOGE,2025-12-07,0.1396119590845046,0.0003902230909209,0.0428484127469066,1777105944.754918,-0.6635161218559582,1,1,0.6666666666666666,45,0
DOGE,2025-12-08,0.1381907071530774,-0.0102321863990569,0.0375203017259457,1717513259.8899386,-0.6669415330087155,0,0,0.3333333333333333,45,0
DOGE,2025-12-09,0.1425783752679988,0.0312571833393297,0.0381911934309865,1684939615.3808742,-0.6563666539439208,0,0,0.0,45,0
DOGE,2025-12-10,0.1481420654338239,0.0382798645392938,0.0388674415569408,1691524081.3483052,-0.6429574012118138,0,0,0.0,45,0
DOGE,2025-12-11,0.1435711895887641,-0.0313407080524884,0.03888614726585,1669939918.5067985,-0.653973835913727,0,0,0.0,45,0
DOGE,2025-12-12,0.1404521990424531,-0.0219637963332867,0.0378796943922915,1653522103.1410766,-0.6614910288662456,0,0,0.0,45,0
DOGE,2025-12-13,0.1369938792828775,-0.0249309624845478,0.0380158683441566,1632208114.599058,-0.6698260515404837,0,0,0.0,45,0
DOGE,2025-12-14,0.1391364520130514,0.0155188727044999,0.0378760685253016,1563685839.3828146,-0.6646621588039153,0,1,0.6666666666666666,45,0
DOGE,2025-12-15,0.1342511327270273,-0.0357429499686232,0.0377739796658333,1493620818.9783754,-0.6764364451194471,0,0,0.0,45,0
ETH,2024-12-20,3434.6754695380805,-0.0015318528612333232,0.040547743033962975,9118911905.32381,0.0,1,0,0.3333333333333333,45,1
ETH,2024-12-21,3468.658920056454,0.0098455972484423,0.040547743033962975,9118911905.32381,0.0,1,0,0.3333333333333333,45,1
ETH,2024-12-22,3337.5972231166807,-0.0385168870629224,0.040547743033962975,9118911905.32381,-0.037784544390326,0,1,0.6666666666666666,45,1
ETH,2024-12-23,3275.8894274015142,-0.0186617407221738,0.040547743033962975,9118911905.32381,-0.0555746463108002,1,1,0.6666666666666666,45,1
ETH,2024-12-24,3414.6414419808,0.0414830793810448,0.040547743033962975,9118911905.32381,-0.0155730151971169,0,0,0.0,45,1
ETH,2024-12-25,3497.555287927574,0.0239917427918023,0.040547743033962975,9118911905.32381,0.0,0,0,0.3333333333333333,45,1
ETH,2024-12-26,3494.5109273631047,-0.0008708043268212,0.040547743033962975,9118911905.32381,-0.0008704252867646,0,0,0.3333333333333333,45,1
ETH,2024-12-27,3327.7897761683494,-0.0488850782026654,0.040547743033962975,9118911905.32381,-0.0485383354325234,1,1,0.6666666666666666,45,1
ETH,2024-12-28,3328.6111553091764,0.0002467937714244,0.040547743033962975,9118911905.32381,-0.0483034916421587,1,1,1.0,45,1
ETH,2024-12-29,3397.834120508516,0.0205830587401196,0.040547743033962975,9118911905.32381,-0.0285116772173019,1,0,0.3333333333333333,45,1
ETH,2024-12-30,3357.330742971463,-0.0119919687364031,0.040547743033962975,9118911905.32381,-0.0400921596407984,1,1,1.0,45,1
ETH,2024-12-31,3359.513941757392,0.0006500667993038,0.040547743033962975,9118911905.32381,-0.0394679525572208,1,1,1.0,45,1
ETH,2025-01-01,3336.6175137659498,-0.0068387299081265,0.040547743033962975,9118911905.32381,-0.0460143617220661,1,1,1.0,45,1
ETH,2025-01-02,3348.967247123586,0.0036944404553982,0.040547743033962975,9118911905.32381,-0.0424834001386242,1,1,1.0,45,1
ETH,2025-01-03,3448.140436960939,0.0291830680822365,0.040547743033962975,9118911905.32381,-0.0141283973800783,0,0,0.3333333333333333,45,1
ETH,2025-01-04,3604.291379593176,0.04429010347264,0.040547743033962975,9118911905.32381,0.0,0,0,0.3333333333333333,45,1
ETH,2025-01-05,3660.37804173532,0.0154412467491238,0.040547743033962975,9118911905.32381,0.0,0,0,0.3333333333333333,45,1
ETH,2025-01-06,3635.854996180709,-0.0067221366891445,0.040547743033962975,9118911905.32381,-0.0066995936690149,0,0,0.3333333333333333,45,1
ETH,2025-01-07,3687.144714058831,0.014008072812599,0.040547743033962975,9118911905.32381,0.0,0,0,0.3333333333333333,45,1
ETH,2025-01-08,3380.0211263090155,-0.0869704084316162,0.040547743033962975,9118911905.32381,-0.0832957780525332,0,0,0.0,45,1
ETH,2025-01-09,3325.130029353736,-0.0163731799469488,0.040547743033962975,9118911905.32381,-0.0981829336192739,0,1,0.6666666666666666,45,1
ETH,2025-01-10,3219.09284475812,-0.0324091852818158,0.040547743033962975,9118911905.32381,-0.1269415511455412,1,1,1.0,45,1
ETH,2025-01-11,3269.1759954060667,0.0154383693481875,0.040547743033962975,9118911905.32381,-0.1133583710612383,1,1,0.6666666666666666,45,1
ETH,2025-01-12,3283.591322828503,0.0043997749276596,0.040547743033962975,9118911905.32381,-0.1094487530396099,1,1,1.0,45,1
ETH,2025-01-13,3264.070968533687,-0.0059625592337037,0.040547743033962975,9118911905.32381,-0.1147429185277141,1,1,0.6666666666666666,45,1
ETH,2025-01-14,3134.5520394596483,-0.0404889059254514,0.040547743033962975,9118911905.32381,-0.149870080361149,1,1,1.0,45,1
ETH,2025-01-15,3224.8006483414138,0.0283848601187607,0.040547743033962975,9118911905.32381,-0.1253935230571588,0,1,0.6666666666666666,45,1
ETH,2025-01-16,3447.034047674796,0.0666430310969407,0.040547743033962975,9118911905.32381,-0.0651210313141519,0,0,0.3333333333333333,45,1
ETH,2025-01-17,3309.44661399002,-0.0407331756602223,0.040547743033962975,9118911905.32381,-0.1024364730325538,1,1,1.0,45,1
ETH,2025-01-18,3477.284285084809,0.0494706219778071,0.040547743033962975,26338670201.694736,-0.0569167866327129,0,0,0.0,45,1
ETH,2025-01-19,3309.0995676199964,-0.049575492854528,0.0337930280426328,25263424688.403767,-0.1025305963710549,1,1,0.6666666666666666,45,1
ETH,2025-01-20,3208.1365439891497,-0.0309858657432571,0.0341514476558936,24821496772.28024,-0.1299130376530262,1,1,0.6666666666666666,45,1
ETH,2025-01-21,3263.069869880814,0.0169781774695996,0.0336381522108813,25390965741.63832,-0.1150144290678498,1,0,0.3333333333333333,45,1
ETH,2025-01-22,3326.0285404709143,0.0191105315977322,0.0336516094092817,25656017127.86225,-0.0979392461085146,0,0,0.3333333333333333,45,1
ETH,2025-01-23,3237.2996671291435,-0.0270394155213862,0.0330952934896227,25197824914.438416,-0.1220036320284525,0,1,0.6666666666666666,45,1
ETH,2025-01-24,3332.580893146162,0.0290075005564189,0.0332423086939743,25523757194.37541,-0.0961621656890063,0,0,0.3333333333333333,45,1
ETH,2025-01-25,3311.8499838687,-0.0062401060169272,0.0332526409999341,25803474369.03766,-0.1017846489070955,0,0,0.0,45,1
ETH,2025-01-26,3320.1314101789453,0.0024974227527333,0.0320445755351124,25519019431.619858,-0.0995386219804417,0,0,0.0,45,1
ETH,2025-01-27,3232.2767744705584,-0.0268175908665552,0.0324139917573393,25132957196.12146,-0.1233659036635834,1,1,0.6666666666666666,45,1
ETH,2025-01-28,3173.5346079397173,-0.0183407876621952,0.0322999681366175,26042616775.369003,-0.1392975177135721,0,0,0.3333333333333333,45,1
ETH,2025-01-29,3076.4937692857234,-0.031055423059781,0.0326829471915367,26325695512.772728,-0.1656162131214263,0,1,0.6666666666666666,45,1
ETH,2025-01-30,3114.4358854363104,0.0122574777356628,0.0327950828936792,26138605016.97164,-0.1553258342258227,0,0,0.3333333333333333,45,1
ETH,2025-01-31,3248.249484352305,0.0420681913629812,0.0337742074728027,26073211621.39628,-0.1190339039400999,0,0,0.3333333333333333,45,1
ETH,2025-02-01,3296.390634843652,0.014711891843201,0.0338855453015956,26673253185.126385,-0.1059774187124417,0,0,0.3333333333333333,45,1
ETH,2025-02-02,3125.0386801320924,-0.0533814621235572,0.0347316186746068,26549446866.84308,-0.1524502230095463,0,0,0.3333333333333333,45,1
ETH,2025-02-03,2862.6976188716285,-0.0876822570962348,0.036795167443757,27112020419.5066,-0.2236004168872575,0,0,0.0,45,1
ETH,2025-02-04,2877.8138239498767,0.005266513329898,0.0366211932175852,29799912599.795856,-0.219500712034174,0,0,0.3333333333333333,45,1
ETH,2025-02-05,2740.3809762760143,-0.0489339638167183,0.0373729096198795,31139770253.23169,-0.2567742280830127,0,0,0.0,45,1
ETH,2025-02-06,2790.5521609256075,0.0181425302230572,0.037469797551317,31325979935.420982,-0.2431671720707292,0,0,0.3333333333333333,45,1
ETH,2025-02-07,2686.662316793651,-0.0379398346043527,0.0349490936707349,31276559188.65983,-0.2713434038676077,0,0,0.3333333333333333,45,1
ETH,2025-02-08,2623.4507017824767,-0.023809135832668,0.0350393252904431,31138821289.47188,-0.2884871885338706,1,1,0.6666666666666666,45,1
ETH,2025-02-09,2635.6011418023404,0.0046207803233454,0.0347975835371724,30680111844.4569,-0.285191836449225,1,1,1.0,45,1
ETH,2025-02-10,2632.5358220552475,-0.0011637207286203,0.0345651597956083,30361215119.121902,-0.2860231897008088,1,1,0.6666666666666666,45,1
ETH,2025-02-11,2660.2967996436387,0.0104901228308144,0.0346535298734141,30621070997.278103,-0.2784940635771337,1,1,0.6666666666666666,45,1
ETH,2025-02-12,2603.0333698049267,-0.0217602497039577,0.0347568351003473,31004844457.3432,-0.294024625646035,1,1,0.6666666666666666,45,1
ETH,2025-02-13,2736.27031360324,0.0499183480330193,0.0357081374681092,30496836509.57082,-0.2578890914777421,1,0,0.3333333333333333,45,1
ETH,2025-02-14,2675.7090007037627,-0.0223814014903324,0.035295047512931,30382581454.05371,-0.2743140808926032,0,1,0.6666666666666666,45,1
ETH,2025-02-15,2724.669833587396,0.0181328665669423,0.0328695892851463,30170674481.01625,-0.2610352874953847,0,0,0.3333333333333333,45,1
ETH,2025-02-16,2692.8213863864253,-0.0117577723026627,0.0322902917518347,29633466641.40472,-0.2696729867642891,1,1,0.6666666666666666,45,1
ETH,2025-02-17,2659.9017474093457,-0.0123003014382997,0.0304930080980137,28999435399.794937,-0.2786012067095382,0,1,0.6666666666666666,45,1
ETH,2025-02-18,2741.9050800956124,0.0303637784607134,0.0303111171119616,28748461371.3382,-0.2563608719666154,1,0,0.3333333333333333,45,1
ETH,2025-02-19,2669.494500689608,-0.0267638346045844,0.030201997090654,27570946834.730103,-0.2759995314230528,1,0,0.3333333333333333,45,1
ETH,2025-02-20,2714.8018364720533,0.0168298334106409,0.0301980957085416,26365440767.067734,-0.2637116123702172,0,0,0.0,45,1
ETH,2025-02-21,2741.5933625994785,0.0098203082660699,0.0299771435155588,25725010371.595207,-0.2564454136703747,0,0,0.0,45,1
ETH,2025-02-22,2658.3470942919384,-0.030834734054549,0.0300749189847204,26057946177.762066,-0.2790228481795568,0,0,0.3333333333333333,45,1
ETH,2025-02-23,2764.355233404291,0.039102882613837,0.0305395924491529,25515060708.98591,-0.2502721081535006,0,0,0.3333333333333333,45,1
ETH,2025-02-24,2827.1844084879804,0.0224738886041299,0.0309860037160016,25365036698.0993,-0.2332320460034782,0,0,0.3333333333333333,45,1
ETH,2025-02-25,2503.103420098605,-0.1217499776901733,0.0375249211535392,25975307549.610703,-0.321126884292216,0,0,0.3333333333333333,45,1
ETH,2025-02-26,2495.315451693047,-0.0031161752976039,0.0373951904071189,26971157182.3141,-0.3232390792315312,1,0,0.3333333333333333,45,1
ETH,2025-02-27,2325.853934699374,-0.0703278994069194,0.0390297390522911,26536424997.33485,-0.3691991730535957,0,0,0.3333333333333333,45,1
ETH,2025-02-28,2305.322937802984,-0.0088664855454206,0.0388337538714597,28851480204.1714,-0.3747674375207067,0,0,0.3333333333333333,45,1
ETH,2025-03-01,2235.204208608959,-0.0308881774065907,0.0387945514281407,29213285942.01227,-0.3937845183872827,1,1,1.0,45,1
ETH,2025-03-02,2212.8243514969954,-0.0100629056948629,0.0374780829531417,29099900254.26768,-0.3998542169881081,0,0,0.3333333333333333,45,1
ETH,2025-03-03,2517.3382391622977,0.1289324022910108,0.0453449301430304,29315419108.97036,-0.3172662224067694,0,0,0.0,45,1
ETH,2025-03-04,2148.199533470228,-0.158572023983584,0.0524123509888496,29799819793.734627,-0.4173812800785145,1,0,0.3333333333333333,45,1
ETH,2025-03-05,2171.496943535016,0.0107867004461155,0.0505930592519666,29687405376.65306,-0.411062729581715,0,0,0.3333333333333333,45,1
ETH,2025-03-06,2241.3841149187283,0.0316768180304996,0.0510810943758282,27208991386.729733,-0.3921084501043629,0,0,0.0,45,1
ETH,2025-03-07,2202.3207363495417,-0.0175818989579414,0.0505396043403501,26114257049.05288,-0.4027029294640259,0,0,0.0,45,1
ETH,2025-03-08,2140.7498089428914,-0.0283555388516329,0.0504457805799317,25837267683.313454,-0.4194017390257674,0,0,0.0,45,1
ETH,2025-03-09,2199.9995000805707,0.027300987451724,0.0505540035363093,25167524336.90736,-0.403332477921975,0,0,0.3333333333333333,45,1
ETH,2025-03-10,2017.265460184326,-0.0867142714207823,0.0525547413391385,24721797202.76081,-0.4528922468129253,0,1,0.6666666666666666,45,1
ETH,2025-03-11,1879.1231054991024,-0.0709376269244818,0.0536897208262886,25396520678.848343,-0.4903581900829294,1,0,0.3333333333333333,45,1
ETH,2025-03-12,1921.309922758704,0.0222019700659285,0.0540100105383375,25826222907.7812,-0.4789165948836019,0,1,0.6666666666666666,45,1
ETH,2025-03-13,1910.6551381032464,-0.0055610173602356,0.0538742597505091,26014752713.22369,-0.4818063064305427,1,1,1.0,45,1
ETH,2025-03-14,1862.7949366490388,-0.0253681735060539,0.0539030512516927,25948069525.789364,-0.4947865947473315,1,1,1.0,45,1
ETH,2025-03-15,1910.6662703455045,0.0253739998896885,0.0531247864080819,25496279918.30336,-0.4818032872264914,1,1,0.6666666666666666,45,1
ETH,2025-03-16,1939.7856881721348,0.0151254830864083,0.0533123619537651,25096503247.32852,-0.4739057350323505,1,1,0.6666666666666666,45,1
ETH,2025-03-17,1887.7643429692785,-0.0271842553683036,0.0531082329442846,24832151797.977734,-0.4880145778462771,1,1,0.6666666666666666,45,1
ETH,2025-03-18,1929.183357761872,0.0217035410881031,0.0534686851683113,24910646645.700733,-0.4767812203285573,1,1,0.6666666666666666,45,1
ETH,2025-03-19,1932.7964059050653,0.001871086550624,0.053520440210628,24981637460.7646,-0.4758013162500932,1,1,1.0,45,1
ETH,2025-03-20,2060.728601068271,0.0640917408779142,0.0547516540254521,24838583015.438583,-0.4411044966011631,1,0,0.3333333333333333,45,1
ETH,2025-03-21,1980.831780524645,-0.0395427624400356,0.0549398240289711,24503599331.24225,-0.4627735187686372,1,1,1.0,45,1
ETH,2025-03-22,1964.529383316829,-0.0082641306146058,0.0547086483026846,24386650200.12124,-0.4671949338396693,1,1,0.6666666666666666,45,1
ETH,2025-03-23,1979.5449257665969,0.0076142657665002,0.0546814770766017,24108169473.321712,-0.4631225299569265,1,1,0.6666666666666666,45,1
ETH,2025-03-24,2001.0470230951885,0.0108035723043672,0.0546853155458803,23315537410.964657,-0.4572908908442533,0,1,0.6666666666666666,45,1
ETH,2025-03-25,2077.739325831977,0.0376098849458272,0.0546402501840074,23252197319.91133,-0.436490974192117,0,0,0.3333333333333333,45,1
ETH,2025-03-26,2068.598435049149,-0.0044091466342872,0.0543169828423844,22957816314.66917,-0.4389700986886345,0,1,0.6666666666666666,45,1
ETH,2025-03-27,2009.8835432902424,-0.0287945117038112,0.0502455218705592,22391496469.54086,-0.4548943154775852,0,0,0.3333333333333333,45,1
ETH,2025-03-28,2003.3034241292064,-0.0032792516825453,0.0502450607533026,21366838271.41082,-0.4566789265171103,0,0,0.3333333333333333,45,1
ETH,2025-03-29,1896.9173600459983,-0.0545674035415001,0.0496423339467276,21043850509.800777,-0.4855321645464085,0,0,0.3333333333333333,45,1
ETH,2025-03-30,1829.2745211803465,-0.0363106747687301,0.0499338331556731,18499339390.310738,-0.5038777528298666,0,0,0.0,45,1
ETH,2025-03-31,1805.3378779435927,-0.0131716874746951,0.0497547032352138,17737703959.049202,-0.5103696713991281,1,1,1.0,45,1
ETH,2025-04-01,1824.207136760985,0.0103976827617661,0.0498531006279612,17768348830.21154,-0.5052520911898555,0,1,0.6666666666666666,45,1
ETH,2025-04-02,1907.1671522994227,0.0444735277180098,0.0439842320830183,17034747345.418736,-0.4827522920303278,0,0,0.0,45,1
ETH,2025-04-03,1795.761850567479,-0.0601896135620954,0.0352720722672175,16699727013.535316,-0.5129668104101361,0,1,0.6666666666666666,45,1
ETH,2025-04-04,1818.2844199542053,0.0124640689571517,0.0353008736547278,16082225198.548428,-0.5068584064462642,0,0,0.0,45,1
ETH,2025-04-05,1814.4807753449504,-0.0020940775385884,0.0345920423987723,15989656053.866438,-0.507890002682439,0,0,0.3333333333333333,45,1
ETH,2025-04-06,1809.935827172196,-0.0025079625514689,0.0345431268819856,15552490285.473686,-0.5091226497644548,0,0,0.3333333333333333,45,1
ETH,2025-04-07,1574.6321611455576,-0.1392696935263162,0.0420732692531204,15611449424.176111,-0.5729399621496839,0,0,0.0,45,1
ETH,2025-04-08,1555.909812570873,-0.0119612335182039,0.0414716621160212,16883418010.201626,-0.578017698454228,1,1,1.0,45,1
ETH,2025-04-09,1471.3608854365525,-0.0558727180702033,0.0398964091675694,17045884823.32494,-0.600948430413823,1,0,0.3333333333333333,45,1
ETH,2025-04-10,1662.5331604641576,0.1221546945593198,0.0450550874090913,17212960559.979347,-0.5491001060725845,0,1,0.6666666666666666,45,1
ETH,2025-04-11,1523.928624242526,-0.0870508178116504,0.0472206672462453,16894286353.88641,-0.5866913987856538,1,1,0.6666666666666666,45,1
ETH,2025-04-12,1568.131690125936,0.0285932827701352,0.0476840621256598,16550812037.02239,-0.5747029716119476,1,1,0.6666666666666666,45,1
ETH,2025-04-13,1645.8625733156498,0.0483797030152315,0.0485750036627301,16302283943.098885,-0.5536213788842927,0,0,0.3333333333333333,45,1
ETH,2025-04-14,1595.4227460001084,-0.0311258618336305,0.0484869720669244,16329784925.17699,-0.5673012941648669,0,0,0.3333333333333333,45,1
ETH,2025-04-15,1621.543195596693,0.0162395400600995,0.0485041414330657,16612146046.969316,-0.5602170998567376,0,1,0.6666666666666666,45,1
ETH,2025-04-16,1587.82222440214,-0.0210148785037737,0.0484241234356131,16688822141.069271,-0.5693626511734453,0,0,0.3333333333333333,45,1
ETH,2025-04-17,1577.7073516760115,-0.0063906571761308,0.0481453932664576,16751119409.056507,-0.5721059318175603,0,1,0.6666666666666666,45,1
ETH,2025-04-18,1583.4764497002343,0.0036499645648481,0.0481574126358269,16702771380.838978,-0.5705412799062248,1,1,0.6666666666666666,45,1
ETH,2025-04-19,1589.1516208270757,0.0035775874472435,0.0463248366644287,16198749337.113165,-0.5690021021502767,1,1,1.0,45,1
ETH,2025-04-20,1615.0502549158562,0.0161657717602579,0.0461605408567666,15893577218.572702,-0.561978066996454,1,1,0.6666666666666666,45,1
ETH,2025-04-21,1585.4600253443446,-0.0184914717564342,0.046209428747115,15787099060.66412,-0.5700033092546941,1,1,0.6666666666666666,45,1
ETH,2025-04-22,1577.4465595922347,-0.0050671638147721,0.0461276807220375,16089747608.49248,-0.5721766619092712,1,1,0.6666666666666666,45,1
ETH,2025-04-23,1759.7064599311093,0.1093395727957605,0.0507568491906618,16632433166.101583,-0.5227454856270033,1,1,0.6666666666666666,45,1
ETH,2025-04-24,1793.969849485534,0.0192839461785503,0.0503438610258438,16846524032.20398,-0.5134528236319965,1,1,0.6666666666666666,45,1
ETH,2025-04-25,1769.3925107354407,-0.0137946837880629,0.0503698932763206,16858528228.102892,-0.5201185068790851,1,1,1.0,45,1
ETH,2025-04-26,1788.7981804331257,0.0109077133779204,0.0502502343762244,16912924510.565498,-0.5148554452954992,1,1,0.6666666666666666,45,1
ETH,2025-04-27,1821.2695303291391,0.01798981527636,0.0504088568780452,16851505405.110626,-0.5060488069847753,1,1,1.0,45,1
ETH,2025-04-28,1793.6918440730135,-0.0152578234772588,0.0495301635911024,16558604419.000942,-0.5135282221948629,1,1,1.0,45,1
ETH,2025-04-29,1799.50191449199,0.0032339338610735,0.0491062380115932,16687046660.367956,-0.511952458054979,1,1,1.0,45,1
ETH,2025-04-30,1796.9720456768928,-0.0014068608644953,0.0490488842358183,16818314236.999905,-0.512638590282296,1,1,1.0,45,1
ETH,2025-05-01,1794.0495408617828,-0.0016276735685948,0.0490087929777146,16705722879.31314,-0.5134312103289045,1,1,1.0,45,1
ETH,2025-05-02,1838.854328592576,0.024667352185918,0.0485121698111674,16652762805.496532,-0.5012795886255428,0,1,0.6666666666666666,45,1
ETH,2025-05-03,1841.427590836958,0.001398405187461,0.0472162977551042,16260623831.680416,-0.500581687554676,0,1,0.6666666666666666,45,1
ETH,2025-05-04,1834.501911876416,-0.0037681283877273,0.0471714488546825,15917489119.869284,-0.5024600187560891,1,1,0.6666666666666666,45,1
ETH,2025-05-05,1808.156093844096,-0.0144654136570472,0.0472470786809832,15518176191.78695,-0.5096053358172463,1,1,1.0,45,1
ETH,2025-05-06,1820.00445988936,0.0065313582402746,0.0472601225069636,15643656387.647026,-0.5063919099920848,1,1,0.6666666666666666,45,1
ETH,2025-05-07,1816.168694381844,-0.0021097823275096,0.03926156243954,15259153371.292543,-0.5074322178196813,1,1,0.6666666666666666,45,1
ETH,2025-05-08,1810.316926928448,-0.0032272415464149,0.0391655838404839,15182303132.057154,-0.5090192907195009,1,1,0.6666666666666666,45,1
ETH,2025-05-09,2197.5611893238784,0.1938462674601429,0.050630207999416,15633696355.979462,-0.4039937784528153,1,0,0.3333333333333333,45,1
ETH,2025-05-10,2341.407963002621,0.0634042468548845,0.0473044504417106,15732936014.202684,-0.3649807250377258,1,0,0.3333333333333333,45,1
ETH,2025-05-11,2583.682905142952,0.0984634216468635,0.0460991587135364,16048320488.533457,-0.2992727149299171,0,0,0.3333333333333333,45,1
ETH,2025-05-12,2507.4693107597423,-0.0299418618624363,0.0468503520809095,16446427194.715122,-0.3199427998584018,1,1,0.6666666666666666,45,1
ETH,2025-05-13,2492.426391077375,-0.0060173115476643,0.0465917380022235,17105362343.731869,-0.324022628790803,0,1,0.6666666666666666,45,1
ETH,2025-05-14,2676.639163127913,0.0713052736908651,0.0469353635874464,17722192150.566166,-0.2740618091494834,0,0,0.3333333333333333,45,1
ETH,2025-05-15,2603.718088719961,-0.0276215063176289,0.0476456034997291,18146675798.93653,-0.293838921268221,0,0,0.3333333333333333,45,1
ETH,2025-05-16,2542.296692466797,-0.0238725755136914,0.0477245056674916,18627506110.3544,-0.3104971761012814,0,0,0.3333333333333333,45,1
ETH,2025-05-17,2544.3870377235667,0.0008218892643284,0.0476275036128107,18894517998.657738,-0.3099302481885257,1,1,1.0,45,1
ETH,2025-05-18,2475.054393369692,-0.0276273984778722,0.048243944762342,19152795737.65224,-0.328734132964058,1,0,0.3333333333333333,45,1
ETH,2025-05-19,2465.3409856139087,-0.0039322440925543,0.0483240726925531,19804240930.835106,-0.3313685312611322,1,1,1.0,45,1
ETH,2025-05-20,2526.989643891319,0.0246986014088912,0.0483584762298013,20478082422.349182,-0.3146486401100342,1,1,0.6666666666666666,45,1
ETH,2025-05-21,2524.2743433146065,-0.0010750975776068,0.0480470521624472,21017272241.86226,-0.3153850637622872,1,1,1.0,45,1
ETH,2025-05-22,2558.9502343769486,0.0136434770584896,0.0478920221165523,21598019416.80092,-0.3059805261725025,1,0,0.3333333333333333,45,1
ETH,2025-05-23,2657.1674447566115,0.0376635753286083,0.0447674537778283,21775373804.98608,-0.279342783963696,1,0,0.3333333333333333,45,1
ETH,2025-05-24,2519.813809045145,-0.0530756715299226,0.0463786047311083,22040312203.68224,-0.3165948167325066,1,1,1.0,45,1
ETH,2025-05-25,2529.442984228436,0.0038141006689836,0.046160644910371,21967702164.056248,-0.3139832633680359,1,0,0.3333333333333333,45,1
ETH,2025-05-26,2546.6201163370915,0.0067679212549151,0.0461699377837106,21906300481.42096,-0.3093246091950221,0,0,0.3333333333333333,45,1
ETH,2025-05-27,2562.172928639224,0.0060886632959171,0.0461658178365575,22008184919.37153,-0.3051064909739415,0,0,0.3333333333333333,45,1
ETH,2025-05-28,2662.0940568241435,0.0382573537768223,0.046135046906864,22568241379.04309,-0.278006624835266,0,0,0.3333333333333333,45,1
ETH,2025-05-29,2676.2674124507,0.0053100146968616,0.0461211974298398,22609281521.72292,-0.2741626326066685,0,0,0.3333333333333333,45,1
ETH,2025-05-30,2633.139206528669,-0.0162463181398947,0.0463625402636176,23043510944.76961,-0.2858595442460696,0,0,0.0,45,1
ETH,2025-05-31,2524.4762348050726,-0.0421431395977255,0.0473744220622383,23352928353.00357,-0.3153303082519606,1,1,1.0,45,1
ETH,2025-06-01,2532.3627853090866,0.0031191647061684,0.0473294315392789,23309467875.30808,-0.313191376608203,0,0,0.3333333333333333,45,1
ETH,2025-06-02,2538.3300584367485,0.0023536333460658,0.0473233019814035,23297869179.461994,-0.3115729771174239,0,0,0.3333333333333333,45,1
ETH,2025-06-03,2609.737253959435,0.0277431397838338,0.0473408289790018,23595168421.248463,-0.2922064479843482,0,1,0.6666666666666666,45,1
ETH,2025-06-04,2595.4689570063,-0.0054823313859632,0.0471974933899002,23877673853.96545,-0.2960761894942842,0,0,0.0,45,1
ETH,2025-06-05,2610.343189828259,0.0057144871460402,0.0472010216725929,24086486285.39308,-0.2920421105591005,1,0,0.3333333333333333,45,1
ETH,2025-06-06,2421.601103763502,-0.0750527685216238,0.0497632412289568,24549792266.16377,-0.3432313371020936,1,1,0.6666666666666666,45,1
ETH,2025-06-07,2481.4039836690267,0.0243955879126866,0.0497734575825652,23592588626.52968,-0.3270120442499578,1,1,0.6666666666666666,45,1
ETH,2025-06-08,2526.291995889778,0.0179280909662479,0.0358425906899448,22710675351.18428,-0.314837851018649,1,1,1.0,45,1
ETH,2025-06-09,2508.784123584585,-0.0069543905401236,0.0341261294746086,21565345806.317307,-0.3195862060909185,1,1,1.0,45,1
ETH,2025-06-10,2685.0001850413178,0.0678825740141727,0.0315112346791801,21216606623.19252,-0.2717941948946036,0,0,0.3333333333333333,45,1
ETH,2025-06-11,2808.503208314919,0.0449708784710619,0.0319171769659436,21621370747.649788,-0.2382986223441982,0,0,0.3333333333333333,45,1
ETH,2025-06-12,2776.1371915822333,-0.0115912133263917,0.0319923063786218,21482850905.068783,-0.2470766929768143,0,0,0.3333333333333333,45,1
ETH,2025-06-13,2653.158968452672,-0.0453094684006421,0.0305326444255518,21275820828.013187,-0.2804299331305446,0,0,0.3333333333333333,45,1
ETH,2025-06-14,2577.04861752583,-0.0291061961898786,0.030579633946972,21623362079.849064,-0.3010720171357203,0,0,0.0,45,1
ETH,2025-06-15,2534.070219535952,-0.0168180049711391,0.0304191608091768,21152215295.734924,-0.3127282989805864,0,0,0.0,45,1
ETH,2025-06-16,2547.845604092044,0.0054213484731134,0.0304355957396618,20837164325.553062,-0.3089922415094577,0,0,0.0,45,1
ETH,2025-06-17,2561.329843569428,0.0052784528242301,0.0299936516357389,21071718950.835403,-0.3053351462438531,0,0,0.0,45,1
ETH,2025-06-18,2514.986700576147,-0.018259078261444,0.0301906419571302,21109354692.024605,-0.3179039892340882,0,0,0.0,45,1
ETH,2025-06-19,2521.3334233964915,0.0025203823521221,0.0298514627431799,20857249691.30521,-0.3161826782163393,0,0,0.0,45,1
ETH,2025-06-20,2522.1791903642184,0.0003353880679696,0.0298509435274001,20441283394.829845,-0.315953295581993,0,0,0.0,45,1
ETH,2025-06-21,2405.695434213183,-0.0472842623230171,0.0309414523103937,20034128032.688103,-0.3475451546448854,1,1,0.6666666666666666,45,1
ETH,2025-06-22,2270.581996055585,-0.0578028390338755,0.0316171082798865,19586228022.299534,-0.3841896176740742,1,1,1.0,45,1
ETH,2025-06-23,2227.4287266371684,-0.0191883017290656,0.0304323359575933,19524031800.326607,-0.395893326848785,1,1,0.6666666666666666,45,1
ETH,2025-06-24,2423.899644268608,0.0845297836401798,0.0344588397020883,20015675166.30088,-0.3426079440206282,1,0,0.3333333333333333,45,1
ETH,2025-06-25,2446.539301545049,0.0092968295433654,0.0344826474064201,20210819406.942123,-0.3364677843490759,1,1,1.0,45,1
ETH,2025-06-26,2417.2267855277296,-0.0120535693491003,0.0345070159485381,20282916327.97441,-0.3444177072000974,1,1,1.0,45,1
ETH,2025-06-27,2415.031864876594,-0.0009084450816399,0.0336643187808518,19944171645.756752,-0.345012997274492,0,1,0.6666666666666666,45,1
ETH,2025-06-28,2423.0302896731746,0.0033064610697812,0.0336487419520589,19780579546.807827,-0.3428437239161442,1,1,0.6666666666666666,45,1
ETH,2025-06-29,2437.133001780241,0.0058034065287066,0.0335972852870694,19072775298.641903,-0.3390188910981391,1,1,1.0,45,1
ETH,2025-06-30,2502.6672721177083,0.0265347227966354,0.0331452105254103,18649745584.92618,-0.3212451731077413,1,1,1.0,45,1
ETH,2025-07-01,2488.190781689803,-0.0058012192978845,0.0331535908950669,18759751075.81786,-0.3251713793053738,1,1,0.6666666666666666,45,1
ETH,2025-07-02,2405.1045592800183,-0.0339624742758179,0.0337010189764735,18812938624.498264,-0.3477054073550412,1,1,1.0,45,1
ETH,2025-07-03,2574.067718495133,0.0678940390847488,0.0356551947220571,19020892153.890297,-0.3018804744277087,0,0,0.3333333333333333,45,1
ETH,2025-07-04,2590.132231590221,0.0062215115867042,0.0356623619073084,19149837517.63323,-0.2975235765186477,1,1,1.0,45,1
ETH,2025-07-05,2509.236345783362,-0.0317304669321822,0.0361055011406541,19135421183.300243,-0.3194635577454242,1,1,0.6666666666666666,45,1
ETH,2025-07-06,2517.37917835065,0.0032398896040706,0.033313583691584,18500477976.05479,-0.3172551191842145,1,1,1.0,45,1
ETH,2025-07-07,2571.358192115984,0.0212158869854918,0.0332425286448185,18189029678.903904,-0.3026153320449912,1,1,1.0,45,1
ETH,2025-07-08,2543.6317028067488,-0.0108413746453612,0.0331577906438336,18402776214.98248,-0.3101351045137842,1,1,1.0,45,1
ETH,2025-07-09,2615.7759888945047,0.0279679346836013,0.0335081038558787,18554225682.083942,-0.2905686671530061,1,1,1.0,45,1
ETH,2025-07-10,2772.5795626609174,0.0582173381411579,0.032887482203859,18792242752.382584,-0.2480415666655933,1,1,0.6666666666666666,45,1
ETH,2025-07-11,2948.4462027029053,0.061500183729604,0.0337748241922858,18826496567.091923,-0.2003443229497662,1,1,0.6666666666666666,45,1
ETH,2025-07-12,2958.8514450990992,0.0035228470876898,0.0336835512169077,19329380561.32545,-0.1975222904006993,1,1,1.0,45,1
ETH,2025-07-13,2942.9616055388096,-0.005384744592344,0.0325131943925901,19042818640.54658,-0.2018318146511858,1,1,0.6666666666666666,45,1
ETH,2025-07-14,2974.2654952333387,0.0105806930181474,0.0319450649255906,18377108650.649235,-0.1933418062240227,1,1,1.0,45,1
ETH,2025-07-15,3012.179706905928,0.0126668556491132,0.0317104202667881,19352421682.77432,-0.183058995373658,1,1,1.0,45,1
ETH,2025-07-16,3133.069857747011,0.0393493373139478,0.0322974571285479,20410332277.91616,-0.1502720666751078,1,0,0.3333333333333333,45,1
ETH,2025-07-17,3368.126521526108,0.0723433523291124,0.0344323303838688,21432332613.978035,-0.0865217444046415,1,1,0.6666666666666666,45,1
ETH,2025-07-18,3481.8828152374017,0.0332165248906614,0.0343028551963722,22090747899.732246,-0.0556696074441504,1,1,0.6666666666666666,45,1
ETH,2025-07-19,3547.317079001209,0.0186183790295404,0.0342940760529482,23915241339.756817,-0.0379230124937784,1,1,0.6666666666666666,45,1
ETH,2025-07-20,3594.3185010809702,0.0131628392891994,0.0342315306662183,24469422515.697777,-0.0251756359396258,1,1,0.6666666666666666,45,1
ETH,2025-07-21,3758.605581813957,0.0446936280595133,0.0328474839438943,25625830517.990986,0.0,0,0,0.3333333333333333,45,1
ETH,2025-07-22,3765.453624023574,0.0018203057453951,0.0299768768460682,26662162869.516376,0.0,0,1,0.6666666666666666,45,1
ETH,2025-07-23,3746.940668731632,-0.0049286531154492,0.0294947324804727,27468016869.94564,-0.0049165272342831,1,1,0.6666666666666666,45,1
ETH,2025-07-24,3630.053531480921,-0.0316922902146848,0.0279573849718092,28206708536.861565,-0.0359585075431021,1,0,0.3333333333333333,45,1
ETH,2025-07-25,3708.4299352383423,0.0213611938643476,0.027982158739495,29128817428.32984,-0.0151439094672208,1,0,0.3333333333333333,45,1
ETH,2025-07-26,3723.05290927856,0.0039354172562717,0.0276214276931048,30232464667.158527,-0.0112604533155042,1,0,0.3333333333333333,45,1
ETH,2025-07-27,3742.431425865992,0.0051915078087929,0.0275271612390415,30535152104.69207,-0.0061140570184427,0,0,0.3333333333333333,45,1
ETH,2025-07-28,3864.124837465477,0.0319997095991877,0.027619528303553,30966633929.47529,0.0,0,0,0.3333333333333333,45,1
ETH,2025-07-29,3786.303845995956,-0.0203449189447196,0.0283411160750125,32065176460.671284,-0.0201393574852939,0,0,0.3333333333333333,45,1
ETH,2025-07-30,3788.598371605823,0.0006058231813774,0.0283626606268104,32888080178.17267,-0.0195455553421489,0,0,0.3333333333333333,45,1
ETH,2025-07-31,3807.4166010824174,0.0049547737972773,0.02817341044119,33301544593.666264,-0.0146755704767173,0,0,0.0,45,1
ETH,2025-08-01,3696.66285308512,-0.0295204206284755,0.027922221587216,33914149548.845325,-0.0433376227280993,0,0,0.3333333333333333,45,1
ETH,2025-08-02,3483.1789551579504,-0.0594851113993458,0.0291536034880756,34599788236.04436,-0.0985852937808793,1,0,0.3333333333333333,45,1
ETH,2025-08-03,3397.4855484143177,-0.0249097562270836,0.029841683114635,34877831762.7867,-0.1207619599984852,1,1,0.6666666666666666,45,1
ETH,2025-08-04,3497.573127822404,0.0290337224970792,0.0290298205966426,34943218490.55293,-0.0948602141652075,1,0,0.3333333333333333,45,1
ETH,2025-08-05,3715.709014855071,0.0605001759351744,0.0303496629465377,35667725145.64191,-0.0384086510796461,1,1,1.0,45,1
ETH,2025-08-06,3612.442432236669,-0.0281853942738061,0.0312151646591294,36346394651.722496,-0.0651330937314875,1,0,0.3333333333333333,45,1
ETH,2025-08-07,3684.0459195726726,0.0196274653131087,0.0309635160111819,36590005585.31679,-0.0466027691825091,1,1,0.6666666666666666,45,1
ETH,2025-08-08,3911.2609462690816,0.0598482317479835,0.0320462472015472,37164380611.38762,0.0,1,1,1.0,45,1
ETH,2025-08-09,4012.97697001236,0.0256735377630154,0.0310112817098417,37538903520.15773,0.0,1,1,0.6666666666666666,45,1
ETH,2025-08-10,4265.563258333516,0.0610408850610529,0.0309862706503165,37484833891.80564,0.0,1,1,1.0,45,1
ETH,2025-08-11,4253.591618951185,-0.002810524620143,0.0310696645081711,36952354032.3973,-0.0028065787933029,1,1,0.6666666666666666,45,1
ETH,2025-08-12,4228.824213261163,-0.0058397222125092,0.0310786027013774,37803635237.87326,-0.0086129410929675,1,1,0.6666666666666666,45,1
ETH,2025-08-13,4606.809427709522,0.0856115286363131,0.033849032148299,38944806092.9235,0.0,0,1,0.6666666666666666,45,1
ETH,2025-08-14,4763.652535322159,0.0334791940550359,0.0340212110703093,39529286841.27515,0.0,0,1,0.6666666666666666,45,1
ETH,2025-08-15,4554.291501538621,-0.0449447377497082,0.035416926014014,40312889816.12243,-0.0439496861349857,0,0,0.3333333333333333,45,1
ETH,2025-08-16,4430.532465017841,-0.0275502034948991,0.0342708715680538,40151448750.77612,-0.0699295483527094,0,1,0.6666666666666666,45,1
ETH,2025-08-17,4426.826913311333,-0.0008367170765953,0.0340088246556929,39332308561.12263,-0.0707074287037702,0,1,0.6666666666666666,45,1
ETH,2025-08-18,4487.118013759226,0.0135275728880256,0.0339667088430924,37851136284.36937,-0.0580509429502776,1,1,0.6666666666666666,45,1
ETH,2025-08-19,4317.275757328232,-0.0385860363019888,0.0349854832537346,38415062752.93054,-0.0937047307048683,1,0,0.3333333333333333,45,1
ETH,2025-08-20,4074.495786100515,-0.0578775860422925,0.0360795829806059,37963438932.640366,-0.144669818823181,1,1,1.0,45,1
ETH,2025-08-21,4330.491598768078,0.0609340632078393,0.0376121267594283,37717158756.38151,-0.0909304222636353,1,0,0.3333333333333333,45,1
ETH,2025-08-22,4224.438592580698,-0.0247946942883336,0.0379600464140876,36695363562.60277,-0.1131933823349259,1,1,0.6666666666666666,45,1
ETH,2025-08-23,4829.225541798332,0.1337997370106955,0.0441196213036386,37168751180.10778,0.0,0,0,0.0,45,1
ETH,2025-08-24,4773.884088598777,-0.0115258635970206,0.0442235689526941,36518142706.17721,-0.0114596952907994,0,0,0.0,45,1
ETH,2025-08-25,4778.10916071381,0.0008846472731504,0.0442377383997728,36269319285.77244,-0.0105847988755331,0,0,0.0,45,1
ETH,2025-08-26,4381.626176071471,-0.0866249666120339,0.0475160557922335,37031473791.64429,-0.0926855376400958,0,0,0.3333333333333333,45,1
ETH,2025-08-27,4602.369685333965,0.0491513912777683,0.0479501391540492,37338761322.33973,-0.0469756184507981,0,0,0.0,45,1
ETH,2025-08-28,4500.1451479982325,-0.0224616684701999,0.0479915198158344,37243935848.40221,-0.0681435130647377,0,0,0.3333333333333333,45,1
ETH,2025-08-29,4507.560431032719,0.0016464314124169,0.047988044006794,37052819328.94731,-0.0666080115706979,0,0,0.0,45,1
ETH,2025-08-30,4364.358521430426,-0.0322848638679345,0.0484894723052655,37362685567.16673,-0.0962611947494167,1,1,0.6666666666666666,45,1
ETH,2025-08-31,4373.360357620914,0.002060455251502,0.0480652413112767,36958920983.873535,-0.0943971616632468,0,0,0.0,45,1
ETH,2025-09-01,4388.931464519364,0.0035541211375768,0.0464731954771426,36286856360.559296,-0.0911728130045069,0,0,0.0,45,1
ETH,2025-09-02,4303.202222745541,-0.0197263467904354,0.0463572496351157,36405540367.02425,-0.1089249848655667,0,0,0.3333333333333333,45,1
ETH,2025-09-03,4325.856306225941,0.0052506621553303,0.0461860187206301,36893925124.72982,-0.104233946254029,0,0,0.3333333333333333,45,1
ETH,2025-09-04,4449.8670977283255,0.028264119387869,0.045266268520242,36969987653.92608,-0.0785547166489845,0,0,0.3333333333333333,45,1
ETH,2025-09-05,4298.094660544595,-0.0347024077513357,0.0454512920025878,36986038626.6497,-0.1099826207445991,1,1,0.6666666666666666,45,1
ETH,2025-09-06,4306.613513100346,0.0019800451490217,0.045380210194751,37475864612.98122,-0.1082186003065356,1,0,0.3333333333333333,45,1
ETH,2025-09-07,4273.110024157841,-0.0078099624291422,0.0442377650271915,36893075726.730736,-0.1151562528664591,1,1,1.0,45,1
ETH,2025-09-08,4304.032421076036,0.0072104505873251,0.0440387067823348,36128364734.80636,-0.108753073588425,1,1,0.6666666666666666,45,1
ETH,2025-09-09,4309.685702772004,0.0013126230569406,0.0426203968231191,35751936367.97588,-0.1075824341873374,1,1,1.0,45,1
ETH,2025-09-10,4309.342746120013,-7.958127861074839e-05,0.0426163452761527,35816197279.50474,-0.1076534510924339,1,1,1.0,45,1
ETH,2025-09-11,4347.476803670656,0.0088102342888198,0.0426259107216249,35544125490.66286,-0.099756934928386,1,1,1.0,45,1
ETH,2025-09-12,4459.31901599882,0.0254004357021951,0.0398264156426192,34902551052.94171,-0.0765974839232223,1,0,0.3333333333333333,45,1
ETH,2025-09-13,4708.841744149995,0.0544458962149198,0.0406297355288078,34244794239.74151,-0.0249281787745014,0,0,0.3333333333333333,45,1
ETH,2025-09-14,4667.699652630318,-0.0087755930062608,0.0397898646957346,33029054170.49148,-0.0334475761734384,0,0,0.0,45,1
ETH,2025-09-15,4609.786110950785,-0.0124849114116905,0.0395135756027377,32155340897.033627,-0.0454398803593322,0,0,0.0,45,1
ETH,2025-09-16,4524.244939102515,-0.0187307602335563,0.0396819853901471,32580640367.554607,-0.0631531081031778,0,0,0.0,45,1
ETH,2025-09-17,4504.266635522813,-0.0044256101401704,0.039617585396933,32579087267.41052,-0.0672900661737388,0,0,0.0,45,1
ETH,2025-09-18,4591.768794331328,0.0192402192815676,0.0390720710528725,32505467922.26215,-0.0491707718787926,0,0,0.3333333333333333,45,1
ETH,2025-09-19,4590.636737213516,-0.0002465709273365,0.0374049979379021,32097314948.786995,-0.0494051898217967,0,0,0.0,45,1
ETH,2025-09-20,4470.479474009387,-0.0265230694037498,0.0362014707158985,31707286370.00109,-0.0742864595334998,0,0,0.3333333333333333,45,1
ETH,2025-09-21,4481.799472368209,0.0025289659671851,0.035870758405315,31460980511.65517,-0.0719423987186043,0,0,0.0,45,1
ETH,2025-09-22,4452.87113037789,-0.0064755477540176,0.0258319024020984,29929447535.239613,-0.0779326639774818,0,0,0.0,45,1
ETH,2025-09-23,4199.951774017639,-0.0584760431185895,0.0277367509122737,30768582747.055862,-0.1303053175574734,0,0,0.3333333333333333,45,1
ETH,2025-09-24,4166.1905498775295,-0.0080709617649827,0.0277275565120506,30393413230.18353,-0.1372963399994564,0,1,0.6666666666666666,45,1
ETH,2025-09-25,4148.65682762035,-0.0042174552220593,0.0229963492516194,29785808403.973427,-0.1409270924059075,1,1,0.6666666666666666,45,1
ETH,2025-09-26,3863.063287590725,-0.0713241592936821,0.0242720075998158,30725720388.8074,-0.2000656721963379,1,1,0.6666666666666666,45,1
ETH,2025-09-27,4037.097921026092,0.0440656309002565,0.0256979454450907,30977206328.32597,-0.1640278785731063,1,1,1.0,45,1
ETH,2025-09-28,4018.167453105732,-0.0047001562062231,0.0256792169822139,30571264842.097267,-0.1679478586520053,1,1,0.6666666666666666,45,1
ETH,2025-09-29,4141.839664086501,0.0303141111830493,0.0258302743675203,30026254420.607136,-0.1423387397756243,1,1,1.0,45,1
ETH,2025-09-30,4215.61278947927,0.0176549114755798,0.0260653280096834,30539768431.49297,-0.1270623513041725,1,1,0.6666666666666666,45,1
ETH,2025-10-01,4144.230463371581,-0.0170778467598219,0.0262066983833183,30931219423.485424,-0.1418436708946232,1,1,0.6666666666666666,45,1
ETH,2025-10-02,4343.951983440489,0.0470674118759813,0.0274489476613641,31298414456.142666,-0.1004868284070937,1,1,0.6666666666666666,45,1
ETH,2025-10-03,4484.006245909478,0.0317323691067317,0.0280327735484227,31568883137.90194,-0.071485436515831,0,0,0.3333333333333333,45,1
ETH,2025-10-04,4515.759068159723,0.0070563960052286,0.0275905794568821,32073957287.04378,-0.064910298954867,1,0,0.3333333333333333,45,1
ETH,2025-10-05,4487.706651673285,-0.0062314908804474,0.0268171439315429,31764112464.636738,-0.0707191840946552,0,0,0.0,45,1
ETH,2025-10-06,4515.321391965295,0.006134564228824,0.0268307577715427,31844264344.953007,-0.0650009296762196,0,0,0.3333333333333333,45,1
ETH,2025-10-07,4689.131734746596,0.0377710666401185,0.0275614637951446,32733161803.601868,-0.0290095804884623,0,0,0.0,45,1
ETH,2025-10-08,4454.32846286666,-0.0513711224271211,0.0292815343583926,33895970386.91241,-0.0776308904371582,0,0,0.3333333333333333,45,1
ETH,2025-10-09,4527.578004547945,0.0163108279742502,0.0294122549250366,34236956001.348,-0.0624629217748356,0,1,0.6666666666666666,45,1
ETH,2025-10-10,4368.649439385323,-0.0357332311137178,0.0301942335811919,34714379775.038315,-0.0953726634688298,0,1,0.6666666666666666,45,1
ETH,2025-10-11,3835.632842050135,-0.1301194698795414,0.0384060574019074,36578901726.398285,-0.2057457642324566,1,0,0.3333333333333333,45,1
ETH,2025-10-12,3749.218185954949,-0.0227871041878547,0.0381331600096845,37263800012.90621,-0.2236398665781106,1,0,0.3333333333333333,45,1
ETH,2025-10-13,4159.729307791921,0.1039026674124697,0.0417264309289702,37880622229.207085,-0.1386342858107846,0,0,0.0,45,1
ETH,2025-10-14,4246.217461554773,0.0205785756834996,0.0419573453374529,38413118050.98986,-0.1207249641163903,0,0,0.3333333333333333,45,1
ETH,2025-10-15,4128.888447033946,-0.028020348003232,0.0421717964011658,39714743559.89229,-0.1450205811890059,0,0,0.0,45,1
ETH,2025-10-16,3983.1544356894233,-0.0359341524355006,0.0424993110544509,40079504495.1749,-0.1751980931074601,0,0,0.0,45,1
ETH,2025-10-17,3890.1993012479857,-0.0236136865865459,0.0426462426552647,40633486746.23058,-0.1944465489182075,0,0,0.3333333333333333,45,1
ETH,2025-10-18,3831.244175835675,-0.0152707900440736,0.0424379720391158,40993232666.32736,-0.2066545364934486,0,0,0.3333333333333333,45,1
ETH,2025-10-19,3889.499030204316,0.0150907647999765,0.0426021854049409,40675359015.86917,-0.1945915558220285,0,0,0.3333333333333333,45,1
ETH,2025-10-20,3985.07656440468,0.0242761598802833,0.0427480880577565,40711279300.5676,-0.1748000730318558,0,0,0.0,45,1
ETH,2025-10-21,3978.790155134436,-0.0015787332453736,0.0427335895262861,41426380426.78604,-0.1761018157680013,0,0,0.0,45,1
ETH,2025-10-22,3877.487197955012,-0.025790477523078,0.0429177717829024,42431674761.23861,-0.1970788764380027,1,1,0.6666666666666666,45,1
ETH,2025-10-23,3801.790795238292,-0.0197150968115036,0.0418094245744419,42055816950.042725,-0.2127535228303788,1,0,0.3333333333333333,45,1
ETH,2025-10-24,3855.842116240121,0.0141172133234194,0.0419185939328088,42129619318.73636,-0.2015609784909192,1,0,0.3333333333333333,45,1
ETH,2025-10-25,3933.232269901015,0.0198721174288916,0.0421164150369234,42130860235.13597,-0.1855356027881155,0,0,0.3333333333333333,45,1
ETH,2025-10-26,3952.213557935584,0.0048142679843422,0.0400230315340525,40428456183.590256,-0.1816050992590754,0,0,0.0,45,1
ETH,2025-10-27,4161.590896249249,0.0516216117848133,0.0403275654850962,39840793338.59547,-0.1382488019601722,0,0,0.3333333333333333,45,1
ETH,2025-10-28,4123.206220671679,-0.0092663585348174,0.0403584747194592,40505371064.85094,-0.1461972142356685,0,0,0.0,45,1
ETH,2025-10-29,3982.312789317544,-0.034768316249713,0.0404696786144982,40972149573.9868,-0.1753723749596112,0,0,0.0,45,1
ETH,2025-10-30,3897.359267616961,-0.021563540440015,0.0404693922434423,40936075666.55662,-0.1929639164946431,0,0,0.0,45,1
ETH,2025-10-31,3802.295364533181,-0.0246942852552337,0.040586962212368,41025133438.756,-0.2126490403847938,0,0,0.3333333333333333,45,1
ETH,2025-11-01,3847.298177365196,0.0117662021596181,0.039588682198779,40694251814.93993,-0.2033301936168177,0,0,0.0,45,1
ETH,2025-11-02,3872.21189619576,0.0064547633446848,0.0390664634648339,39741392556.59072,-0.1981712465734608,0,0,0.0,45,1
ETH,2025-11-03,3910.094769162728,0.0097357181669462,0.03909776553156,38726093912.00422,-0.1903267438392065,0,0,0.0,45,1
ETH,2025-11-04,3600.71550248779,-0.0824290349362587,0.0415895568148089,39636631579.73168,-0.2543906944659004,0,1,0.6666666666666666,45,1
ETH,2025-11-05,3296.7437604313104,-0.0881973343432915,0.0440300506913865,40584258205.95034,-0.3173348952338118,1,1,0.6666666666666666,45,1
ETH,2025-11-06,3427.690591370681,0.0389514953736448,0.0440751660135336,40691246297.95696,-0.2902194023238228,1,0,0.3333333333333333,45,1
ETH,2025-11-07,3308.918164921951,-0.0352654398616648,0.0436555717121728,40160450071.51994,-0.3148139103708628,1,0,0.3333333333333333,45,1
ETH,2025-11-08,3434.35122852996,0.037206739383262,0.0442509681597861,40238755037.45422,-0.288840167268092,0,0,0.3333333333333333,45,1
ETH,2025-11-09,3401.4594003397083,-0.0096234620357769,0.0439672155868182,39510264236.88828,-0.2956511616823233,0,0,0.0,45,1
ETH,2025-11-10,3576.2547046627064,0.050111505989922,0.0387585469507587,37350602125.81974,-0.2594558540061556,0,1,0.6666666666666666,45,1
ETH,2025-11-11,3564.610595799933,-0.0032612628002992,0.0385667104449938,36608153543.40222,-0.2618670292064005,0,0,0.0,45,1
ETH,2025-11-12,3416.781328259322,-0.0423558422668775,0.0336960113054421,35903432908.689674,-0.2924784111476883,0,0,0.0,45,1
ETH,2025-11-13,3409.6144555411624,-0.0020997538315533,0.0333184924078157,35413290086.18142,-0.2939624736865215,0,1,0.6666666666666666,45,1
ETH,2025-11-14,3235.7276362968546,-0.0523453931391045,0.0341259689306833,34915984771.096565,-0.3299696590497371,0,0,0.0,45,1
ETH,2025-11-15,3106.601287865052,-0.0407245337437591,0.0342714746263637,34923600974.165085,-0.3567081800225467,0,0,0.0,45,1
ETH,2025-11-16,3170.1129807404664,0.0202379327368957,0.0345293279674708,34073127931.333977,-0.3435566524482592,0,0,0.0,45,1
ETH,2025-11-17,3101.686799467,-0.021821135499218,0.034605215624032,33333570136.097244,-0.3577258356187734,0,0,0.3333333333333333,45,1
ETH,2025-11-18,3021.302157630133,-0.0262581758875248,0.0345166446302387,33996157969.29739,-0.3743712875946886,0,0,0.0,45,1
ETH,2025-11-19,3117.2225871583155,0.0312544924581661,0.0347671880934275,34372728950.84537,-0.3545088005979717,0,0,0.0,45,1
ETH,2025-11-20,3017.7483614097955,-0.0324314313227625,0.0350203629588384,34486268849.91284,-0.3751071812052848,0,0,0.0,45,1
ETH,2025-11-21,2832.068358334293,-0.0635036642448066,0.0362897390670404,34338129186.939674,-0.4135564111011323,1,1,0.6666666666666666,45,1
ETH,2025-11-22,2764.735218675169,-0.0240624447623526,0.0363365681000132,34611719606.78876,-0.4274992553680517,1,0,0.3333333333333333,45,1
ETH,2025-11-23,2768.617829499636,0.0014033485403372,0.0361115818388232,34050405217.2722,-0.4266952732821331,1,1,1.0,45,1
ETH,2025-11-24,2799.814934092464,0.0112051028817614,0.0358897266178231,33721888826.889145,-0.4202352095881084,1,1,1.0,45,1
ETH,2025-11-25,2953.327645752226,0.0533792300996824,0.0376930236928414,34398887014.90093,-0.3884469424361467,1,1,0.6666666666666666,45,1
ETH,2025-11-26,2955.046469321271,0.0005818262635564,0.0359403382817475,34317069791.86,-0.3880910212735983,1,1,0.6666666666666666,45,1
ETH,2025-11-27,3027.477249132549,0.0242153052864322,0.036524396534182,33788655789.967937,-0.3730925957114935,0,0,0.0,45,1
ETH,2025-11-28,3015.6118196920934,-0.0039269468158732,0.0362448202906596,33152098026.825832,-0.3755496003259512,0,1,0.6666666666666666,45,1
ETH,2025-11-29,3033.135645414151,0.0057942160258188,0.0362689670992042,32707501407.20562,-0.3719208972201667,1,1,1.0,45,1
ETH,2025-11-30,2991.23301170326,-0.013911269995404,0.0361547263764613,31905826507.47644,-0.3805977820225458,1,1,0.6666666666666666,45,1
ETH,2025-12-01,2992.8341859495977,0.0005351458236225,0.0360008452087,31211003353.90956,-0.3802662228040999,1,1,0.6666666666666666,45,1
ETH,2025-12-02,2799.0367919901605,-0.0669454715797034,0.0374245191826212,32043424181.491272,-0.4203963414498465,1,1,0.6666666666666666,45,1
ETH,2025-12-03,2995.751149322771,0.0679196460935672,0.0399489334606476,32443652720.94417,-0.3796621997888304,1,1,0.6666666666666666,45,1
ETH,2025-12-04,3195.4089919085554,0.0645200883924357,0.0396273960824731,31867559628.16549,-0.338318543159483,0,0,0.3333333333333333,45,1
ETH,2025-12-05,3133.698235618616,-0.0195012376206716,0.0364505850966877,30505224650.74269,-0.351097146220329,1,1,0.6666666666666666,45,1
ETH,2025-12-06,3022.6564205232035,-0.0360777978014101,0.0361385005641458,29946304979.799866,-0.3740908569373609,1,1,0.6666666666666666,45,1
ETH,2025-12-07,3039.358573133242,0.0055104432736902,0.0356935599620741,29195100196.135044,-0.3706322997700725,1,1,0.6666666666666666,45,1
ETH,2025-12-08,3052.976330436545,0.0044704633603135,0.0349192898742554,28541473054.6046,-0.3678124361738421,1,1,0.6666666666666666,45,1
ETH,2025-12-09,3125.321462183988,0.0234201849608323,0.0352528561780635,28705420579.705982,-0.3528317459738763,0,0,0.0,45,1
ETH,2025-12-10,3322.469217836626,0.0611711010061631,0.0358777817306416,28983382084.745987,-0.3120078594218262,0,0,0.3333333333333333,45,1
ETH,2025-12-11,3326.260211637518,0.001140366517222,0.0358833646269307,28969952790.07623,-0.3112228487057021,0,1,0.6666666666666666,45,1
ETH,2025-12-12,3236.098620857857,-0.0274801384269641,0.0354105268783603,28746748102.4202,-0.329892838334326,0,1,0.6666666666666666,45,1
ETH,2025-12-13,3085.316694358101,-0.047714166610684,0.0363891405652547,28525437469.10343,-0.3611156348665433,0,1,0.6666666666666666,45,1
ETH,2025-12-14,3115.225428835284,0.009647210145957,0.03525224329328,27263076611.619656,-0.3549223572450459,0,1,0.6666666666666666,45,1
ETH,2025-12-15,3065.491235556364,-0.0160936892703132,0.034581994247795,26339773498.182545,-0.3652209429806792,0,0,0.3333333333333333,45,1
DOT,2024-12-20,7.000077878976265,-0.0015318528612333232,0.040547743033962975,9118911905.32381,0.0,1,0,0.3333333333333333,45,0
DOT,2024-12-21,7.293541883705951,0.0410680085734259,0.040547743033962975,9118911905.32381,0.0,1,0,0.3333333333333333,45,0
DOT,2024-12-22,6.95339656212469,-0.0477590289651927,0.040547743033962975,9118911905.32381,-0.0466365076124618,0,1,0.6666666666666666,45,0
DOT,2024-12-23,6.824171601363307,-0.0187592975550927,0.040547743033962975,9118911905.32381,-0.0643542314319514,1,1,0.6666666666666666,45,0
DOT,2024-12-24,7.356434044180842,0.07510435384904,0.040547743033962975,9118911905.32381,0.0,0,0,0.0,45,0
DOT,2024-12-25,7.569390707588506,0.0285372659773784,0.040547743033962975,9118911905.32381,0.0,0,0,0.3333333333333333,45,0
DOT,2024-12-26,7.49597096544503,-0.0097469048521789,0.040547743033962975,9118911905.32381,-0.0096995577292463,0,0,0.0,45,0
DOT,2024-12-27,6.930808341676126,-0.0783892213688833,0.040547743033962975,9118911905.32381,-0.0843637738599204,0,0,0.0,45,0
DOT,2024-12-28,6.895822608208447,-0.0050606410571162,0.040547743033962975,9118911905.32381,-0.0889857751304593,1,1,0.6666666666666666,45,0
DOT,2024-12-29,7.102445975088033,0.0295234190902356,0.040547743033962975,9118911905.32381,-0.0616885493877795,1,0,0.3333333333333333,45,0
DOT,2024-12-30,6.867609733029039,-0.0336231107943839,0.040547743033962975,9118911905.32381,-0.0927130071190424,1,1,0.6666666666666666,45,0
DOT,2024-12-31,6.694224724913198,-0.0255709441375681,0.040547743033962975,9118911905.32381,-0.1156190790624577,1,1,1.0,45,0
DOT,2025-01-01,6.642342862506173,-0.0077804313275573,0.040547743033962975,9118911905.32381,-0.1224732453238203,1,1,1.0,45,0
DOT,2025-01-02,7.011831925954553,0.054134255290775,0.040547743033962975,9118911905.32381,-0.0736596647171332,1,0,0.3333333333333333,45,0
DOT,2025-01-03,7.172594543636895,0.0226684529084938,0.040547743033962975,9118911905.32381,-0.0524211497701939,0,0,0.3333333333333333,45,0
DOT,2025-01-04,7.74302868440023,0.076525463763873,0.040547743033962975,9118911905.32381,0.0,0,0,0.0,45,0
DOT,2025-01-05,7.696280293513227,-0.0060557805817265,0.040547743033962975,9118911905.32381,-0.0060374812999448,0,0,0.0,45,0
DOT,2025-01-06,7.683347151713971,-0.0016818541143352,0.040547743033962975,9118911905.32381,-0.0077077762615678,0,0,0.3333333333333333,45,0
DOT,2025-01-07,7.769200365778986,0.0111119667958404,0.040547743033962975,9118911905.32381,0.0,0,0,0.3333333333333333,45,0
DOT,2025-01-08,7.027906542050603,-0.10027837376391,0.040547743033962975,9118911905.32381,-0.0954144299062695,0,0,0.0,45,0
DOT,2025-01-09,6.761526519681468,-0.0386401912094926,0.040547743033962975,9118911905.32381,-0.129701101613497,0,1,0.6666666666666666,45,0
DOT,2025-01-10,6.557542197378033,-0.0306328133654055,0.040547743033962975,9118911905.32381,-0.1559566121808296,1,1,0.6666666666666666,45,0
DOT,2025-01-11,6.738149972457438,0.0271695347300874,0.040547743033962975,9118911905.32381,-0.1327099759021556,1,0,0.3333333333333333,45,0
DOT,2025-01-12,6.744056640344187,0.0008762168440657,0.040547743033962975,9118911905.32381,-0.1319497087435474,1,1,1.0,45,0
DOT,2025-01-13,6.625795118019255,-0.0176912368068831,0.040547743033962975,9118911905.32381,-0.1471715484126385,1,1,1.0,45,0
DOT,2025-01-14,6.397463903700922,-0.0350687356997972,0.040547743033962975,9118911905.32381,-0.1765608296215598,1,1,0.6666666666666666,45,0
DOT,2025-01-15,6.663287986428835,0.0407114075974937,0.040547743033962975,9118911905.32381,-0.1423457147818411,0,0,0.3333333333333333,45,0
DOT,2025-01-16,7.186361936297216,0.0755719999060523,0.040547743033962975,9118911905.32381,-0.075019101328497,0,0,0.0,45,0
DOT,2025-01-17,7.150950484206798,-0.004939771563741,0.040547743033962975,9118911905.32381,-0.07957702884011,0,1,0.6666666666666666,45,0
DOT,2025-01-18,7.515682325709637,0.0497465315292896,0.040547743033962975,403462454.8041162,-0.0326311625564479,0,1,0.6666666666666666,45,0
DOT,2025-01-19,7.035272400500881,-0.0660554036840241,0.0448057374537347,379089328.1316583,-0.0944663454054858,0,0,0.0,45,0
DOT,2025-01-20,6.239516242739936,-0.1200337563960554,0.0491757326245725,365552387.86440456,-0.1968908061345481,1,0,0.3333333333333333,45,0
DOT,2025-01-21,6.355432669057866,0.0184073314003365,0.0486825792197725,370082446.47964734,-0.1819708116871776,0,0,0.0,45,0
DOT,2025-01-22,6.650003438485808,0.0453073861586584,0.0493676920816989,366953308.427666,-0.1440556137827139,0,0,0.0,45,0
DOT,2025-01-23,6.4345177363915,-0.0329404773332087,0.0475419839032136,356144599.1093233,-0.1717915057598933,0,0,0.3333333333333333,45,0
DOT,2025-01-24,6.356036875608137,-0.0122718440418535,0.0471473813885112,350642339.6810745,-0.1818930422229054,0,0,0.3333333333333333,45,0
DOT,2025-01-25,6.313076452746947,-0.006781940678931,0.0471419809067225,346834114.19895864,-0.1874226232400739,0,0,0.0,45,0
DOT,2025-01-26,6.334525888259395,0.0033918612395094,0.045116200128409,340121234.5696552,-0.1846617940037825,0,0,0.0,45,0
DOT,2025-01-27,6.173818116908197,-0.0256975047951348,0.0453056521482345,333738824.7277182,-0.2053470336404211,1,0,0.3333333333333333,45,0
DOT,2025-01-28,5.934398592474619,-0.0395517755511237,0.0453149207240351,341141271.0223332,-0.2361635286671357,0,0,0.3333333333333333,45,0
DOT,2025-01-29,5.654045223846975,-0.0483944327750037,0.0457041155873868,340659613.60614514,-0.2722487569311045,0,0,0.0,45,0
DOT,2025-01-30,5.770414948314038,0.0203727349226412,0.045812022654639,336555704.41372854,-0.2572704169490856,0,0,0.0,45,0
DOT,2025-01-31,6.127695465821283,0.06007474295812,0.0473177938675439,335826025.27161777,-0.2112836357249896,0,0,0.0,45,0
DOT,2025-02-01,6.314930644570111,0.0300980374147353,0.0465192295479633,339144542.4842916,-0.1871839639526482,0,0,0.0,45,0
DOT,2025-02-02,5.925742650245715,-0.0636107521127256,0.0475029322247718,337305685.03855747,-0.2372776642050775,0,0,0.0,45,0
DOT,2025-02-03,5.1223498891675625,-0.1456927244919104,0.0513052105527637,338193387.22074395,-0.3406850579205051,0,0,0.0,45,0
DOT,2025-02-04,5.177344192231989,0.0106789241030538,0.051482674952684,368112445.5573024,-0.3336065555682347,0,0,0.3333333333333333,45,0
DOT,2025-02-05,4.74656882651662,-0.0868702158792117,0.0531470676365393,375518278.05081815,-0.3890531067490752,1,1,0.6666666666666666,45,0
DOT,2025-02-06,4.692305822775594,-0.0114978964252987,0.0529083206004836,369387836.297124,-0.3960374810973078,1,1,1.0,45,0
DOT,2025-02-07,4.488024986683552,-0.0445113726390654,0.0508126854981739,359057682.45307213,-0.4223311569551011,1,1,0.6666666666666666,45,0
DOT,2025-02-08,4.584974629536713,0.0213718366836864,0.0510286762821471,353384312.2676273,-0.4098524412200564,1,1,1.0,45,0
DOT,2025-02-09,4.747784336106698,0.0348934813343872,0.0516443024007058,348033691.1115893,-0.3888966544074118,1,0,0.3333333333333333,45,0
DOT,2025-02-10,4.768484213122575,0.0043504257065233,0.0512327325974289,344994612.1522579,-0.3862323033749615,1,1,0.6666666666666666,45,0
DOT,2025-02-11,4.835423126063689,0.0139401588504272,0.0513970330124956,346650299.8545566,-0.3776163699726052,1,1,1.0,45,0
DOT,2025-02-12,4.80906655929142,-0.0054656354550537,0.0513913531982829,351148525.29697144,-0.3810088126348336,1,1,1.0,45,0
DOT,2025-02-13,5.231804807639781,0.0842533032829335,0.0539905899609444,352239268.68086475,-0.3265967459554366,0,0,0.0,45,0
DOT,2025-02-14,5.12920170585531,-0.0198062718706262,0.0532838194653592,352583441.9084079,-0.339803137469859,0,1,0.6666666666666666,45,0
DOT,2025-02-15,5.191503606288476,0.0120733332336008,0.0510335755190839,343100799.6863988,-0.3317840495972399,0,0,0.3333333333333333,45,0
DOT,2025-02-16,5.02391283330915,-0.0328142884561432,0.0511760239219735,333601927.7329075,-0.3533552236034496,1,1,0.6666666666666666,45,0
DOT,2025-02-17,4.8763094807083895,-0.0298203991499094,0.0499245703762211,325614664.02488065,-0.3723537492755264,1,1,1.0,45,0
DOT,2025-02-18,4.884356070287686,0.0016487792477113,0.0490322303493612,320321367.503422,-0.3713180455736706,1,1,0.6666666666666666,45,0
DOT,2025-02-19,4.761070407791918,-0.025564940506152,0.0447085267286855,307748426.7074096,-0.3871865592805387,1,0,0.3333333333333333,45,0
DOT,2025-02-20,4.877077278265619,0.0240736035044605,0.0448401421921551,288300405.57206213,-0.3722549234606315,0,0,0.0,45,0
DOT,2025-02-21,5.049532688568829,0.0347495800347985,0.0444402798273975,283302313.8496719,-0.3500576055663957,0,0,0.0,45,0
DOT,2025-02-22,5.055764776364962,0.0012334300119037,0.0442477304760293,287013582.5509814,-0.3492554525129639,0,0,0.0,45,0
DOT,2025-02-23,5.045600420451044,-0.0020124724027658,0.0442535275361647,284622941.9377279,-0.3505637410671745,0,0,0.0,45,0
DOT,2025-02-24,4.962965250471214,-0.0165132648352202,0.0442822502275908,282089654.17657083,-0.3611999926875875,0,0,0.3333333333333333,45,0
DOT,2025-02-25,4.409173135088577,-0.1183162206957974,0.0485683722557882,286479276.674159,-0.4324804448975635,1,1,1.0,45,0
DOT,2025-02-26,4.630833214861277,0.0490496377539966,0.0497485107230719,296545716.1739469,-0.4039498279309775,1,1,0.6666666666666666,45,0
DOT,2025-02-27,4.737227814946534,0.0227153035280846,0.0497541212428378,291924993.0497677,-0.3902554198740179,0,0,0.3333333333333333,45,0
DOT,2025-02-28,4.929793354713151,0.0398449558478169,0.0498619473592823,296923344.8112456,-0.3654696593451981,0,1,0.6666666666666666,45,0
DOT,2025-03-01,4.718933352338517,-0.0437142819113813,0.0501286414964328,302846136.8370852,-0.3926101618997994,0,1,0.6666666666666666,45,0
DOT,2025-03-02,4.663492657367923,-0.0118181246910582,0.0485186812160253,301677348.818806,-0.3997461208608778,0,0,0.3333333333333333,45,0
DOT,2025-03-03,5.194907662022664,0.1079141853051481,0.0525954236954512,301813814.31397825,-0.3313459020950618,0,0,0.3333333333333333,45,0
DOT,2025-03-04,4.4797536408689,-0.1481107959617645,0.0577672827885271,305170742.6851515,-0.4233957897905581,0,0,0.0,45,0
DOT,2025-03-05,4.331014885958371,-0.0337661547388858,0.0519808481317476,298238415.03572804,-0.4425404569258888,0,0,0.3333333333333333,45,0
DOT,2025-03-06,4.528683380998404,0.0446293535799918,0.0527117683849119,264762777.853404,-0.4170978778014394,0,1,0.6666666666666666,45,0
DOT,2025-03-07,4.440327657989716,-0.0197030823126576,0.0504695829687642,255804089.4977116,-0.428470441108967,0,0,0.3333333333333333,45,0
DOT,2025-03-08,4.405587736173357,-0.0078544952939999,0.0504508753329494,258080641.10987785,-0.4329419336926026,0,1,0.6666666666666666,45,0
DOT,2025-03-09,4.288418270311042,-0.0269557118782147,0.0500421551154308,255674027.2248045,-0.448023211088718,0,0,0.3333333333333333,45,0
DOT,2025-03-10,4.017849174215634,-0.0651712352326231,0.0511592157296553,251665022.47169405,-0.4828490726133074,1,1,0.6666666666666666,45,0
DOT,2025-03-11,3.886090665715909,-0.033343046104786,0.0508679961366176,254718143.68117425,-0.4998081549250575,1,0,0.3333333333333333,45,0
DOT,2025-03-12,4.044064391425978,0.0398465416819937,0.0515416772296353,256640928.95851737,-0.4794748235302467,1,1,1.0,45,0
DOT,2025-03-13,3.976503748419388,-0.0168472456806982,0.0514478276472643,256567325.50993773,-0.488170781907659,1,1,0.6666666666666666,45,0
DOT,2025-03-14,3.975280303501968,-0.0003077158330973,0.0514600857365562,253872407.23384115,-0.4883282556320861,1,1,0.6666666666666666,45,0
DOT,2025-03-15,4.180392739164096,0.0503099366364439,0.0497439186551928,246869148.53117523,-0.4619275417869926,1,1,1.0,45,0
DOT,2025-03-16,4.352416876189085,0.0403260956707916,0.0504367222540438,244711274.1908928,-0.4397857345319365,1,1,0.6666666666666666,45,0
DOT,2025-03-17,4.30092839383877,-0.0119003895924514,0.0503389405772011,242517636.4306197,-0.4464129908680076,1,1,0.6666666666666666,45,0
DOT,2025-03-18,4.378156359311373,0.0177968083047797,0.0502668055382506,243405395.34913045,-0.4364727187889441,1,1,1.0,45,0
DOT,2025-03-19,4.4641656928903135,0.0194546287291757,0.0502188478040125,244948985.7373933,-0.4254021671839442,1,1,1.0,45,0
DOT,2025-03-20,4.545125675636074,0.0179730366791009,0.0503585690373948,246425594.3173072,-0.414981534566157,1,1,1.0,45,0
DOT,2025-03-21,4.396429517938644,-0.0332626403463705,0.0505000856718431,243996366.17749828,-0.4341207188704249,1,0,0.3333333333333333,45,0
DOT,2025-03-22,4.492833157752314,0.0216907572739309,0.0504584515285103,245131647.59344515,-0.4217122810293442,1,1,1.0,45,0
DOT,2025-03-23,4.440801420945156,-0.0116486352109834,0.0499786729937588,242757856.85476765,-0.4284094614800304,1,1,0.6666666666666666,45,0
DOT,2025-03-24,4.497209413079835,0.0126222136203649,0.0500651900892617,236355062.39940408,-0.4211489984363509,0,1,0.6666666666666666,45,0
DOT,2025-03-25,4.61370109477718,0.025573301430987,0.0503535958810252,236861976.5304229,-0.4061549609276189,0,0,0.3333333333333333,45,0
DOT,2025-03-26,4.6410705913636985,0.0059146951010781,0.0503122601666774,237701870.2682508,-0.4026321406503773,0,0,0.3333333333333333,45,0
DOT,2025-03-27,4.692452329383157,0.0110102600102538,0.0453155715671517,235125376.06778345,-0.3960186237373911,0,0,0.0,45,0
DOT,2025-03-28,4.632028994534124,-0.0129603306659356,0.0445060533900235,226252592.49127972,-0.403795915093549,0,0,0.0,45,0
DOT,2025-03-29,4.288950588191705,-0.0769529149866537,0.0464309763534811,222740887.17015743,-0.447954694657734,0,0,0.3333333333333333,45,0
DOT,2025-03-30,4.048690774702964,-0.0576485215274473,0.0467170530561694,216178323.66998652,-0.4788793461247002,1,1,1.0,45,0
DOT,2025-03-31,4.0348020276508425,-0.0034363266124256,0.0461883422479779,206729560.851668,-0.4806670136320665,0,0,0.0,45,0
DOT,2025-04-01,4.0235385272362105,-0.0027954906281385,0.0461732758197071,206197260.91160184,-0.4821167767845582,0,0,0.0,45,0
DOT,2025-04-02,4.1767975254425735,0.0373830645502075,0.0418203594500437,199741168.5130168,-0.4623902938788755,0,0,0.0,45,0
DOT,2025-04-03,3.966703761405211,-0.0516093476406861,0.0334967732631339,196594295.8901516,-0.4894321713110451,0,0,0.3333333333333333,45,0
DOT,2025-04-04,4.053293922122308,0.0215944016416193,0.0333279916952442,191158407.15084064,-0.4782868594848112,0,0,0.3333333333333333,45,0
DOT,2025-04-05,4.031504992184917,-0.0053901112251944,0.0321337608324329,190365132.4876857,-0.4810913861943249,0,1,0.6666666666666666,45,0
DOT,2025-04-06,3.963681257528397,-0.0169665495037067,0.0320911403613876,187264420.3221241,-0.4898212079859296,0,0,0.0,45,0
DOT,2025-04-07,3.675281015904061,-0.0755436072791007,0.034663597480948,183853474.60392296,-0.5269421764313635,0,0,0.3333333333333333,45,0
DOT,2025-04-08,3.591003489500656,-0.0231979096754751,0.034592131814348,193748518.1077032,-0.5377898212899802,1,1,1.0,45,0
DOT,2025-04-09,3.3660107363196534,-0.0647034015775727,0.0345645924582231,193456030.5098101,-0.5667493978986656,1,1,0.6666666666666666,45,0
DOT,2025-04-10,3.635767378034745,0.0770919114294234,0.0373126416309894,195331486.99751863,-0.5320281101193866,1,1,0.6666666666666666,45,0
DOT,2025-04-11,3.465610051158224,-0.0479315187451172,0.0373418394669449,193383902.15938705,-0.5539296339397805,1,1,1.0,45,0
DOT,2025-04-12,3.555901707755209,0.0257199979456569,0.0376889792587682,191461590.836961,-0.5423078900863599,1,1,1.0,45,0
DOT,2025-04-13,3.712469398070574,0.0430885851199521,0.0386453829282963,189203258.8449976,-0.5221555342525473,0,0,0.3333333333333333,45,0
DOT,2025-04-14,3.652410153330492,-0.0163099954882098,0.037413675690965,187561158.2651377,-0.5298859623419843,1,1,0.6666666666666666,45,0
DOT,2025-04-15,3.670951597470301,0.0050636536575731,0.0364995537048604,187597291.1790977,-0.5274994304896874,1,1,1.0,45,0
DOT,2025-04-16,3.5220541582843907,-0.0414065322252309,0.0370662091459527,187090064.9528712,-0.5466645224136591,1,1,1.0,45,0
DOT,2025-04-17,3.556893075414989,0.0098430450919473,0.0369133773442889,185859523.9065293,-0.5421802878090204,1,1,1.0,45,0
DOT,2025-04-18,3.630917235786913,0.0205978662060218,0.0369421282861799,184281502.13739675,-0.5326523882972536,1,1,1.0,45,0
DOT,2025-04-19,3.682807023067024,0.0141899410278969,0.0368607101610541,179173265.03789613,-0.5259734786492711,1,1,1.0,45,0
DOT,2025-04-20,3.875695553403852,0.0510499049292512,0.0379872460578762,177231621.87008953,-0.5011461449140716,1,1,0.6666666666666666,45,0
DOT,2025-04-21,3.878558780275851,0.0007384918984897,0.0376861928228222,174991475.88246477,-0.5007776093200341,1,1,0.6666666666666666,45,0
DOT,2025-04-22,3.791356419939267,-0.022739786740157,0.0378088766851899,175116907.14068907,-0.5120017194254556,1,0,0.3333333333333333,45,0
DOT,2025-04-23,4.0214281858071566,0.0589132601302593,0.0394722898801564,177997756.64094692,-0.4823884059522586,1,1,1.0,45,0
DOT,2025-04-24,4.0893318343573934,0.0167444813875618,0.0392787378368785,179031838.48988178,-0.4736482981736856,1,1,0.6666666666666666,45,0
DOT,2025-04-25,4.257528151823736,0.0403071547963296,0.0400726239138272,181093796.87863737,-0.4519991824928497,0,0,0.0,45,0
DOT,2025-04-26,4.262217790758248,0.0011008871484555,0.0399949868835422,181355108.86431652,-0.451395563238136,0,0,0.3333333333333333,45,0
DOT,2025-04-27,4.266977250366512,0.0011160396917471,0.0399591537700225,179843815.43454275,-0.4507829571288602,0,0,0.3333333333333333,45,0
DOT,2025-04-28,4.096871083389044,-0.0406821406929797,0.0381436551894886,178564174.3874372,-0.4726778959859831,1,1,1.0,45,0
DOT,2025-04-29,4.236896520599812,0.0336075165771383,0.0371392936255153,179796879.73170814,-0.4546547493790893,0,0,0.3333333333333333,45,0
DOT,2025-04-30,4.137170970134625,-0.0238188348405241,0.0374183751304272,180375340.4990764,-0.4674907615515193,0,0,0.0,45,0
DOT,2025-05-01,4.068623763452828,-0.0167074130925213,0.0375508933496153,179997051.23365244,-0.4763137038692033,0,0,0.0,45,0
DOT,2025-05-02,4.172986887084501,0.0253272586671497,0.0372040532725606,179238037.30608138,-0.4628807740027834,0,0,0.3333333333333333,45,0
DOT,2025-05-03,4.161142468321199,-0.0028423909043497,0.0359157797633626,174788253.25531673,-0.4644053091165222,0,0,0.3333333333333333,45,0
DOT,2025-05-04,4.036384036126525,-0.030440417754393,0.0361721965414289,171382860.995806,-0.4804633879819094,1,1,0.6666666666666666,45,0
DOT,2025-05-05,3.9219825496516623,-0.0287519722074889,0.0365387490128206,170340830.99689135,-0.495188389409182,1,1,0.6666666666666666,45,0
DOT,2025-05-06,3.919661433995793,-0.0005919972211178,0.0364128343750961,171507658.5088069,-0.4954871480389752,1,1,0.6666666666666666,45,0
DOT,2025-05-07,3.965020763790759,0.011505810648781,0.0335737540283387,170312665.84467942,-0.4896487956140898,1,0,0.3333333333333333,45,0
DOT,2025-05-08,3.9681711182505817,0.0007942212093859,0.0332237148400197,160135963.42559975,-0.4892433028591728,1,1,0.6666666666666666,45,0
DOT,2025-05-09,4.440020369945144,0.1123536512071846,0.0363050259553666,164354058.06015006,-0.4285099931902758,1,0,0.3333333333333333,45,0
DOT,2025-05-10,4.786301283667018,0.0750989742835782,0.0361781734599639,167836894.72387564,-0.3839390080928728,1,0,0.3333333333333333,45,0
DOT,2025-05-11,5.293898112384627,0.1007969192108897,0.0382172222623482,176205276.3645358,-0.3186045071378681,0,1,0.6666666666666666,45,0
DOT,2025-05-12,5.093336585881341,-0.0386217240942309,0.0393330362104981,182782138.0678011,-0.3444194581058855,0,0,0.0,45,0
DOT,2025-05-13,5.074108071596386,-0.0037823736163563,0.0389839874881259,191681550.2455372,-0.3468944250754143,0,0,0.0,45,0
DOT,2025-05-14,5.202025194282246,0.0248972501632707,0.0387350355849487,196090798.7079945,-0.3304297804963793,0,0,0.0,45,0
DOT,2025-05-15,4.981324890703816,-0.0433521122426588,0.0400124258114804,199499473.94581303,-0.3588368614297722,0,0,0.0,45,0
DOT,2025-05-16,4.761099423351979,-0.045217285097586,0.0401874906789123,205345749.5549153,-0.3871828245898762,0,0,0.0,45,0
DOT,2025-05-17,4.7670044553806,0.0012394979861251,0.0402196875906633,207665641.9623007,-0.3864227679880886,0,0,0.0,45,0
DOT,2025-05-18,4.610898442738383,-0.0332953828672068,0.0409165153507972,209527511.85288703,-0.406515699730436,1,0,0.3333333333333333,45,0
DOT,2025-05-19,4.736614077439167,0.0268998228128918,0.0410487847681537,213675362.02291784,-0.3903344160999449,0,0,0.0,45,0
DOT,2025-05-20,4.588237974925576,-0.0318264838859527,0.0408670410640582,218382025.01010472,-0.4094324050213201,0,1,0.6666666666666666,45,0
DOT,2025-05-21,4.6723476360030025,0.0181655842369563,0.0409190019288102,220597736.77046347,-0.3986063666753528,0,0,0.0,45,0
DOT,2025-05-22,4.765331207349123,0.0197053919046386,0.0406163071445366,225482281.0203946,-0.3866381373894039,0,0,0.0,45,0
DOT,2025-05-23,4.9476331434261525,0.0375422663324223,0.0398661678461857,226475544.59291208,-0.3631734399309608,0,0,0.0,45,0
DOT,2025-05-24,4.559349635372725,-0.081729319853094,0.0429622215758309,231516055.7117808,-0.4131507207028277,1,0,0.3333333333333333,45,0
DOT,2025-05-25,4.542467780477936,-0.0037095611749876,0.0424144562835496,229940300.78087825,-0.4153236412223124,0,0,0.0,45,0
DOT,2025-05-26,4.518706055869128,-0.0052447463223807,0.0424357345822739,229247121.7663808,-0.4183820929921331,0,0,0.0,45,0
DOT,2025-05-27,4.46070724638636,-0.012918353152241,0.0425224900515426,230810137.1838515,-0.4258473155056668,0,0,0.0,45,0
DOT,2025-05-28,4.5341709734459394,0.0163349316764472,0.0418418015503462,231669253.8538057,-0.4163915512569849,0,0,0.0,45,0
DOT,2025-05-29,4.573210597327551,0.0085732353908364,0.0414661316045306,231862842.99688724,-0.4113666295091086,0,0,0.0,45,0
DOT,2025-05-30,4.364169921007003,-0.0467874917516313,0.0421756885489266,234559015.51461145,-0.4382729604670937,0,0,0.3333333333333333,45,0
DOT,2025-05-31,4.053512704116731,-0.0738441646476533,0.0442770829401821,240149235.1373344,-0.4782586993159236,0,0,0.0,45,0
DOT,2025-06-01,4.080385882145245,0.0066077233497618,0.0440372920998418,242413027.3743313,-0.4747997618753496,0,0,0.3333333333333333,45,0
DOT,2025-06-02,4.069420664914147,-0.0026909163510577,0.0440370523693316,242360674.1154943,-0.4762111319925879,0,0,0.0,45,0
DOT,2025-06-03,4.1506001328859,0.0197522875716196,0.0438228162333175,244523647.78152123,-0.4657622486906043,0,0,0.3333333333333333,45,0
DOT,2025-06-04,4.141402806063423,-0.0022183616339651,0.0434694327392006,245569522.81496432,-0.4669460676667487,0,0,0.0,45,0
DOT,2025-06-05,4.019691197383671,-0.0298294893783675,0.0438513228042836,246844422.20332167,-0.4826119795945521,1,1,0.6666666666666666,45,0
DOT,2025-06-06,3.828299319827836,-0.0487844203527766,0.0447186129147098,249789465.76903537,-0.5072466740991319,1,1,1.0,45,0
DOT,2025-06-07,3.893117941278585,0.0167897011434646,0.0448380341439611,251116226.18813056,-0.4989036505704486,1,1,1.0,45,0
DOT,2025-06-08,4.027461641029691,0.0339259478605214,0.0400541824903034,244040756.0330456,-0.4816118195677562,0,0,0.0,45,0
DOT,2025-06-09,4.024046992073592,-0.0008482010804238,0.0372320842851962,234039325.7237148,-0.4820513305592785,0,1,0.6666666666666666,45,0
DOT,2025-06-10,4.156462929413557,0.0323763445669084,0.0322391481251806,225205382.5649477,-0.4650076283626899,0,0,0.3333333333333333,45,0
DOT,2025-06-11,4.283175536515207,0.0300302270235899,0.0324311869056684,224419761.8017777,-0.4486980210497183,0,0,0.3333333333333333,45,0
DOT,2025-06-12,4.191997865859547,-0.0215172443502227,0.0325550206958391,221275659.0542377,-0.4604338067629135,0,0,0.0,45,0
DOT,2025-06-13,3.929244923229395,-0.0647301619924637,0.0336801932984799,220046024.11120272,-0.4942536247956033,0,0,0.0,45,0
DOT,2025-06-14,3.836658086890601,-0.023845578122456,0.0331858574202883,222904846.2621621,-0.5061707889797852,0,0,0.3333333333333333,45,0
DOT,2025-06-15,3.7858622958429455,-0.0133280176175887,0.0324791402751098,216659175.03457507,-0.5127088866804695,0,0,0.3333333333333333,45,0
DOT,2025-06-16,3.82226437780034,0.0095693358702713,0.0325930750312718,212831783.9759255,-0.5080234518553188,0,0,0.3333333333333333,45,0
DOT,2025-06-17,3.8667661099040367,0.0115755111341515,0.0323909143059533,212318221.7919452,-0.5022954837236545,0,0,0.3333333333333333,45,0
DOT,2025-06-18,3.7296335831414096,-0.0361085334445249,0.0322354182414365,211722662.0279316,-0.519946274063244,0,0,0.0,45,0
DOT,2025-06-19,3.617463311440473,-0.0305369562408536,0.0322033497029696,210308514.66270924,-0.5343840883066523,0,0,0.0,45,0
DOT,2025-06-20,3.5482078134488693,-0.019330402776706,0.0318818850892795,210400617.88263828,-0.5432981971892927,0,0,0.3333333333333333,45,0
DOT,2025-06-21,3.438175557493428,-0.0315016652297596,0.0316523609190657,208961872.0668663,-0.5574608202103312,0,0,0.3333333333333333,45,0
DOT,2025-06-22,3.296537907554228,-0.0420681706612826,0.0307777761339496,206598307.4847908,-0.5756914801586923,1,1,0.6666666666666666,45,0
DOT,2025-06-23,3.155690434118208,-0.043665488715058,0.0285753241109895,203917846.44318816,-0.5938204338224968,1,1,0.6666666666666666,45,0
DOT,2025-06-24,3.4165181732977827,0.0794146443740601,0.0331046884452793,207775687.51314607,-0.5602484152234601,0,0,0.3333333333333333,45,0
DOT,2025-06-25,3.4335414387893723,0.0049702634721847,0.0332023012560535,207260655.68520385,-0.5580572932688029,1,1,1.0,45,0
DOT,2025-06-26,3.354618113067624,-0.0232542802345967,0.0332961987456641,205582001.1045424,-0.5682157808873461,1,1,0.6666666666666666,45,0
DOT,2025-06-27,3.2987078152109106,-0.0168071170953737,0.0329575868463867,204225002.1623389,-0.5754121840207989,0,0,0.3333333333333333,45,0
DOT,2025-06-28,3.358730662387401,0.0180323029070365,0.033191792200536,202801170.2324558,-0.567686440784613,1,1,1.0,45,0
DOT,2025-06-29,3.4035017729887733,0.0132417112895057,0.0327216706129512,198365950.0425156,-0.5619238000373649,1,1,1.0,45,0
DOT,2025-06-30,3.5490786861699632,0.0418832099455653,0.0315264018139765,191987453.13823885,-0.5431861042221799,0,1,0.6666666666666666,45,0
DOT,2025-07-01,3.4017772960506103,-0.042390015605577,0.0321969293705174,190836213.53955147,-0.5621457632841566,0,1,0.6666666666666666,45,0
DOT,2025-07-02,3.2821561584071155,-0.0357974573826513,0.0326416541615103,191707706.1542816,-0.5775426036295787,1,0,0.3333333333333333,45,0
DOT,2025-07-03,3.5472964465262176,0.0776851771969572,0.0358455410654992,195565951.2402564,-0.5434155023017554,0,0,0.3333333333333333,45,0
DOT,2025-07-04,3.537101940848999,-0.0028780179082337,0.0358438286954868,198133918.50328192,-0.5447276715337552,0,1,0.6666666666666666,45,0
DOT,2025-07-05,3.357722979858912,-0.0520446714054963,0.0365906645117263,199681688.40379685,-0.5678161430037663,1,1,1.0,45,0
DOT,2025-07-06,3.353254135703438,-0.0013318015362149,0.0356919139049591,195140915.48759004,-0.5683913430172912,1,1,0.6666666666666666,45,0
DOT,2025-07-07,3.3940888986606934,0.0121041012155434,0.0356060659521048,194794322.5567955,-0.5631353628604245,1,1,1.0,45,0
DOT,2025-07-08,3.368862073192542,-0.0074603357547121,0.0348568901767745,195674669.8506807,-0.5663823927065421,1,1,1.0,45,0
DOT,2025-07-09,3.449547487050916,0.0236680356650321,0.0352656646454672,196862482.99516425,-0.5559971007769158,1,1,1.0,45,0
DOT,2025-07-10,3.618100376765666,0.0477060710375995,0.0359326886970971,197913918.81526625,-0.534302089478562,1,1,0.6666666666666666,45,0
DOT,2025-07-11,3.8742351948066025,0.0683991439387236,0.0378408486979244,199226458.8168433,-0.5013341125978094,1,1,0.6666666666666666,45,0
DOT,2025-07-12,3.91360871285001,0.0101116185655306,0.0377576032325097,208211530.79869625,-0.496266214205481,1,1,0.6666666666666666,45,0
DOT,2025-07-13,3.894062887610879,-0.0050068361148421,0.0358797045813831,210047922.25721985,-0.4987820233388411,1,1,1.0,45,0
DOT,2025-07-14,3.983930538545639,0.0228158477723612,0.0358351574248337,206916983.20275527,-0.4872148546852174,1,1,0.6666666666666666,45,0
DOT,2025-07-15,3.945655164820056,-0.0096538892248094,0.0357898473346487,216519320.8388261,-0.4921414072161799,1,1,1.0,45,0
DOT,2025-07-16,4.076744966774124,0.0326838524996938,0.036218507838973,226242743.30526343,-0.4752683963807947,1,1,0.6666666666666666,45,0
DOT,2025-07-17,4.156787846984512,0.0194437561017197,0.0363174804722389,235942045.8669139,-0.4649658071255409,1,1,0.6666666666666666,45,0
DOT,2025-07-18,4.280364916840727,0.0292956430603363,0.0358859723595367,247315078.7008892,-0.4490597853938148,1,0,0.3333333333333333,45,0
DOT,2025-07-19,4.227374467473635,-0.0124571598235639,0.0354245482343636,266967505.2602697,-0.4558803649737287,0,1,0.6666666666666666,45,0
DOT,2025-07-20,4.408435530477332,0.0419387644447844,0.0357267936074564,270943609.6749651,-0.43257538447648,0,0,0.3333333333333333,45,0
DOT,2025-07-21,4.487874671435235,0.0178593710464355,0.035010713137322,279161122.98452497,-0.4223505045380235,0,0,0.3333333333333333,45,0
DOT,2025-07-22,4.503811534144553,0.0035448032845019,0.0336872181826863,292773939.1732076,-0.4202992171520635,0,0,0.0,45,0
DOT,2025-07-23,4.541929356743654,0.008427844370029,0.0321098376653667,304256468.9017771,-0.4153929435583229,0,0,0.0,45,0
DOT,2025-07-24,4.1142063415926335,-0.0989059442989984,0.0355474101241519,316027612.09865344,-0.4704466163963943,0,0,0.3333333333333333,45,0
DOT,2025-07-25,4.000296367709187,-0.0280774956239656,0.0360944996089181,330360546.8652296,-0.485108353579179,0,1,0.6666666666666666,45,0
DOT,2025-07-26,4.087330887128408,0.0215237118853675,0.0358065586531422,339704573.62377995,-0.4739058468446916,0,1,0.6666666666666666,45,0
DOT,2025-07-27,4.126793852864665,0.0096086364904559,0.0355352489868731,341328864.7154054,-0.4688264353379321,0,0,0.3333333333333333,45,0
DOT,2025-07-28,4.237466608794557,0.0264647940666943,0.0356548620850658,343045504.45499265,-0.4545813714035056,0,0,0.3333333333333333,45,0
DOT,2025-07-29,3.948036844310257,-0.0707471388185974,0.0384002356152618,352067081.0766111,-0.4918348532108679,0,0,0.0,45,0
DOT,2025-07-30,3.897112332250897,-0.0129826026707312,0.0378834979701576,358550110.0444631,-0.4983895190274,0,0,0.3333333333333333,45,0
DOT,2025-07-31,3.80830883468876,-0.0230506360687209,0.0372415063430794,364318403.4003837,-0.5098197169089336,0,1,0.6666666666666666,45,0
DOT,2025-08-01,3.682442281803306,-0.0336090195998923,0.0371634056545753,368221966.81458896,-0.5260204257283198,0,1,0.6666666666666666,45,0
DOT,2025-08-02,3.552073547453186,-0.0360446647443974,0.035114603952448,372994984.7822853,-0.5428006255188099,1,1,0.6666666666666666,45,0
DOT,2025-08-03,3.509726383543617,-0.0119934498098217,0.035180144715975,373536986.3838771,-0.5482512719065766,1,1,1.0,45,0
DOT,2025-08-04,3.603560654102104,0.0263843462050831,0.0340965708471108,372071194.7988184,-0.5361735462539086,1,1,1.0,45,0
DOT,2025-08-05,3.7188545941044713,0.0314932888240545,0.0344984851314004,376024533.4369644,-0.5213336741210951,1,1,1.0,45,0
DOT,2025-08-06,3.6154700955183294,-0.0281938286517502,0.034931699225387,377933791.3288614,-0.5346406418550617,1,1,1.0,45,0
DOT,2025-08-07,3.6737083507938455,0.0159797143030316,0.0349724646111933,379300604.7845072,-0.5271445994654177,1,1,1.0,45,0
DOT,2025-08-08,3.861270765811059,0.0497947415251179,0.035822756951572,382648241.0880621,-0.5030028080085556,1,1,1.0,45,0
DOT,2025-08-09,3.97877761482706,0.0299782969302587,0.0352138484104932,387555515.6401747,-0.4878781048880667,1,1,1.0,45,0
DOT,2025-08-10,4.141002464784791,0.0399632596094579,0.0337497109464182,384306324.748584,-0.4669975969438664,0,0,0.0,45,0
DOT,2025-08-11,4.060888284954772,-0.019536160697668,0.0339441627532684,374133293.3377033,-0.477309363413798,0,0,0.3333333333333333,45,0
DOT,2025-08-12,3.866654254844748,-0.0490121395953456,0.0351523422012096,374333648.7137253,-0.5023098809658445,1,0,0.3333333333333333,45,0
DOT,2025-08-13,4.147677626213935,0.0701589699771972,0.0372244947306309,382148798.88772,-0.4661384143877638,0,1,0.6666666666666666,45,0
DOT,2025-08-14,4.28768471671229,0.0331983247168303,0.0376081779844358,385113133.09008,-0.4481176292481444,0,0,0.0,45,0
DOT,2025-08-15,3.993106031696323,-0.0711775120563471,0.039492871648511,390788383.03555787,-0.4860338459946579,0,0,0.0,45,0
DOT,2025-08-16,3.88627847120248,-0.0271173736211431,0.0395890973365632,389239707.2059221,-0.4997839818470406,0,1,0.6666666666666666,45,0
DOT,2025-08-17,3.966482378720956,0.0204276427224867,0.0393780319031355,377349474.054933,-0.4894606662234984,0,1,0.6666666666666666,45,0
DOT,2025-08-18,4.06624939317904,0.0248413983477169,0.0396420047875848,360046007.69401425,-0.4766193170806023,1,1,0.6666666666666666,45,0
DOT,2025-08-19,3.913150584624701,-0.0383782239190221,0.039332400319557,361810772.7556018,-0.4963251814355356,1,1,1.0,45,0
DOT,2025-08-20,3.716261938519478,-0.0516245178099666,0.0400418896042618,355679588.72782034,-0.5216673835716087,1,1,1.0,45,0
DOT,2025-08-21,3.883074556213311,0.043908943395348,0.0410491847185666,345399807.2062684,-0.5001963685584557,0,0,0.3333333333333333,45,0
DOT,2025-08-22,3.792795500121656,-0.0235239050596229,0.0411047681686117,329180934.51964456,-0.5118164905583089,1,1,0.6666666666666666,45,0
DOT,2025-08-23,4.178545110258551,0.0968597800244639,0.0413866739671997,323902899.71469486,-0.4621653563391417,0,1,0.6666666666666666,45,0
DOT,2025-08-24,4.22453461361594,0.0109459779156112,0.0410689854247793,314311095.2788458,-0.4562458921482117,0,0,0.3333333333333333,45,0
DOT,2025-08-25,4.110871894460837,-0.0272739583374884,0.0412276441751748,313011687.1827292,-0.4708758043404307,0,0,0.3333333333333333,45,0
DOT,2025-08-26,3.735445787569332,-0.095767980216969,0.0447372501028601,321195333.9352478,-0.519198165615234,1,0,0.3333333333333333,45,0
DOT,2025-08-27,3.8881735986585824,0.0400723698979557,0.0451170305680167,322741248.7195827,-0.4995400535961424,0,0,0.3333333333333333,45,0
DOT,2025-08-28,3.833266009337743,-0.0142223516967548,0.0433293865906897,319268938.08169,-0.5066073947298182,0,1,0.6666666666666666,45,0
DOT,2025-08-29,3.980550988463109,0.0377030652614392,0.0438306542181394,320366503.44065946,-0.4876498479822646,0,0,0.3333333333333333,45,0
DOT,2025-08-30,3.777955874411,-0.0522371596316717,0.0446916157657243,323022510.7678116,-0.5137265488670146,1,1,1.0,45,0
DOT,2025-08-31,3.8061736351686655,0.0074412998697546,0.0442619203432897,319512083.64924884,-0.5100945456454274,0,0,0.3333333333333333,45,0
DOT,2025-09-01,3.7406605099674457,-0.0173621864884932,0.0438507821924534,312643104.9840628,-0.5185269610957723,1,1,0.6666666666666666,45,0
DOT,2025-09-02,3.6870215864992897,-0.0144432287817943,0.04387948009181,315263651.95981145,-0.5254310079658234,1,1,0.6666666666666666,45,0
DOT,2025-09-03,3.816683218463477,0.0345628040434137,0.0440635157158277,316939551.6906343,-0.5087418217098854,1,0,0.3333333333333333,45,0
DOT,2025-09-04,3.864941202600432,0.0125646911043532,0.043759853507224,315862742.3115488,-0.5025303737017329,1,1,1.0,45,0
DOT,2025-09-05,3.766488565197457,-0.0258033167860249,0.0437064686841392,314497014.48118645,-0.5152025449378655,1,1,1.0,45,0
DOT,2025-09-06,3.829114029298823,0.0164903001337931,0.0437124553615991,316195146.5859051,-0.5071418100934905,1,1,1.0,45,0
DOT,2025-09-07,3.8237118445202616,-0.0014118146067728,0.0427458793773391,311833226.53152794,-0.5078371435286219,1,0,0.3333333333333333,45,0
DOT,2025-09-08,3.997483504765906,0.0444434014465374,0.0431788841491081,310061240.0224008,-0.4854704066619738,1,0,0.3333333333333333,45,0
DOT,2025-09-09,4.045761011294505,0.0120046297754592,0.0425877594448563,312502101.5525006,-0.4792564458609052,1,1,0.6666666666666666,45,0
DOT,2025-09-10,4.140641629812978,0.0231810897698022,0.0426529458641533,317236847.93485445,-0.4670440412309005,1,0,0.3333333333333333,45,0
DOT,2025-09-11,4.211853426949826,0.0170520358712338,0.0416952741178158,317588655.8010349,-0.4578781304827989,0,0,0.0,45,0
DOT,2025-09-12,4.242731619212369,0.0073045168718452,0.0397292959713932,310304027.70958644,-0.4539036941433074,1,0,0.3333333333333333,45,0
DOT,2025-09-13,4.319706951636194,0.0179802530674199,0.0393965345185534,302858798.88200086,-0.4439959393165844,1,1,0.6666666666666666,45,0
DOT,2025-09-14,4.49968449396343,0.0408197171800066,0.037663145729476,300417265.34227955,-0.420830422422467,1,0,0.3333333333333333,45,0
DOT,2025-09-15,4.318931405528713,-0.0409992700394967,0.0381406487090739,295608516.9801817,-0.4440957624735334,1,1,0.6666666666666666,45,0
DOT,2025-09-16,4.148073526611803,-0.040363995817623,0.0388201575741905,300168651.41408926,-0.466087456711397,1,1,1.0,45,0
DOT,2025-09-17,4.253855293174495,0.0251816835417207,0.0388272642978299,300767861.98484266,-0.4524719285254296,1,1,0.6666666666666666,45,0
DOT,2025-09-18,4.400346548626808,0.0338575993239627,0.0385072500353889,298890300.7405775,-0.4336165446306387,0,0,0.0,45,0
DOT,2025-09-19,4.540703894210576,0.0313987439387532,0.0373441603925568,302680659.08038545,-0.4155506769768708,0,0,0.0,45,0
DOT,2025-09-20,4.357129411691623,-0.0412685941010028,0.0376526915447659,314746527.3788229,-0.4391791681826768,0,1,0.6666666666666666,45,0
DOT,2025-09-21,4.357162120002465,7.50682042781939e-06,0.0373065118726151,318229912.3990968,-0.4391749581855984,0,0,0.0,45,0
DOT,2025-09-22,4.271606534683606,-0.0198309614207276,0.0332172553139963,309010884.22497326,-0.4501871063206503,0,0,0.0,45,0
DOT,2025-09-23,4.035242834171254,-0.0569235122499288,0.0347725558210019,314188951.8750275,-0.4806102759371097,0,0,0.0,45,0
DOT,2025-09-24,3.9759132556509456,-0.0148120102946608,0.0345279619704423,309291675.5418169,-0.4882467862247884,1,1,0.6666666666666666,45,0
DOT,2025-09-25,3.9940128737192095,0.0045419866859933,0.0295425892598207,303025861.41440845,-0.4859171232973155,0,0,0.3333333333333333,45,0
DOT,2025-09-26,3.797480757524952,-0.0504585699210451,0.0301611733875972,307034606.76941645,-0.5112134352652657,1,0,0.3333333333333333,45,0
DOT,2025-09-27,3.926439487985744,0.0333951441978843,0.0306782512821031,306603273.69046086,-0.4946147218341104,1,1,0.6666666666666666,45,0
DOT,2025-09-28,3.894050344858593,-0.0082831968349297,0.0299100511116071,299437455.02523845,-0.4987836377588194,1,1,0.6666666666666666,45,0
DOT,2025-09-29,3.998067136296691,0.0263611927125866,0.0286591830312172,291478785.2987062,-0.4853952854778999,1,1,0.6666666666666666,45,0
DOT,2025-09-30,3.982850814893085,-0.0038131803720346,0.0286576387761382,294332614.7241851,-0.4873538295605868,1,1,0.6666666666666666,45,0
DOT,2025-10-01,3.9046653907135207,-0.019825755812621,0.0287170575038171,293533804.84616506,-0.4974173393812304,1,0,0.3333333333333333,45,0
DOT,2025-10-02,4.120826431544298,0.0538816412036007,0.0300912250870888,290769759.5676918,-0.4695945222760233,1,0,0.3333333333333333,45,0
DOT,2025-10-03,4.306459596788887,0.0440623938628661,0.0304746510866963,294884971.0197057,-0.4457010510685811,0,0,0.3333333333333333,45,0
DOT,2025-10-04,4.32107904360153,0.0033890223885645,0.0304319979890534,299027122.5227197,-0.4438193327289387,0,0,0.0,45,0
DOT,2025-10-05,4.200828638190599,-0.0282233490414531,0.0305160432512597,300474455.4872696,-0.4592971682524758,0,0,0.0,45,0
DOT,2025-10-06,4.137657050301472,-0.015152102876953,0.0306032152634363,302040071.125551,-0.4674281965327321,0,0,0.0,45,0
DOT,2025-10-07,4.38742913480717,0.0586137392910501,0.0322509046769825,309771478.9565758,-0.4352791885594187,0,0,0.3333333333333333,45,0
DOT,2025-10-08,4.147928101244942,-0.0561344801882303,0.0331788682901024,310269609.9945851,-0.4661061749011739,0,0,0.0,45,0
DOT,2025-10-09,4.196586424138258,0.0116624818039946,0.0331750960078219,307707405.37079686,-0.4598431979405536,0,0,0.3333333333333333,45,0
DOT,2025-10-10,4.076970340688221,-0.0289172896440241,0.0333490014653944,303288267.44517696,-0.4752393877436781,0,0,0.0,45,0
DOT,2025-10-11,3.010257156374805,-0.3033286398993142,0.0643850395050348,328408075.017923,-0.612539641835717,1,1,1.0,45,0
DOT,2025-10-12,3.0003871408084595,-0.0032841818446468,0.064309102256117,346200297.4506275,-0.6138100448503979,1,0,0.3333333333333333,45,0
DOT,2025-10-13,3.243250163556933,0.0778346366205095,0.0661586864004492,350202534.691968,-0.582550325533824,0,1,0.6666666666666666,45,0
DOT,2025-10-14,3.3742990302668594,0.0396116441182765,0.066127328329579,349381969.9937087,-0.5656825836118681,0,0,0.3333333333333333,45,0
DOT,2025-10-15,3.252387201263129,-0.0367983578403205,0.0660629482363536,354379028.31346494,-0.581374266573311,0,0,0.0,45,0
DOT,2025-10-16,3.1353961916881783,-0.0366337071428684,0.0660062497711107,353552766.1500508,-0.5964325742583928,0,0,0.0,45,0
DOT,2025-10-17,3.0116506337691327,-0.0402672312684119,0.0659077846329054,355578161.2784636,-0.6123602826573302,0,0,0.3333333333333333,45,0
DOT,2025-10-18,2.893199420475808,-0.0401253560782501,0.0655347320539521,357528157.8059455,-0.6276065380911671,1,0,0.3333333333333333,45,0
DOT,2025-10-19,2.931680761289277,0.0132129415391346,0.0651837006772472,347864592.98126435,-0.6226534748411873,1,1,0.6666666666666666,45,0
DOT,2025-10-20,3.0069460259707226,0.0253490571577889,0.0653777141627408,332571411.4130257,-0.6129658286050358,1,1,0.6666666666666666,45,0
DOT,2025-10-21,3.0868177362751963,0.0262157470457974,0.0657229062285239,330561304.3610132,-0.6026852712060679,1,1,0.6666666666666666,45,0
DOT,2025-10-22,3.006104601195977,-0.0264956132343293,0.0657633260833666,333083821.27675205,-0.6130741312275878,1,1,0.6666666666666666,45,0
DOT,2025-10-23,2.9206948496816607,-0.0288235380043307,0.0652956174271279,325904420.4262814,-0.6240675086014706,1,1,0.6666666666666666,45,0
DOT,2025-10-24,3.002462501172258,0.0276112355010125,0.0656635132586324,323692013.49683166,-0.613542918213667,1,1,0.6666666666666666,45,0
DOT,2025-10-25,3.0781819527758447,0.0249063619393574,0.0659169635447691,320782929.8296162,-0.6037968120458935,0,1,0.6666666666666666,45,0
DOT,2025-10-26,3.092137993816649,0.0045236114043364,0.0654782577542604,311520882.31923795,-0.6020004829021278,0,0,0.3333333333333333,45,0
DOT,2025-10-27,3.200873997055536,0.0345611375578191,0.0655033108793385,308691571.36230963,-0.5880047049430682,0,0,0.3333333333333333,45,0
DOT,2025-10-28,3.140135007561002,-0.0191581015595499,0.0655418226335732,310939239.15128016,-0.5958226252739778,0,0,0.3333333333333333,45,0
DOT,2025-10-29,3.0545006480875045,-0.0276496697520705,0.0653303855961675,328197812.5204369,-0.6068449126963349,0,1,0.6666666666666666,45,0
DOT,2025-10-30,3.076856970106326,0.0072924864238318,0.0653920679382157,329843631.1169707,-0.6039673550370814,0,0,0.3333333333333333,45,0
DOT,2025-10-31,2.870994261993061,-0.0692502091784002,0.0663008462760952,334957185.6086348,-0.6304646389815179,0,0,0.3333333333333333,45,0
DOT,2025-11-01,2.8822290833792032,0.0039055795308505,0.0652534787421916,332771297.2362975,-0.6290185672035742,0,0,0.3333333333333333,45,0
DOT,2025-11-02,2.964533055874142,0.028155552617675,0.064846285700751,326642699.4409932,-0.6184249451292275,0,1,0.6666666666666666,45,0
DOT,2025-11-03,2.9815654494006494,0.005728946500346,0.0648673934170015,323005461.8535779,-0.6162326482743892,1,0,0.3333333333333333,45,0
DOT,2025-11-04,2.579548426867725,-0.1448341259081927,0.0691993788245713,328308469.5438435,-0.6679776160452924,1,1,1.0,45,0
DOT,2025-11-05,2.514520135992116,-0.0255323707198835,0.0692196195899249,332157593.8700731,-0.6763476268332803,1,1,1.0,45,0
DOT,2025-11-06,2.6721811961934767,0.0608130817733148,0.0693031423777469,328767271.13218725,-0.6560545396713362,1,0,0.3333333333333333,45,0
DOT,2025-11-07,2.6594629837687176,-0.0047708497111737,0.0689243678398835,326953986.8194092,-0.65769154371628,1,1,0.6666666666666666,45,0
DOT,2025-11-08,3.251160794538625,0.2008878835121544,0.0793073591812105,345798322.96467274,-0.581532121521924,0,0,0.0,45,0
DOT,2025-11-09,3.247805197178512,-0.0010326558602044,0.0792232808385818,359001755.0749219,-0.5819640317832288,0,0,0.3333333333333333,45,0
DOT,2025-11-10,3.226859621626869,-0.0064700333392485,0.0562045190593578,336789113.79451376,-0.5846600075034459,0,0,0.0,45,0
DOT,2025-11-11,3.262921036889602,0.0111134068514893,0.0562165179487838,323557739.86688083,-0.5800184210383095,0,0,0.0,45,0
DOT,2025-11-12,3.05271623312117,-0.0665910552397224,0.0557510160526007,322109576.092971,-0.6070745907690224,0,0,0.0,45,0
DOT,2025-11-13,2.919596393037608,-0.0445863773709135,0.055702350476029,316069952.6959128,-0.6242088946633992,0,0,0.0,45,0
DOT,2025-11-14,2.8583811819324656,-0.021189940885784,0.0554657988556277,312493664.0307839,-0.6320881110850501,0,0,0.0,45,0
DOT,2025-11-15,2.8220436827329336,-0.0127941116150813,0.0551565609317423,314339637.71958333,-0.6367652332454707,0,0,0.0,45,0
DOT,2025-11-16,2.8337829221608968,0.0041512079864205,0.0547303598915935,308858939.91491765,-0.6352542361189619,0,0,0.0,45,0
DOT,2025-11-17,2.797543085794601,-0.0128709780293046,0.0543007027044244,303608596.3063255,-0.6399187877665062,0,0,0.0,45,0
DOT,2025-11-18,2.657851066700615,-0.051223635990867,0.0549842829959497,308180094.2113601,-0.6578990190023085,0,0,0.0,45,0
DOT,2025-11-19,2.751827947454215,0.0347474723933949,0.0551793867749981,310484381.5653547,-0.6458029375101204,0,0,0.0,45,0
DOT,2025-11-20,2.68568661105438,-0.0243289826901715,0.0550294280160903,310711481.5238007,-0.6543162121440412,0,0,0.0,45,0
DOT,2025-11-21,2.5408524628387545,-0.0554367763177743,0.055675667060069,310595263.9983515,-0.6729583041736892,0,0,0.0,45,0
DOT,2025-11-22,2.349174783284178,-0.0784355295780209,0.0571075128734682,312964545.8789633,-0.6976297852181039,0,1,0.6666666666666666,45,0
DOT,2025-11-23,2.309724575172674,-0.016935824538981,0.0567475868128359,312749723.72612536,-0.7027075546479246,1,0,0.3333333333333333,45,0
DOT,2025-11-24,2.2587171604645464,-0.0223312618887426,0.0564362030825922,312375825.8741009,-0.7092728911441746,1,1,0.6666666666666666,45,0
DOT,2025-11-25,2.3418282891799773,0.0361349204509558,0.0570150014245287,316896340.3713543,-0.6985753772685496,0,0,0.0,45,0
DOT,2025-11-26,2.2963310188867823,-0.0196193044057366,0.0564340631864271,318068836.04543966,-0.7044314844805089,0,1,0.6666666666666666,45,0
DOT,2025-11-27,2.343804742966768,0.0204629274084135,0.0567012471644432,316399806.99398166,-0.6983209812311534,0,0,0.0,45,0
DOT,2025-11-28,2.339548999642952,-0.001817391864492,0.0566161239316858,297327338.7691831,-0.698868752317424,0,0,0.3333333333333333,45,0
DOT,2025-11-29,2.28579630198074,-0.0232437209411819,0.0565896722713329,292309010.74366105,-0.7057874434479781,1,1,0.6666666666666666,45,0
DOT,2025-11-30,2.260358682714089,-0.0111909448005405,0.0554719398889264,283931229.816818,-0.7090616052753259,1,1,0.6666666666666666,45,0
DOT,2025-12-01,2.2212979646713715,-0.0174318160538716,0.0554511957294964,280102825.67805946,-0.7140892421238707,0,0,0.3333333333333333,45,0
DOT,2025-12-02,2.043772748567472,-0.0832942074038622,0.0566191353267781,283874407.2522901,-0.7369391118332225,1,1,0.6666666666666666,45,0
DOT,2025-12-03,2.247806142751304,0.0951572064830218,0.0598673582235622,284624927.4521455,-0.7106772850585473,0,0,0.3333333333333333,45,0
DOT,2025-12-04,2.3667862723841164,0.0515783388472272,0.0550972210916959,279390359.4354801,-0.6953629510175713,0,0,0.0,45,0
DOT,2025-12-05,2.274281765088402,-0.0398687368259571,0.055362099469544,272450066.6692534,-0.7072695183527591,1,1,0.6666666666666666,45,0
DOT,2025-12-06,2.127325815909106,-0.0667985894528387,0.0551645181263288,269619092.8265107,-0.7261847145454837,1,0,0.3333333333333333,45,0
DOT,2025-12-07,2.129007190642712,0.0007900579294318,0.0551836953740599,264115182.7850932,-0.7259682991289098,0,0,0.3333333333333333,45,0
DOT,2025-12-08,2.0862977618916068,-0.0202646739912009,0.0387104351102055,242066793.06687889,-0.7314655738470683,0,0,0.0,45,0
DOT,2025-12-09,2.1311050824672626,0.0212495738528205,0.0391941915600964,226183455.79306063,-0.7256982723918223,0,0,0.0,45,0
DOT,2025-12-10,2.292463385941589,0.072986290543469,0.0422863462577584,220294807.35748532,-0.704929300570081,0,0,0.0,45,0
DOT,2025-12-11,2.197248180928796,-0.0424212032081224,0.0424330168160111,213354333.19310984,-0.7171847709569932,0,0,0.0,45,0
DOT,2025-12-12,2.067815082729101,-0.0607132163382781,0.0421907766745485,210052590.238462,-0.7338445418608059,0,0,0.0,45,0
DOT,2025-12-13,2.01368347193496,-0.0265269161790825,0.0418518073015108,207226209.5155331,-0.7408120041793959,0,0,0.0,45,0
DOT,2025-12-14,2.039862850957061,0.012916957613573,0.042067009688635,200179733.2886437,-0.7374423679504972,0,0,0.0,45,0
DOT,2025-12-15,1.9563556962718585,-0.0417991717832046,0.0424355235659607,194216220.1059954,-0.7481908556652725,0,0,0.0,45,0
XRP,2024-12-20,2.255279457563669,-0.0015318528612333232,0.040547743033962975,9118911905.32381,0.0,1,1,0.6666666666666666,45,1
XRP,2024-12-21,2.273996883525255,0.0082651316036309,0.040547743033962975,9118911905.32381,0.0,1,1,1.0,45,1
XRP,2024-12-22,2.236596962769888,-0.0165835272024589,0.040547743033962975,9118911905.32381,-0.0164467774895927,0,0,0.0,45,1
XRP,2024-12-23,2.1983060900755347,-0.0172683929065488,0.040547743033962975,9118911905.32381,-0.0332853549616044,0,0,0.0,45,1
XRP,2024-12-24,2.254884049205664,0.025411447474647,0.040547743033962975,9118911905.32381,-0.0084049518528633,0,0,0.0,45,1
XRP,2024-12-25,2.3273593261078007,0.0316357362201742,0.040547743033962975,9118911905.32381,0.0,0,0,0.0,45,1
XRP,2024-12-26,2.297189789777564,-0.0130477430716834,0.040547743033962975,9118911905.32381,-0.0129629902833659,0,0,0.0,45,1
XRP,2024-12-27,2.154071423410433,-0.0643268086749861,0.040547743033962975,9118911905.32381,-0.0744568751174184,0,0,0.3333333333333333,45,1
XRP,2024-12-28,2.14158677198617,-0.0058127001769842,0.040547743033962975,9118911905.32381,-0.0798211741683699,1,0,0.3333333333333333,45,1
XRP,2024-12-29,2.180869510101245,0.0181766186148133,0.040547743033962975,9118911905.32381,-0.0629425006973634,1,1,1.0,45,1
XRP,2024-12-30,2.095671915727654,-0.0398494296719589,0.040547743033962975,9118911905.32381,-0.0995494798680756,1,1,1.0,45,1
XRP,2024-12-31,2.056730467743344,-0.018756655089776,0.040547743033962975,9118911905.32381,-0.1162815106926559,1,1,0.6666666666666666,45,1
XRP,2025-01-01,2.079333460354608,0.0109298202437745,0.040547743033962975,9118911905.32381,-0.1065696486876322,1,1,0.6666666666666666,45,1
XRP,2025-01-02,2.315149796797427,0.1074270018797126,0.040547743033962975,9118911905.32381,-0.0052460869163647,1,1,0.6666666666666666,45,1
XRP,2025-01-03,2.40463192614464,0.0379224540982867,0.040547743033962975,9118911905.32381,0.0,0,0,0.3333333333333333,45,1
XRP,2025-01-04,2.4548598712183725,0.020672834100967,0.040547743033962975,9118911905.32381,0.0,0,0,0.0,45,1
XRP,2025-01-05,2.4239342995923985,-0.0126777169727703,0.040547743033962975,9118911905.32381,-0.0125976932486273,0,0,0.0,45,1
XRP,2025-01-06,2.403897929295378,-0.0083004066353969,0.040547743033962975,9118911905.32381,-0.0207596134184642,0,0,0.0,45,1
XRP,2025-01-07,2.4191703139906173,0.0063330788494327,0.040547743033962975,9118911905.32381,-0.0145383276846845,1,1,1.0,45,1
XRP,2025-01-08,2.277173382256464,-0.0604897067023468,0.040547743033962975,9118911905.32381,-0.0723815200391542,1,1,0.6666666666666666,45,1
XRP,2025-01-09,2.3749601881392275,0.0420457452344745,0.040547743033962975,9118911905.32381,-0.0325475535348948,1,0,0.3333333333333333,45,1
XRP,2025-01-10,2.276679069769941,-0.042262841635235,0.040547743033962975,9118911905.32381,-0.072582880814292,1,1,0.6666666666666666,45,1
XRP,2025-01-11,2.34255697398572,0.028525223884783,0.040547743033962975,9118911905.32381,-0.0457471721906942,1,0,0.3333333333333333,45,1
XRP,2025-01-12,2.5750017025465097,0.094607138591684,0.040547743033962975,9118911905.32381,0.0,1,1,0.6666666666666666,45,1
XRP,2025-01-13,2.506265236852104,-0.0270565037023428,0.040547743033962975,9118911905.32381,-0.0266937554357458,1,0,0.3333333333333333,45,1
XRP,2025-01-14,2.521790688596697,0.0061755482900156,0.040547743033962975,9118911905.32381,-0.0206644577738299,1,1,1.0,45,1
XRP,2025-01-15,2.665683799958985,0.0554913701696157,0.040547743033962975,9118911905.32381,0.0,1,1,0.6666666666666666,45,1
XRP,2025-01-16,3.1717669545860816,0.1738282214672863,0.040547743033962975,9118911905.32381,0.0,0,0,0.3333333333333333,45,1
XRP,2025-01-17,3.243559135514916,0.022382393988671,0.040547743033962975,9118911905.32381,0.0,0,0,0.0,45,1
XRP,2025-01-18,3.307160626210212,0.0194187788867916,0.040547743033962975,8749951895.51634,0.0,0,0,0.0,45,1
XRP,2025-01-19,3.27913973256254,-0.0085088930608761,0.0491369157298607,8388037081.983213,-0.0084727948880371,0,0,0.0,45,1
XRP,2025-01-20,2.9594983276278826,-0.1025613412753034,0.0534419765297895,8001098981.189604,-0.1051241042926685,1,1,0.6666666666666666,45,1
XRP,2025-01-21,3.0942466604471988,0.0445247010979813,0.0536061219974841,8145912785.149534,-0.0643796869361614,1,0,0.3333333333333333,45,1
XRP,2025-01-22,3.17189708695212,0.0247853878715085,0.0533957339204141,8111539666.9043,-0.0409002024836921,0,0,0.0,45,1
XRP,2025-01-23,3.165211637985352,-0.0021099374295631,0.0533977241333249,8039721280.397561,-0.0429217096683701,0,0,0.3333333333333333,45,1
XRP,2025-01-24,3.122175078798364,-0.0136900220301407,0.0534438268753333,8120656369.122453,-0.0559348541905655,0,0,0.0,45,1
XRP,2025-01-25,3.1030936929352904,-0.006130320254615,0.0533567341427249,8215424089.851721,-0.0617045726952696,0,0,0.0,45,1
XRP,2025-01-26,3.1112088914665423,0.0026117824274314,0.0515079041179775,8153400202.724169,-0.0592507461508506,1,0,0.3333333333333333,45,1
XRP,2025-01-27,3.0173114670832017,-0.0306451695473151,0.0520054015128253,8093130953.566066,-0.0876429033503456,1,0,0.3333333333333333,45,1
XRP,2025-01-28,3.050802421938607,0.0110384529798988,0.0519897839222451,8502672217.717472,-0.0775161031610896,0,0,0.0,45,1
XRP,2025-01-29,3.0611147556516607,0.0033745036783692,0.0511181956165002,8697339653.45761,-0.0743979196560837,0,0,0.3333333333333333,45,1
XRP,2025-01-30,3.0691756838533526,0.002629869800514,0.0508136063509425,8707462790.218134,-0.0719605030583513,0,0,0.3333333333333333,45,1
XRP,2025-01-31,3.1319365812312867,0.020242510618017,0.0508267995963205,8718008450.706358,-0.0529832278451259,0,0,0.0,45,1
XRP,2025-02-01,3.0378089439522897,-0.0305150158368336,0.0482238518389652,8624716042.372618,-0.0814449954813901,0,0,0.3333333333333333,45,1
XRP,2025-02-02,2.8808649918084224,-0.0530459200062666,0.0491963283828468,8518926024.438228,-0.1289007951483433,0,0,0.3333333333333333,45,1
XRP,2025-02-03,2.5701343337873217,-0.1141324259341771,0.0537571412657875,8778797943.359362,-0.2228577247145911,0,1,0.6666666666666666,45,1
XRP,2025-02-04,2.692671869551836,0.0465757932165599,0.0543029033338503,9682428715.050022,-0.1858055371693691,0,1,0.6666666666666666,45,1
XRP,2025-02-05,2.5396358959727894,-0.0585132380008944,0.0554412323691376,9939953003.564754,-0.2320796650016226,0,0,0.3333333333333333,45,1
XRP,2025-02-06,2.382739358632423,-0.0637699058898486,0.0567078323087376,10008574279.792084,-0.2795211276559962,1,1,0.6666666666666666,45,1
XRP,2025-02-07,2.322091886943189,-0.0257823620033843,0.0557884708422319,9997001720.692076,-0.2978593574984129,1,1,1.0,45,1
XRP,2025-02-08,2.392435922501591,0.0298436065131573,0.0555201032325186,10004219229.70912,-0.2765891370558663,1,1,1.0,45,1
XRP,2025-02-09,2.4256391631678023,0.0137830007678157,0.0549807803055999,9931228672.620604,-0.2665493342101666,1,1,1.0,45,1
XRP,2025-02-10,2.398421850062732,-0.01128410350965,0.05480143363385,9906679544.020452,-0.2747791470863133,1,1,1.0,45,1
XRP,2025-02-11,2.4205102148292257,0.0091673919295775,0.051900819812081,9812670867.42715,-0.2681001957854793,1,1,1.0,45,1
XRP,2025-02-12,2.415999707081464,-0.0018651916891462,0.0516858340566015,9810457015.39268,-0.2694640568909892,1,1,1.0,45,1
XRP,2025-02-13,2.471858085297504,0.0228569702558144,0.0518576161009842,9660210405.548315,-0.2525739252858455,1,1,1.0,45,1
XRP,2025-02-14,2.546991548300708,0.0299427486087981,0.051107936175653,9560665187.559082,-0.2298555056216328,1,1,1.0,45,1
XRP,2025-02-15,2.7396888464817004,0.0729314765773212,0.0416080437327436,9036503100.18522,-0.1715888170750256,0,0,0.0,45,1
XRP,2025-02-16,2.761982091436805,0.008104216781334,0.0413663880181571,8338399100.996747,-0.1648479152940767,0,0,0.3333333333333333,45,1
XRP,2025-02-17,2.725189428942385,-0.0134106301473609,0.0411218676810219,7987547559.154922,-0.1759730666407719,0,0,0.0,45,1
XRP,2025-02-18,2.657177556541445,-0.0252734504153295,0.0412644494050638,7788832788.545247,-0.1965381011485991,0,0,0.0,45,1
XRP,2025-02-19,2.5598643991689105,-0.0373102024781065,0.0376123974449839,7506775403.978793,-0.2259630878278971,1,0,0.3333333333333333,45,1
XRP,2025-02-20,2.735199200390807,0.0662499789886943,0.0387863575601383,7048035106.883432,-0.1729463701540359,0,0,0.0,45,1
XRP,2025-02-21,2.692229831317779,-0.0158344831891722,0.0384503605261631,6857594261.794214,-0.1859391981202628,0,0,0.0,45,1
XRP,2025-02-22,2.5717797656907977,-0.0457716087517561,0.0391391279361943,6783818036.275362,-0.2223601885833142,0,1,0.6666666666666666,45,1
XRP,2025-02-23,2.575864230459674,0.0015869262245413,0.0391473987206391,6589795059.05156,-0.2211251518764466,0,0,0.0,45,1
XRP,2025-02-24,2.5798851271909053,0.0015597723114543,0.0391744712514985,6453363886.767035,-0.2199093365031731,0,0,0.0,45,1
XRP,2025-02-25,2.276184020826259,-0.1252445078663847,0.0447464286140329,6590685039.760221,-0.3117407111142902,0,0,0.3333333333333333,45,1
XRP,2025-02-26,2.3223450440589835,0.0200771042908026,0.0449137103546307,6857940607.530432,-0.2977828093217722,1,1,0.6666666666666666,45,1
XRP,2025-02-27,2.189561722001525,-0.0588760731616972,0.0456604487572388,6562099206.507402,-0.3379330581500607,1,1,0.6666666666666666,45,1
XRP,2025-02-28,2.198289525306682,0.0039781726059753,0.0456671603651255,6418305773.556623,-0.3352939957362225,1,1,1.0,45,1
XRP,2025-03-01,2.1465990447641925,-0.0237948194006301,0.0456493071475302,6448442276.155339,-0.3509238626779209,1,0,0.3333333333333333,45,1
XRP,2025-03-02,2.1894731626978965,0.0197761998441406,0.0456380569979299,6391032050.901822,-0.337959836197346,1,1,0.6666666666666666,45,1
XRP,2025-03-03,2.9400745785854188,0.2947739979847613,0.0720629372745421,6746414381.701113,-0.1109973445848166,0,0,0.3333333333333333,45,1
XRP,2025-03-04,2.388920229250619,-0.2075934709621144,0.0808888180852934,7006692478.622366,-0.2776521919383866,0,0,0.0,45,1
XRP,2025-03-05,2.457837324155463,0.02844034982242,0.0784838830884243,6868032114.117388,-0.2568134415134282,0,0,0.0,45,1
XRP,2025-03-06,2.499863067769013,0.0169541307267196,0.0780434320593997,5985633128.604967,-0.2441059415267375,0,0,0.3333333333333333,45,1
XRP,2025-03-07,2.5997307467157778,0.0391719232276968,0.0776617236657978,5781157981.531737,-0.2139085334676054,0,0,0.0,45,1
XRP,2025-03-08,2.380727791456965,-0.0880016450418457,0.0784779462074268,5836760384.67659,-0.2801293736418475,0,0,0.3333333333333333,45,1
XRP,2025-03-09,2.3242332249590425,-0.0240160467393099,0.0784586183383011,5726914051.031612,-0.2972118721604216,0,0,0.3333333333333333,45,1
XRP,2025-03-10,2.1362635270101267,-0.0843319013718064,0.0797216274838801,5633258161.620501,-0.3540490564384397,1,0,0.3333333333333333,45,1
XRP,2025-03-11,2.029057833175655,-0.0514867238288179,0.0801155852472084,5748503473.0765705,-0.386465290770947,1,1,0.6666666666666666,45,1
XRP,2025-03-12,2.169350707525431,0.0668563459296819,0.0811991179139074,5835590172.474363,-0.3440443471863162,1,1,1.0,45,1
XRP,2025-03-13,2.2417249293681443,0.0328177176209671,0.0814392507787803,5877156020.946824,-0.3221602508200476,1,1,0.6666666666666666,45,1
XRP,2025-03-14,2.2504187411894,0.0038706788175854,0.08144766543226,5873363999.734897,-0.3195314665534611,1,0,0.3333333333333333,45,1
XRP,2025-03-15,2.3564128660327603,0.046024184592335,0.0818041165457331,5836485546.041655,-0.2874815794075734,1,1,0.6666666666666666,45,1
XRP,2025-03-16,2.392285579817487,0.0151087278296681,0.0816516066451545,5785371735.497312,-0.2766345968024877,1,1,0.6666666666666666,45,1
XRP,2025-03-17,2.300909638865169,-0.0389446786115477,0.0806558607785924,5633946759.16982,-0.3042643225037847,1,0,0.3333333333333333,45,1
XRP,2025-03-18,2.3408005213311123,0.0171884340923524,0.0807269526136796,5600926575.744013,-0.2922023494173261,1,1,0.6666666666666666,45,1
XRP,2025-03-19,2.2893484606821164,-0.0222257119005241,0.0807727119568651,5600401056.474929,-0.3077601243379705,1,0,0.3333333333333333,45,1
XRP,2025-03-20,2.552057249371664,0.1086325362721853,0.0833197024320477,5786766338.976019,-0.2283237683873391,0,1,0.6666666666666666,45,1
XRP,2025-03-21,2.4346891248225995,-0.0470807194635511,0.0834840641747945,5774470406.293411,-0.2638128594278189,1,1,0.6666666666666666,45,1
XRP,2025-03-22,2.381259233831182,-0.0221896412970031,0.0825592965217903,5739774726.034127,-0.2799686791869108,0,0,0.3333333333333333,45,1
XRP,2025-03-23,2.3671814913704625,-0.0059294343221525,0.0825326996541544,5663505080.876298,-0.2842254250943062,0,0,0.0,45,1
XRP,2025-03-24,2.4358937819105337,0.0286137421244045,0.0823606643699779,5559843160.562592,-0.2634486022222913,0,0,0.3333333333333333,45,1
XRP,2025-03-25,2.44678623939772,0.0044616790405852,0.0823664244494778,5600756437.556083,-0.2601550042637101,0,0,0.3333333333333333,45,1
XRP,2025-03-26,2.4520786954901945,0.002160687515102,0.0823673210201704,5609563227.844802,-0.2585547021645226,0,0,0.0,45,1
XRP,2025-03-27,2.349686594688749,-0.0426541566676065,0.0794230193216643,5466954957.170046,-0.2895154302253123,0,1,0.6666666666666666,45,1
XRP,2025-03-28,2.339530083958925,-0.0043318649182306,0.0793464676688153,5177324447.810206,-0.2925864968827134,0,0,0.3333333333333333,45,1
XRP,2025-03-29,2.2038347130132383,-0.0597511959989951,0.0793691102182573,5107353568.318719,-0.3336172741211279,0,0,0.3333333333333333,45,1
XRP,2025-03-30,2.1388622985209467,-0.0299248429228823,0.079554851225147,5079090035.127789,-0.3532632550200799,0,1,0.6666666666666666,45,1
XRP,2025-03-31,2.135945706762188,-0.0013645488675563,0.0794377082187779,4919445399.730688,-0.3541451570769814,0,0,0.3333333333333333,45,1
XRP,2025-04-01,2.090515957154788,-0.0214985976308822,0.0794378415916165,4961120830.486646,-0.367881940602812,1,1,0.6666666666666666,45,1
XRP,2025-04-02,2.140991043686336,0.0238579213987568,0.056750025799116,4591118061.535703,-0.3526195774349882,0,1,0.6666666666666666,45,1
XRP,2025-04-03,2.030360837075233,-0.053055296848834,0.0437814961442819,4363687843.074803,-0.386071296028372,0,1,0.6666666666666666,45,1
XRP,2025-04-04,2.0641704630367608,0.0165149033782147,0.0435167889396704,4211295176.8310246,-0.3758481379230243,0,0,0.3333333333333333,45,1
XRP,2025-04-05,2.1277037304012105,0.0303149044615951,0.0438251601109013,4202650750.129414,-0.3566373179643775,0,0,0.3333333333333333,45,1
XRP,2025-04-06,2.148561695180789,0.0097553019363481,0.043117506130483,4068659296.555474,-0.3503304078571778,0,0,0.3333333333333333,45,1
XRP,2025-04-07,1.9232068608073247,-0.1108046065437193,0.0447755844153371,3961304892.9637904,-0.418471892303824,1,1,0.6666666666666666,45,1
XRP,2025-04-08,1.8972731944488423,-0.0135763382175614,0.0446801584135073,4260832275.4983487,-0.4263135635407608,1,1,1.0,45,1
XRP,2025-04-09,1.791941720267648,-0.0571179026745126,0.043306177319107,4284460450.366455,-0.4581630822325388,1,1,0.6666666666666666,45,1
XRP,2025-04-10,2.050442640035333,0.1347558999591687,0.0494527403787338,4329848743.89235,-0.3799990772189964,1,1,0.6666666666666666,45,1
XRP,2025-04-11,1.96981883924698,-0.0401141130627473,0.0483358747936951,4234004768.178197,-0.4043776332980044,1,0,0.3333333333333333,45,1
XRP,2025-04-12,2.0237864771088336,0.0270286716123579,0.0481984184818216,4153872202.1957903,-0.3880592127670679,1,1,0.6666666666666666,45,1
XRP,2025-04-13,2.156688589695265,0.0636037346698161,0.0497193289541304,4096285712.640807,-0.3478730447493601,0,1,0.6666666666666666,45,1
XRP,2025-04-14,2.118179146058531,-0.0180171587753485,0.0489814848807919,4092707592.972135,-0.3595173063952975,0,0,0.3333333333333333,45,1
XRP,2025-04-15,2.127444298086899,0.0043645730047869,0.048879505081013,4091448657.908499,-0.3567157635990575,0,0,0.3333333333333333,45,1
XRP,2025-04-16,2.087166740701441,-0.0191138794345798,0.0485221711955698,4070762604.685681,-0.3688946571992795,0,0,0.3333333333333333,45,1
XRP,2025-04-17,2.08351984341555,-0.0017488239127087,0.0483700554064514,4071429754.723613,-0.3699973847949663,0,0,0.3333333333333333,45,1
XRP,2025-04-18,2.0677436115822867,-0.007600725877788,0.0482523495743177,4042044514.721847,-0.374767710042622,1,0,0.3333333333333333,45,1
XRP,2025-04-19,2.062691684044618,-0.0024461974079077,0.0433749243876926,3765184488.1211295,-0.3762952825160093,1,1,1.0,45,1
XRP,2025-04-20,2.0855273823856817,0.0110099918318487,0.0428214954789623,3663156836.909415,-0.3693903568344188,1,0,0.3333333333333333,45,1
XRP,2025-04-21,2.0747196454629124,-0.0051957305245917,0.0427006811278045,3598938658.682672,-0.3726583374813564,1,1,1.0,45,1
XRP,2025-04-22,2.0806696781556395,0.0028637686126514,0.0427213686119133,3628101941.513932,-0.3708592011933965,1,1,1.0,45,1
XRP,2025-04-23,2.221159426695198,0.0653395212820145,0.0441977370292842,3697447268.3417206,-0.3283787279360239,1,1,0.6666666666666666,45,1
XRP,2025-04-24,2.217823599038466,-0.0015029696060292,0.044176069726039,3755072754.021643,-0.3293873961060229,1,1,1.0,45,1
XRP,2025-04-25,2.206600349886956,-0.005073326314863,0.0441651182061464,3817488692.879984,-0.3327810169246074,1,1,1.0,45,1
XRP,2025-04-26,2.1852873809524738,-0.0097056835455458,0.0435638687837191,3830161325.53148,-0.3392255085424535,1,1,1.0,45,1
XRP,2025-04-27,2.1932493737799863,0.0036368321424784,0.0435760879612064,3831397768.090524,-0.3368180074478857,1,1,0.6666666666666666,45,1
XRP,2025-04-28,2.2566771719971905,0.0285092769828928,0.0425198555804867,3828538668.392501,-0.3176390786367114,0,0,0.0,45,1
XRP,2025-04-29,2.295967962237841,0.0172610711430868,0.0422161515696374,3852495579.495709,-0.3057585579479793,0,0,0.0,45,1
XRP,2025-04-30,2.2399407863578777,-0.0247050937749175,0.0425013237259317,3852906526.363348,-0.3226997296092321,0,0,0.3333333333333333,45,1
XRP,2025-05-01,2.1934727928877984,-0.0209633928246116,0.0424914114591159,3828910382.406048,-0.336750451277181,0,0,0.3333333333333333,45,1
XRP,2025-05-02,2.214308522234661,0.0094541371496064,0.0423122670337663,3779386804.001591,-0.3304502645908335,0,0,0.3333333333333333,45,1
XRP,2025-05-03,2.2089170454344824,-0.0024378044428327,0.0410683032279034,3661680095.162193,-0.3320805079958406,0,1,0.6666666666666666,45,1
XRP,2025-05-04,2.188707355411367,-0.0091912498455692,0.0410406526765531,3537879298.5232744,-0.3381913965517056,1,1,1.0,45,1
XRP,2025-05-05,2.1580623583353407,-0.0141003581184467,0.0407825409896676,3418991687.7889056,-0.3474576525760293,1,1,1.0,45,1
XRP,2025-05-06,2.1371617409153263,-0.0097321033322583,0.0407847794810826,3428916710.730336,-0.3537774597406317,1,1,1.0,45,1
XRP,2025-05-07,2.1553467775958843,0.0084729688459824,0.0350372928769285,3326950687.776687,-0.3482787740897333,1,0,0.3333333333333333,45,1
XRP,2025-05-08,2.1289110212370352,-0.0123410369383627,0.0350168892463637,3045741527.207835,-0.3562722643814773,1,1,0.6666666666666666,45,1
XRP,2025-05-09,2.318857034757937,0.0854638155013574,0.036116807995823,3009685029.7336426,-0.2988374932924881,1,1,0.6666666666666666,45,1
XRP,2025-05-10,2.34260418658349,0.0101888039538091,0.0271626012081045,2934341131.3957243,-0.291656967606088,1,1,0.6666666666666666,45,1
XRP,2025-05-11,2.465515991652043,0.0511379020264124,0.0271105115170096,2950862528.2012053,-0.2544916106849754,0,0,0.0,45,1
XRP,2025-05-12,2.3665185406774456,-0.0409812078566995,0.0282396426636602,2983094055.144681,-0.2844258842699999,1,0,0.3333333333333333,45,1
XRP,2025-05-13,2.5407166812994824,0.0710262942490156,0.028795887470366,3243585274.120984,-0.2317528634189817,0,0,0.3333333333333333,45,1
XRP,2025-05-14,2.5882656119238727,0.0185418042680126,0.0285404248142088,3327108543.342684,-0.2173752942596397,0,0,0.0,45,1
XRP,2025-05-15,2.552660064054796,-0.0138520256623155,0.028784154444203,3396803025.8470154,-0.2281414927886413,0,0,0.3333333333333333,45,1
XRP,2025-05-16,2.3780203600308965,-0.0708676177674014,0.0317444438723706,3488686021.7716007,-0.2809480310135552,0,0,0.3333333333333333,45,1
XRP,2025-05-17,2.387491166631724,0.0039747334642051,0.031723726533491,3511768214.7552686,-0.278084303583515,1,0,0.3333333333333333,45,1
XRP,2025-05-18,2.352615765613394,-0.0147152926466489,0.0318439754300089,3522084672.32904,-0.2886297245533741,1,0,0.3333333333333333,45,1
XRP,2025-05-19,2.4178990437197814,0.0273711984648927,0.0320904533385558,3566829447.923884,-0.2688897465223712,0,0,0.0,45,1
XRP,2025-05-20,2.380872760920828,-0.0154318726117044,0.0322906096462399,3637785686.151047,-0.2800855386183189,0,0,0.3333333333333333,45,1
XRP,2025-05-21,2.356578233921423,-0.01025646069895,0.0323557014226109,3680533326.7364855,-0.2874315764269646,0,0,0.3333333333333333,45,1
XRP,2025-05-22,2.40289962663494,0.0194655198256495,0.032473003027908,3730532841.9109206,-0.2734251830433453,0,0,0.0,45,1
XRP,2025-05-23,2.4284164339274192,0.0105631857812043,0.0304271305290053,3707403820.86938,-0.2657095592268754,0,0,0.3333333333333333,45,1
XRP,2025-05-24,2.2991928362328755,-0.0546812510675649,0.032194603858266,3667655585.44124,-0.304783439301042,0,1,0.6666666666666666,45,1
XRP,2025-05-25,2.3319094660057416,0.014129324694447,0.0322563887091208,3573123286.4744115,-0.2948907750277748,0,0,0.0,45,1
XRP,2025-05-26,2.3405861862412927,0.0037139596715952,0.0321837070553959,3528808379.695839,-0.2922671588154911,0,0,0.3333333333333333,45,1
XRP,2025-05-27,2.3082922649115565,-0.0138934330657397,0.0323172480808255,3502208411.5041966,-0.3020320069676484,0,0,0.3333333333333333,45,1
XRP,2025-05-28,2.318667768777442,0.0044848112717656,0.0319254023455865,3445427886.516332,-0.2988947224391448,0,0,0.3333333333333333,45,1
XRP,2025-05-29,2.2746048552552507,-0.0191864358253677,0.0319749088324895,3378797178.481008,-0.3122182100172745,0,0,0.3333333333333333,45,1
XRP,2025-05-30,2.250553816367613,-0.0106300207828399,0.0317067777462719,3368452691.902171,-0.3194906233064949,0,0,0.0,45,1
XRP,2025-05-31,2.1423194738068942,-0.0492872181968183,0.03276153296121,3372456275.51454,-0.352217894459559,1,1,0.6666666666666666,45,1
XRP,2025-06-01,2.177000081626197,0.0160587114075087,0.0328547800288086,3376206968.523261,-0.3417313739245572,0,0,0.3333333333333333,45,1
XRP,2025-06-02,2.1802830722675224,0.0015068982880432,0.0328549258191397,3368941740.0365577,-0.3407386823040454,0,0,0.3333333333333333,45,1
XRP,2025-06-03,2.2004265864927537,0.0091965264835136,0.0328574557415953,3390337699.918702,-0.3346478036011521,0,0,0.3333333333333333,45,1
XRP,2025-06-04,2.2486280245071963,0.0216690188284282,0.0329702600283987,3417708228.865989,-0.320072933051342,1,0,0.3333333333333333,45,1
XRP,2025-06-05,2.202322198067478,-0.020807915102272,0.0331603338335603,3401707582.723284,-0.3340746195956033,1,0,0.3333333333333333,45,1
XRP,2025-06-06,2.0970164299223453,-0.0489967613904878,0.0343523788703214,3429866628.330386,-0.3659163654456699,1,1,0.6666666666666666,45,1
XRP,2025-06-07,2.163852346114403,0.0313745398769361,0.0347755412216348,3373043006.5150843,-0.3457069097384498,1,1,0.6666666666666666,45,1
XRP,2025-06-08,2.1779065492597427,0.0064739901829044,0.0308982795151649,3247129231.885812,-0.3414572815123648,1,0,0.3333333333333333,45,1
XRP,2025-06-09,2.2629632981656744,0.0383110313845106,0.031699852194726,3123419725.440604,-0.3157383163578355,0,0,0.3333333333333333,45,1
XRP,2025-06-10,2.321075765224377,0.0253556218146126,0.0305624023244482,3071136868.5676675,-0.2981666064753023,0,0,0.3333333333333333,45,1
XRP,2025-06-11,2.305016386019404,-0.0069429847879353,0.0296850546039011,3026275543.156533,-0.303022548178798,0,0,0.0,45,1
XRP,2025-06-12,2.2701428874939213,-0.0152450097806139,0.0264855256740948,2754156317.698041,-0.3135673938839325,0,0,0.3333333333333333,45,1
XRP,2025-06-13,2.1954298391805,-0.0334649216833076,0.0266772186399949,2623007776.787968,-0.3361586909988348,0,1,0.6666666666666666,45,1
XRP,2025-06-14,2.148866270593598,-0.0214374668049344,0.0267949245927494,2589442999.069109,-0.3502383121148678,1,0,0.3333333333333333,45,1
XRP,2025-06-15,2.141891800480294,-0.0032509296214209,0.0238046938162979,2469505065.402861,-0.3523472118332635,1,0,0.3333333333333333,45,1
XRP,2025-06-16,2.166318490313782,0.0113397211069219,0.023921978644102,2388278471.645898,-0.3449612113953351,0,1,0.6666666666666666,45,1
XRP,2025-06-17,2.255537416572947,0.0403590882235976,0.0250954823526271,2457877518.549104,-0.317983711254556,0,0,0.0,45,1
XRP,2025-06-18,2.1632317759397,-0.0417849706858563,0.0255334907160874,2477731359.530248,-0.3458945541394459,0,1,0.6666666666666666,45,1
XRP,2025-06-19,2.1686830671349613,0.0025168057407641,0.0254595300667098,2445199815.0079374,-0.3442462244054565,0,1,0.6666666666666666,45,1
XRP,2025-06-20,2.166239439916603,-0.0011274146069356,0.0254257213279744,2402328678.573049,-0.3449851141947795,1,0,0.3333333333333333,45,1
XRP,2025-06-21,2.1201128146436803,-0.0215233854910379,0.0252885178919759,2343692244.8203664,-0.3589326149322266,1,0,0.3333333333333333,45,1
XRP,2025-06-22,2.044379922195215,-0.0363747747377674,0.0257923218980213,2306432655.901989,-0.3818322865865938,1,1,0.6666666666666666,45,1
XRP,2025-06-23,2.013512764553698,-0.0152136862102804,0.0241650280172745,2327975070.6059823,-0.391165718230913,1,1,0.6666666666666666,45,1
XRP,2025-06-24,2.1640075102022664,0.0720809907222198,0.0277496101087317,2415686621.686568,-0.3456599921237945,1,0,0.3333333333333333,45,1
XRP,2025-06-25,2.189036861724857,0.0114998264292383,0.0278458835811167,2456158102.848297,-0.3380917623486135,1,1,0.6666666666666666,45,1
XRP,2025-06-26,2.1839169388853152,-0.0023416324125393,0.0277587904711759,2475257303.076361,-0.3396398948460087,1,1,0.6666666666666666,45,1
XRP,2025-06-27,2.105597069865388,-0.0365209549569125,0.0284375695622287,2492635884.8394537,-0.3633218014335567,1,1,0.6666666666666666,45,1
XRP,2025-06-28,2.140945561649059,0.0166485121275182,0.0284960363932977,2510170781.6113896,-0.3526333300289554,1,0,0.3333333333333333,45,1
XRP,2025-06-29,2.185743305637095,0.0207083736596787,0.0287428086815171,2501157876.3953977,-0.3390876486873838,1,0,0.3333333333333333,45,1
XRP,2025-06-30,2.208077943964024,0.0101664721563339,0.0273107546713873,2432736040.740975,-0.3323342306193528,1,1,0.6666666666666666,45,1
XRP,2025-07-01,2.2397868943055363,0.014258296370307,0.0272784997371326,2480089075.613906,-0.3227462625931827,0,1,0.6666666666666666,45,1
XRP,2025-07-02,2.171453605552325,-0.0309839172672031,0.0278935853817455,2522112705.8663177,-0.3434084851086693,1,1,0.6666666666666666,45,1
XRP,2025-07-03,2.234339504341481,0.0285488530019595,0.0283370864275274,2582238265.795587,-0.3243934126955645,1,0,0.0,45,1
XRP,2025-07-04,2.2565985381225446,0.0099129472937651,0.0281148038510685,2624339297.8757377,-0.3176628554904943,1,1,0.6666666666666666,45,1
XRP,2025-07-05,2.220660517934634,-0.0160539256670433,0.0280059772599936,2625821084.47722,-0.3285295850660376,1,0,0.3333333333333333,45,1
XRP,2025-07-06,2.2177115630108464,-0.0013288454883689,0.026421450544736,2559314176.54457,-0.3294212729085984,1,0,0.3333333333333333,45,1
XRP,2025-07-07,2.27112345516268,0.0237987864887148,0.0261646435378783,2575303589.242785,-0.3132708955339621,1,0,0.3333333333333333,45,1
XRP,2025-07-08,2.275084085302051,0.0017423890599499,0.0261485860922582,2672733461.511784,-0.312073303222303,1,1,0.6666666666666666,45,1
XRP,2025-07-09,2.3106154308712163,0.0154968970484699,0.0253596005218859,2685508235.1952043,-0.3013295415532842,1,0,0.3333333333333333,45,1
XRP,2025-07-10,2.405267395272407,0.0401471711021069,0.0259915214569343,2740757889.665815,-0.272709230930617,1,0,0.0,45,1
XRP,2025-07-11,2.545678048107084,0.0567359576929356,0.0278391645134033,2829142791.0121465,-0.2302526741725686,1,0,0.0,45,1
XRP,2025-07-12,2.735777793849028,0.0720187426279447,0.0302850084439592,3208484785.0108066,-0.1727714184284876,1,0,0.0,45,1
XRP,2025-07-13,2.7403085663356155,0.0016547487466136,0.0293628718344069,3389574109.8519826,-0.1714014297890851,1,0,0.0,45,1
XRP,2025-07-14,2.836943449825265,0.0346566930283201,0.0292496748972032,3468598213.954539,-0.1421815356225333,1,0,0.0,45,1
XRP,2025-07-15,2.954285567242737,0.0405296282735359,0.0296927800583539,3767085694.06336,-0.1067003084672807,1,0,0.0,45,1
XRP,2025-07-16,2.917723690315136,-0.0124530966566424,0.0299918731148383,3977926742.7598696,-0.1177556762162305,1,0,0.3333333333333333,45,1
XRP,2025-07-17,3.0408154279719146,0.0413219581801164,0.0300260598943705,4088815243.349665,-0.0805359123253445,1,1,0.6666666666666666,45,1
XRP,2025-07-18,3.494535310837583,0.1390746962379107,0.0366948461592396,4619735676.514246,0.0,1,1,0.6666666666666666,45,1
XRP,2025-07-19,3.417044710420229,-0.0224243508258834,0.0372882847640777,5075741982.688542,-0.0221747939352717,0,0,0.3333333333333333,45,1
XRP,2025-07-20,3.43091157808989,0.0040499343275839,0.0372222491598979,5220173220.570996,-0.0182066361013372,0,1,1.0,45,1
XRP,2025-07-21,3.455651421168503,0.0071849918492616,0.0366061063125999,5411824881.510115,-0.011127055877355,0,1,1.0,45,1
XRP,2025-07-22,3.55629271011838,0.028707644771009,0.035282270221698,5613708186.23443,0.0,0,0,0.0,45,1
XRP,2025-07-23,3.5512409390828505,-0.0014215259851182,0.0349164016619085,5728985123.607106,-0.0014205160956397,0,1,0.6666666666666666,45,1
XRP,2025-07-24,3.178417252958248,-0.1109137490171307,0.0407971145569607,6037428275.951387,-0.1062554429462455,0,0,0.3333333333333333,45,1
XRP,2025-07-25,3.1443151661109243,-0.0107872404763958,0.0410241597358181,6280189674.256237,-0.1158446667888994,0,1,0.6666666666666666,45,1
XRP,2025-07-26,3.1383147630505817,-0.0019101570369324,0.0410190078832441,6458721221.05638,-0.1175319303381765,0,1,0.6666666666666666,45,1
XRP,2025-07-27,3.167241692335099,0.0091751243267167,0.0399872767796027,6499479797.069124,-0.1093979178587723,0,1,0.6666666666666666,45,1
XRP,2025-07-28,3.232752992185551,0.0204730132719531,0.0400033952629408,6555237901.093622,-0.0909766839530088,0,1,1.0,45,1
XRP,2025-07-29,3.1234939366799126,-0.034381867023192,0.0409261116810828,6727491876.152259,-0.1216994237305232,0,1,0.6666666666666666,45,1
XRP,2025-07-30,3.1280707477497427,0.0014642132389423,0.0409696380241699,6871128763.506618,-0.1204124624360245,0,1,0.6666666666666666,45,1
XRP,2025-07-31,3.0996192442543777,-0.0091371604808542,0.0411397965293596,6950234034.418428,-0.1284127891285981,0,1,0.6666666666666666,45,1
XRP,2025-08-01,3.0232512791444304,-0.0249464447278991,0.0409424906852776,7033290054.666814,-0.1498868272168198,0,0,0.3333333333333333,45,1
XRP,2025-08-02,2.961903198265873,-0.0205008006806864,0.041197397864544,7230885939.767478,-0.1671373984940405,1,0,0.0,45,1
XRP,2025-08-03,2.769267387192411,-0.0672492300449414,0.0435079589442863,7336534547.125098,-0.2213049900776505,1,0,0.3333333333333333,45,1
XRP,2025-08-04,2.9486352217251337,0.0627596225390432,0.0444482077832399,7437072932.52741,-0.170868243399745,1,0,0.0,45,1
XRP,2025-08-05,3.072790598228309,0.0412437117701056,0.0447705982123706,7583577070.34306,-0.1359567817672625,1,1,0.6666666666666666,45,1
XRP,2025-08-06,2.964998128724256,-0.0357097370412898,0.0454905464110452,7671292820.198195,-0.1662671297308486,1,0,0.3333333333333333,45,1
XRP,2025-08-07,2.992045726720115,0.0090809416623155,0.0454705306596698,7678140399.949175,-0.1586615696151408,1,1,0.6666666666666666,45,1
XRP,2025-08-08,3.3154332521736825,0.1026309665796087,0.0485685035189455,7847353960.54008,-0.0677276809244085,0,1,0.6666666666666666,45,1
XRP,2025-08-09,3.288160253111489,-0.0082600947826423,0.0484062026375115,7995945370.215365,-0.0753966219495935,0,0,0.3333333333333333,45,1
XRP,2025-08-10,3.229511537620619,-0.0179973157312981,0.0478604994409891,7979340896.23747,-0.0918881540791065,0,0,0.3333333333333333,45,1
XRP,2025-08-11,3.1838901988281205,-0.0142271169609765,0.0464476031984779,7667816239.204129,-0.1047164959820934,0,1,0.6666666666666666,45,1
XRP,2025-08-12,3.1394273590070134,-0.0140633685490405,0.0465757707710433,7663592406.245482,-0.1172190775875392,0,0,0.3333333333333333,45,1
XRP,2025-08-13,3.26747236546907,0.0399762955419005,0.0467043616228565,7739147562.06926,-0.0812138842867341,0,1,1.0,45,1
XRP,2025-08-14,3.2866811377117644,0.0058615738039497,0.0462138276181616,7651704450.303147,-0.0758125369263097,0,0,0.3333333333333333,45,1
XRP,2025-08-15,3.0872106726905346,-0.062610294578559,0.0476964002844393,7783773582.954482,-0.1319019764861343,0,0,0.3333333333333333,45,1
XRP,2025-08-16,3.077372948183996,-0.0031916941882531,0.0471160149937301,7743553262.885328,-0.1346682629840224,0,0,0.0,45,1
XRP,2025-08-17,3.106969288649059,0.0095714516698213,0.039247942334445,7237323603.37394,-0.1263460176354167,0,1,0.6666666666666666,45,1
XRP,2025-08-18,3.0953855433967075,-0.0037352776596469,0.0390920883500869,6819156941.257629,-0.1296032706785629,0,0,0.3333333333333333,45,1
XRP,2025-08-19,3.060621197547626,-0.0112945670390695,0.0390930509871206,6889439873.39209,-0.1393787162570919,0,0,0.3333333333333333,45,1
XRP,2025-08-20,2.8587366392387112,-0.0682381083895294,0.0407518412543977,6852394291.242587,-0.1961469788172889,1,0,0.3333333333333333,45,1
XRP,2025-08-21,2.952309340790555,0.0322078987824129,0.0408604548624164,6802748531.463262,-0.1698351116063559,0,0,0.3333333333333333,45,1
XRP,2025-08-22,2.8498230079250755,-0.0353308016191247,0.0411912579441189,6687962412.916697,-0.1986534179774499,1,0,0.3333333333333333,45,1
XRP,2025-08-23,3.0732747821154365,0.0754868074768048,0.0390302592049149,6570252851.705519,-0.1358206332759558,0,0,0.0,45,1
XRP,2025-08-24,3.0458254666203546,-0.0089717437205865,0.0390161602891822,6374367778.429426,-0.1435391530189969,0,0,0.3333333333333333,45,1
XRP,2025-08-25,3.02786808477519,-0.0059131841333834,0.0390260090941002,6326617717.489673,-0.1485886197836622,0,0,0.0,45,1
XRP,2025-08-26,2.862667277824852,-0.0561049646515108,0.0402292853290459,6422785059.733658,-0.1950417158632701,0,1,0.6666666666666666,45,1
XRP,2025-08-27,3.011834539503525,0.0507955698239481,0.0412177783635373,6485978913.940216,-0.1530971196678384,0,0,0.0,45,1
XRP,2025-08-28,2.967121719439904,-0.0149570097825543,0.0408483063170293,6461642704.4539385,-0.1656699936431452,0,0,0.0,45,1
XRP,2025-08-29,2.967184432226228,2.1135676091987262e-05,0.0408452866340803,6471202839.938595,-0.1656523593280212,0,0,0.0,45,1
XRP,2025-08-30,2.823231531748928,-0.0497313384445092,0.0417602661549761,6516276015.958128,-0.2061307204223497,1,1,0.6666666666666666,45,1
XRP,2025-08-31,2.8166293700860887,-0.0023412508902404,0.0415561725798489,6444966745.5401325,-0.2079871934972613,0,0,0.0,45,1
XRP,2025-09-01,2.776712609891609,-0.0142731976705444,0.041477907876862,6231221122.642567,-0.2192114552350278,1,0,0.0,45,1
XRP,2025-09-02,2.752094842681695,-0.0089053308921953,0.0396478447986953,6281994510.112098,-0.2261337670964422,1,0,0.0,45,1
XRP,2025-09-03,2.861352340590463,0.0389319767744396,0.0385668780929784,6383431141.066445,-0.1954114653022428,1,0,0.3333333333333333,45,1
XRP,2025-09-04,2.8440111306765328,-0.0060789337621243,0.0377382927585954,6349740722.525287,-0.2002876696328343,1,0,0.0,45,1
XRP,2025-09-05,2.797620314598713,-0.0164462574947455,0.0373166645265948,6332065211.874429,-0.2133323821633379,1,0,0.0,45,1
XRP,2025-09-06,2.8160947139230124,0.0065819037572133,0.0372940038912709,6410661546.209889,-0.2081375343737463,1,0,0.0,45,1
XRP,2025-09-07,2.810651604452461,-0.0019347277664357,0.0316326499062864,6209095296.966541,-0.2096680915899913,1,0,0.3333333333333333,45,1
XRP,2025-09-08,2.881098102223723,0.0247551628020021,0.0321043091640018,6038052140.925487,-0.1898591209811246,1,0,0.0,45,1
XRP,2025-09-09,2.9693752178894965,0.0301800593665943,0.0326020633574722,6064913262.416891,-0.16503632857863,1,0,0.0,45,1
XRP,2025-09-10,2.94711316566773,-0.007525463025224,0.0325439682491718,6102286415.859022,-0.1712962329330793,1,0,0.0,45,1
XRP,2025-09-11,2.9831115371091697,0.012140792439118,0.0325766564928795,5996956766.925046,-0.1611737895979126,1,0,0.0,45,1
XRP,2025-09-12,3.042189592870322,0.0196106212155526,0.0318829874068481,5890688834.765644,-0.144561530547058,0,0,0.0,45,1
XRP,2025-09-13,3.1075619727179338,0.02126097018673,0.0321431760056685,5837761561.343156,-0.1261793597933363,0,1,0.6666666666666666,45,1
XRP,2025-09-14,3.1226735093963653,0.0048510417804557,0.0300379910813472,5616821675.049195,-0.1219301210747584,0,0,0.0,45,1
XRP,2025-09-15,3.031263732351221,-0.0297099229809957,0.0305328485270981,5554525832.6958885,-0.1476337918623358,0,0,0.3333333333333333,45,1
XRP,2025-09-16,2.994086127054337,-0.0123405538186892,0.0305456183082948,5604391777.629943,-0.1580878259723813,0,0,0.0,45,1
XRP,2025-09-17,3.0381334165695297,0.0146042669959073,0.0306770600177239,5635458751.980307,-0.1457020936647259,0,0,0.0,45,1
XRP,2025-09-18,3.083983468328553,0.0149787760917535,0.0307368504334132,5571067524.390948,-0.1328094395734104,0,0,0.3333333333333333,45,1
XRP,2025-09-19,3.0778034182571985,-0.0020059285585018,0.027894907476273,5555978345.439447,-0.1345472183714748,0,0,0.0,45,1
XRP,2025-09-20,2.9911678094786853,-0.0285522837827489,0.0278664064471243,5480696283.284334,-0.1589084326584813,0,0,0.3333333333333333,45,1
XRP,2025-09-21,2.976731672584084,-0.0048379384053774,0.0270613134522369,5426947159.311533,-0.1629677545623076,0,0,0.0,45,1
XRP,2025-09-22,2.9733496913212485,-0.0011367850018176,0.023168807359205,5200600248.710598,-0.1639187396297665,0,0,0.3333333333333333,45,1
XRP,2025-09-23,2.851139194678168,-0.0419705276283522,0.0243105155159342,5367953681.944114,-0.1982833171841862,0,0,0.3333333333333333,45,1
XRP,2025-09-24,2.8290556379505225,-0.0077756727170685,0.0243226954574539,5335271307.277032,-0.2044930300868428,1,0,0.0,45,1
XRP,2025-09-25,2.928588968123988,0.0345777670579263,0.0229996559077141,5312921635.590567,-0.176505083568753,0,0,0.0,45,1
XRP,2025-09-26,2.7391226387021668,-0.0668830619163878,0.0241765762764978,5401623283.789044,-0.2297814432122522,1,0,0.3333333333333333,45,1
XRP,2025-09-27,2.78626651562758,0.0170648689770498,0.0243442499852221,5451469245.409958,-0.2165249762202976,1,0,0.3333333333333333,45,1
XRP,2025-09-28,2.807776119760716,0.0076902203077757,0.0244074360409704,5345157206.447895,-0.2104766540245636,1,0,0.3333333333333333,45,1
XRP,2025-09-29,2.864956739306865,0.0201604967792689,0.0229720027234308,5202219227.408202,-0.1943979382924591,1,0,0.3333333333333333,45,1
XRP,2025-09-30,2.8820677870561946,0.0059547678047646,0.02298668574864,5263758100.848314,-0.1895864536526697,1,0,0.3333333333333333,45,1
XRP,2025-10-01,2.844933401817261,-0.012968359686369,0.0229584658467609,5317980349.49113,-0.2000283346410593,1,0,0.0,45,1
XRP,2025-10-02,2.94479751207665,0.0345003997765125,0.023681491476605,5249995270.746285,-0.1719473755076181,1,0,0.0,45,1
XRP,2025-10-03,3.0371524340279654,0.030880318879019,0.0232939538227555,5221355775.55455,-0.1459779378152294,0,0,0.0,45,1
XRP,2025-10-04,3.0413663901904453,0.001386507785669,0.0232446329193696,5302973555.605285,-0.1447930083097108,0,0,0.0,45,1
XRP,2025-10-05,2.9697246277119143,-0.0238376543200075,0.0234873913986631,5287599331.16127,-0.1649380774359657,0,0,0.3333333333333333,45,1
XRP,2025-10-06,2.970720012302302,0.0003351212442916,0.023472964208456,5247108401.082788,-0.1646581835488412,0,0,0.0,45,1
XRP,2025-10-07,2.991602626695257,0.0070048875403323,0.0234808990726002,5399317626.597107,-0.1587861656652908,0,0,0.0,45,1
XRP,2025-10-08,2.857057632365177,-0.0460169439769356,0.02465023545867,5506481611.63547,-0.1966191016177426,0,0,0.3333333333333333,45,1
XRP,2025-10-09,2.8805684212621,0.0081953477854346,0.0240325389984911,5471588118.362922,-0.1900080628722451,0,0,0.3333333333333333,45,1
XRP,2025-10-10,2.8050759101908103,-0.0265570421019457,0.0244578247980897,5456307556.94936,-0.2112359305493061,0,0,0.3333333333333333,45,1
XRP,2025-10-11,2.3838350726730484,-0.1627200351808368,0.0380936906571174,5795598307.10912,-0.3296853586065764,1,0,0.3333333333333333,45,1
XRP,2025-10-12,2.385904536258076,0.0008677470405341,0.0377866066248144,5971071404.690308,-0.329103442618857,0,1,0.6666666666666666,45,1
XRP,2025-10-13,2.5312630934147733,0.0591401116416127,0.0393999553449548,6077762087.217668,-0.2882298225304087,0,1,0.6666666666666666,45,1
XRP,2025-10-14,2.60498951616126,0.0287102261245931,0.0398818831778751,6189602084.776852,-0.267498564235297,0,0,0.3333333333333333,45,1
XRP,2025-10-15,2.5061812994119887,-0.0386684506999028,0.0400981608388776,6292025947.327086,-0.295282614875488,0,0,0.3333333333333333,45,1
XRP,2025-10-16,2.4107851679488945,-0.0388077097190516,0.0405236301941835,6272379911.472518,-0.3221072154466595,1,0,0.3333333333333333,45,1
XRP,2025-10-17,2.3252186675017006,-0.0361384051168324,0.0406399790108805,6341115573.731768,-0.3461678053423505,1,0,0.3333333333333333,45,1
XRP,2025-10-18,2.2957327819062083,-0.0127619976582474,0.0403924295148692,6380375916.286553,-0.3544589916981864,1,1,1.0,45,1
XRP,2025-10-19,2.3596315316088416,0.0274533886766729,0.0409437542634587,6255575962.279025,-0.3364911935130628,1,0,0.0,45,1
XRP,2025-10-20,2.389625527633369,0.0126311944951289,0.0409510404123667,6200019112.946639,-0.328057130720878,1,0,0.0,45,1
XRP,2025-10-21,2.490117031449711,0.041193039285571,0.0419048552430233,6245541760.083317,-0.2997997537253278,1,0,0.3333333333333333,45,1
XRP,2025-10-22,2.4235930180546776,-0.0270785526856509,0.0420694469349866,6304360788.174632,-0.3185057542763396,1,0,0.3333333333333333,45,1
XRP,2025-10-23,2.3631248548137456,-0.025266323043873,0.0416969933673224,6123410488.528094,-0.3355089000154087,1,0,0.3333333333333333,45,1
XRP,2025-10-24,2.3942046738111324,0.0130662637473887,0.0418441995722549,6044326231.357129,-0.3267695128134052,1,0,0.0,45,1
XRP,2025-10-25,2.504825180033832,0.0451678457196545,0.0422373321606085,5976002828.430197,-0.2956639443915592,1,0,0.3333333333333333,45,1
XRP,2025-10-26,2.593725390920985,0.0348762734223132,0.0411866918770517,5797564472.551509,-0.2706659427832513,0,0,0.3333333333333333,45,1
XRP,2025-10-27,2.645881508384711,0.0199090661642036,0.0412349021583302,5647928242.425849,-0.2560000753434505,0,0,0.3333333333333333,45,1
XRP,2025-10-28,2.6352743169545323,-0.0040170015975232,0.0411981235667434,5709751284.648081,-0.2589827295552366,0,0,0.0,45,1
XRP,2025-10-29,2.607884184498703,-0.0104480463867375,0.0410060464485023,5774799085.231579,-0.2666846075187402,0,0,0.3333333333333333,45,1
XRP,2025-10-30,2.552145580993161,-0.0216048255949056,0.0411040053852625,5764387428.22925,-0.2823578403060623,0,0,0.3333333333333333,45,1
XRP,2025-10-31,2.437336501180224,-0.0460285644979486,0.0417887571231535,5790391547.810305,-0.3146412008647368,0,0,0.3333333333333333,45,1
XRP,2025-11-01,2.508113131691548,0.0286248848820296,0.0416098844126148,5733285366.189657,-0.2947393996688032,0,0,0.3333333333333333,45,1
XRP,2025-11-02,2.504613534721328,-0.0013962850048216,0.04105435495245,5558786326.358954,-0.2957234572972044,0,1,0.6666666666666666,45,1
XRP,2025-11-03,2.527623366103904,0.0091450351795352,0.0411296353394924,5406591686.034978,-0.2892532836478003,0,0,0.3333333333333333,45,1
XRP,2025-11-04,2.3075208080429306,-0.0911057753337214,0.0438686095981178,5469581119.905591,-0.3511442965654762,0,1,1.0,45,1
XRP,2025-11-05,2.2139228610122434,-0.0414077127026967,0.0442420826909148,5598710544.716666,-0.3774632625955731,1,1,0.6666666666666666,45,1
XRP,2025-11-06,2.34683004244604,0.0582995072174021,0.0458750400762291,5604092313.859753,-0.3400908660389993,1,0,0.3333333333333333,45,1
XRP,2025-11-07,2.2091841302505792,-0.0604422239023374,0.0463593102176728,5549605245.583048,-0.3787957543638074,1,1,0.6666666666666666,45,1
XRP,2025-11-08,2.315839328722371,0.0471489072953753,0.0473794307643317,5584917052.982043,-0.3488051975774281,1,0,0.3333333333333333,45,1
XRP,2025-11-09,2.28488170638292,-0.0134579294614322,0.0472557914987835,5505911419.380292,-0.3575102240932069,1,0,0.3333333333333333,45,1
XRP,2025-11-10,2.366057070769261,0.0349106330989453,0.0375553309280794,5121121884.136407,-0.3346843852202196,0,0,0.3333333333333333,45,1
XRP,2025-11-11,2.5281078242198647,0.0662462408912109,0.0394704794012623,4964260114.261247,-0.2891170580456212,0,1,0.6666666666666666,45,1
XRP,2025-11-12,2.390172266260892,-0.0561056860813893,0.039318335006226,4780784396.90481,-0.3279033923556508,0,1,0.6666666666666666,45,1
XRP,2025-11-13,2.3832389457846697,-0.0029049771930485,0.0388906403298467,4653296380.887734,-0.3298529845409329,0,1,0.6666666666666666,45,1
XRP,2025-11-14,2.331388577331738,-0.0219964180835482,0.0384798150071495,4633677387.33483,-0.3444328778960009,0,0,0.3333333333333333,45,1
XRP,2025-11-15,2.2488473348561304,-0.0360462566741644,0.03839294938924,4686910286.526049,-0.3676427903536455,0,0,0.3333333333333333,45,1
XRP,2025-11-16,2.235455773730874,-0.0059726564464092,0.0378680704201647,4564375637.2035055,-0.3714083862190125,0,1,1.0,45,1
XRP,2025-11-17,2.218219988506596,-0.0077400655961547,0.0378267884829633,4463858912.478032,-0.3762549460016869,0,1,1.0,45,1
XRP,2025-11-18,2.160590388035999,-0.0263235551427511,0.0376988135329612,4577907869.775332,-0.3924599114441066,0,1,0.6666666666666666,45,1
XRP,2025-11-19,2.2139034771189343,0.0243757245888903,0.0379263556302867,4666960884.77382,-0.3774687131855243,0,0,0.3333333333333333,45,1
XRP,2025-11-20,2.1066834909527383,-0.0496423310616618,0.0379399588627316,4727923513.69913,-0.4076180835849667,1,1,0.6666666666666666,45,1
XRP,2025-11-21,2.0000407183731164,-0.0519473661312515,0.038690286818193,4790798134.288384,-0.4376051463135778,1,1,0.6666666666666666,45,1
XRP,2025-11-22,1.950091461265794,-0.0252912648502962,0.0386907064091893,4945052344.240975,-0.4516504629336654,1,0,0.3333333333333333,45,1
XRP,2025-11-23,1.9508235490170465,0.0003753415585407,0.0385395727843163,4949835161.398855,-0.4514446059328709,1,0,0.0,45,1
XRP,2025-11-24,2.0449210167731326,0.0471075498965654,0.0386313283432843,4951329687.663382,-0.4249851788198103,1,0,0.3333333333333333,45,1
XRP,2025-11-25,2.2241484224164743,0.0840149447155285,0.0414001609774391,5054042686.557031,-0.374587919580321,0,1,1.0,45,1
XRP,2025-11-26,2.198943734656816,-0.0113969864006701,0.0411411578565331,5105405126.114864,-0.3816752686300621,0,1,1.0,45,1
XRP,2025-11-27,2.224254821804325,0.0114448235152615,0.0412656882645631,5081523830.485995,-0.3745580009553585,0,0,0.3333333333333333,45,1
XRP,2025-11-28,2.201122232723185,-0.0104546118863793,0.0412657145936075,5003147611.534141,-0.3810626930509567,0,1,1.0,45,1
XRP,2025-11-29,2.180631384763347,-0.0093528751821029,0.041162892019264,4986393584.463784,-0.3868245494643889,1,1,1.0,45,1
XRP,2025-11-30,2.2028096835323647,0.0101192135015187,0.0405159348697051,4869865634.429499,-0.3805881958858671,0,1,0.6666666666666666,45,1
XRP,2025-12-01,2.1652461437750383,-0.0171996271404037,0.0401299860473623,4785813044.691041,-0.3911507515637084,0,1,0.6666666666666666,45,1
XRP,2025-12-02,2.0310598795228767,-0.0639762823248081,0.0415431892877373,4903406335.981877,-0.4288828155949886,1,1,0.6666666666666666,45,1
XRP,2025-12-03,2.1570887957334866,0.0602017679290032,0.0432380508804604,4976393456.389867,-0.3934445301433912,0,1,0.6666666666666666,45,1
XRP,2025-12-04,2.203321627854195,0.0212065196874504,0.0403143869267621,4910191472.177816,-0.3804442413906778,0,0,0.3333333333333333,45,1
XRP,2025-12-05,2.0971829811461946,-0.0493710459112987,0.0406110654858066,4719600940.413235,-0.4102895481074209,1,0,0.3333333333333333,45,1
XRP,2025-12-06,2.0358303092663843,-0.0296912565863268,0.0392759423699991,4611764343.215419,-0.4275414103360978,1,0,0.3333333333333333,45,1
XRP,2025-12-07,2.032677777533064,-0.0015497240251223,0.0378413516164255,4491865397.4061165,-0.4284278760998273,1,1,0.6666666666666666,45,1
XRP,2025-12-08,2.039660348972326,0.0034292723566743,0.0366763080972572,4399542601.826572,-0.4264644349524224,0,0,0.3333333333333333,45,1
XRP,2025-12-09,2.073039044939783,0.016232369876533,0.0368191019250287,4399399000.791996,-0.4170786226224959,0,0,0.3333333333333333,45,1
XRP,2025-12-10,2.1094322825594976,0.0174031826174638,0.036328994699684,4417700306.156871,-0.4068451461945944,0,0,0.3333333333333333,45,1
XRP,2025-12-11,2.0443398468981213,-0.0313439267597911,0.0341414736273219,4346338179.8634205,-0.425148598966121,0,1,0.6666666666666666,45,1
XRP,2025-12-12,2.036028301991718,-0.0040739247531505,0.0328627387631777,4329404253.617155,-0.4274857364246759,0,0,0.3333333333333333,45,1
XRP,2025-12-13,2.009806618706698,-0.0129624915295617,0.032888274489285,4267820326.218687,-0.4348590561771287,0,0,0.3333333333333333,45,1
XRP,2025-12-14,2.0236207828673027,0.006849865783782,0.0328164155160704,4082369002.932056,-0.4309746278449781,0,0,0.3333333333333333,45,1
XRP,2025-12-15,1.9808608019799367,-0.0213568749222461,0.0324403067296049,3914077641.80181,-0.4429983796485642,0,0,0.0,45,1
SHIB,2024-12-20,2.170527559421689e-05,-0.0015318528612333232,0.040547743033962975,9118911905.32381,0.0,1,1,0.6666666666666666,45,0
SHIB,2024-12-21,2.2515397826907448e-05,0.0366440770740721,0.040547743033962975,9118911905.32381,0.0,1,0,0.3333333333333333,45,0
SHIB,2024-12-22,2.171082402945258e-05,-0.0363884836276785,0.040547743033962975,9118911905.32381,-0.0357343806953899,0,1,1.0,45,0
SHIB,2024-12-23,2.1470500849834685e-05,-0.0111309998757365,0.040547743033962975,9118911905.32381,-0.0464081063592861,1,0,0.0,45,0
SHIB,2024-12-24,2.2469064508327863e-05,0.0454595129020622,0.040547743033962975,9118911905.32381,-0.0020578503180704,0,1,0.6666666666666666,45,0
SHIB,2024-12-25,2.354170113094416e-05,0.0466339123543773,0.040547743033962975,9118911905.32381,0.0,0,1,0.6666666666666666,45,0
SHIB,2024-12-26,2.2887408329380538e-05,-0.0281864600442271,0.040547743033962975,9118911905.32381,-0.0277929278740009,0,0,0.3333333333333333,45,0
SHIB,2024-12-27,2.151598972336132e-05,-0.0617905379393743,0.040547743033962975,9118911905.32381,-0.0860477922268819,0,1,0.6666666666666666,45,0
SHIB,2024-12-28,2.1622826686277773e-05,0.004953180927823,0.040547743033962975,9118911905.32381,-0.0815095915963412,0,1,1.0,45,0
SHIB,2024-12-29,2.213338621258935e-05,0.0233376092234825,0.040547743033962975,9118911905.32381,-0.0598221390426055,1,1,0.6666666666666666,45,0
SHIB,2024-12-30,2.138685558037187e-05,-0.0343106488364865,0.040547743033962975,9118911905.32381,-0.0915331283235037,1,1,1.0,45,0
SHIB,2024-12-31,2.109678674523057e-05,-0.0136557661686631,0.040547743033962975,9118911905.32381,-0.1038546183266209,1,1,0.6666666666666666,45,0
SHIB,2025-01-01,2.116796286084577e-05,0.0033681109465807,0.040547743033962975,9118911905.32381,-0.1008312125319715,1,1,0.6666666666666666,45,0
SHIB,2025-01-02,2.160833601555852e-05,0.0205903140099448,0.040547743033962975,9118911905.32381,-0.0821251236107293,1,1,1.0,45,0
SHIB,2025-01-03,2.2889054414177347e-05,0.0575796562287597,0.040547743033962975,9118911905.32381,-0.0277230057903056,0,1,0.6666666666666666,45,0
SHIB,2025-01-04,2.437940530030844e-05,0.0630799077086542,0.040547743033962975,9118911905.32381,0.0,0,1,0.6666666666666666,45,0
SHIB,2025-01-05,2.4327078842405968e-05,-0.0021486452555409,0.040547743033962975,9118911905.32381,-0.0021463385697027,0,1,0.6666666666666666,45,0
SHIB,2025-01-06,2.3944194146974867e-05,-0.0158642066733293,0.040547743033962975,9118911905.32381,-0.0178515902243137,0,0,0.0,45,0
SHIB,2025-01-07,2.403150681020591e-05,0.0036398742649789,0.040547743033962975,9118911905.32381,-0.0142701795149253,0,1,1.0,45,0
SHIB,2025-01-08,2.1828037165130384e-05,-0.0961705012011768,0.040547743033962975,9118911905.32381,-0.1046525993456359,0,0,0.0,45,0
SHIB,2025-01-09,2.130255273708476e-05,-0.0243683396123442,0.040547743033962975,9118911905.32381,-0.1262070393154648,0,0,0.3333333333333333,45,0
SHIB,2025-01-10,2.108403372283354e-05,-0.0103108539027231,0.040547743033962975,9118911905.32381,-0.1351703020185322,1,1,0.6666666666666666,45,0
SHIB,2025-01-11,2.1581616967285887e-05,0.0233258275551108,0.040547743033962975,9118911905.32381,-0.1147603191529513,1,1,1.0,45,0
SHIB,2025-01-12,2.221258642021289e-05,0.0288171980867211,0.040547743033962975,9118911905.32381,-0.0888790704040731,0,1,0.6666666666666666,45,0
SHIB,2025-01-13,2.153169093043295e-05,-0.0311332374538916,0.040547743033962975,9118911905.32381,-0.1168081967052517,1,1,1.0,45,0
SHIB,2025-01-14,2.1203341058920377e-05,-0.0153670802513011,0.040547743033962975,9118911905.32381,-0.1302765265298689,1,1,0.6666666666666666,45,0
SHIB,2025-01-15,2.164308152690397e-05,0.0205270770403578,0.040547743033962975,9118911905.32381,-0.1122391518455065,0,1,1.0,45,0
SHIB,2025-01-16,2.283435722181773e-05,0.0535804540060495,0.040547743033962975,9118911905.32381,-0.0633751340304908,0,1,0.6666666666666666,45,0
SHIB,2025-01-17,2.1998408479531475e-05,-0.037296188524098,0.040547743033962975,9118911905.32381,-0.0976642699625998,0,1,1.0,45,0
SHIB,2025-01-18,2.4222138688772824e-05,0.0962969279162378,0.040547743033962975,626880766.237357,-0.0064507976957757,0,1,0.6666666666666666,45,0
SHIB,2025-01-19,2.271964905736459e-05,-0.0640368895034367,0.0423829904823166,596049140.7598814,-0.0680802596494364,0,0,0.3333333333333333,45,0
SHIB,2025-01-20,2.0292941420535845e-05,-0.1129570350074736,0.0466901890818089,582983447.9323678,-0.1676195062773287,0,1,0.6666666666666666,45,0
SHIB,2025-01-21,2.027424612363711e-05,-0.0009216955551521,0.04627495255346,588212784.283192,-0.1683863542241283,0,0,0.0,45,0
SHIB,2025-01-22,2.090194963438395e-05,0.030491021809689,0.0466231347757049,588449469.2383294,-0.1426390686355458,0,0,0.0,45,0
SHIB,2025-01-23,2.0181738875930192e-05,-0.0350642590667432,0.0461782575952724,574316302.849715,-0.1721808375828239,0,0,0.3333333333333333,45,0
SHIB,2025-01-24,2.0147707571149698e-05,-0.0016876657557164,0.0451987751422253,566972884.097139,-0.1735767413943112,0,0,0.0,45,0
SHIB,2025-01-25,1.9911887954216567e-05,-0.0117735757381697,0.0450097526065256,557646319.1716875,-0.1832496441590947,0,0,0.0,45,0
SHIB,2025-01-26,1.99756547601229e-05,0.0031973320937139,0.0437095504463363,546594455.5730087,-0.1806340427889691,0,0,0.0,45,0
SHIB,2025-01-27,1.907583837811119e-05,-0.0460917422200035,0.0443984698033754,537059010.9383743,-0.2175429161157654,0,0,0.0,45,0
SHIB,2025-01-28,1.8937559569613283e-05,-0.0072752990202048,0.0440950275436454,545274013.4724505,-0.2232148677813033,0,0,0.3333333333333333,45,0
SHIB,2025-01-29,1.7968049667482056e-05,-0.0525520666437886,0.0446328091465041,542126670.5308967,-0.2629824457918695,0,0,0.3333333333333333,45,0
SHIB,2025-01-30,1.8301175608699823e-05,0.0183701364855824,0.0448211860782076,535420805.1534978,-0.2493182100521424,0,0,0.3333333333333333,45,0
SHIB,2025-01-31,1.868444404782593e-05,0.0207260098686426,0.0450409408914195,527620424.95614606,-0.2335972179112365,0,0,0.3333333333333333,45,0
SHIB,2025-02-01,1.887417661345965e-05,0.0101033624903891,0.0448826460765661,527284127.7065429,-0.2258147243148354,0,0,0.0,45,0
SHIB,2025-02-02,1.768461049418517e-05,-0.0650998732838994,0.0446185226025203,517691135.8035263,-0.2746086183668544,0,0,0.3333333333333333,45,0
SHIB,2025-02-03,1.5461478424456613e-05,-0.1343431301770502,0.0481048309713888,516794745.2264372,-0.3657975560108924,0,0,0.3333333333333333,45,0
SHIB,2025-02-04,1.6758652321727645e-05,0.080563013828079,0.0511512175532209,549407043.9509792,-0.3125897816090033,0,0,0.3333333333333333,45,0
SHIB,2025-02-05,1.5795483129033613e-05,-0.0591906601699586,0.0518584965380954,555263642.3664541,-0.3520972749555225,0,1,0.6666666666666666,45,0
SHIB,2025-02-06,1.5768798822590807e-05,-0.00169079168921,0.0518055486738248,548527596.076671,-0.3531918179156196,1,0,0.3333333333333333,45,0
SHIB,2025-02-07,1.484594708761407e-05,-0.0603063249582173,0.0502350431145114,534587429.6052132,-0.3910455605975652,1,1,0.6666666666666666,45,0
SHIB,2025-02-08,1.5094685840596346e-05,0.016615846186916,0.0504677139841595,525160861.1827572,-0.3808427377674641,1,0,0.3333333333333333,45,0
SHIB,2025-02-09,1.596017626980966e-05,0.0557538856426966,0.0519404926898966,516316504.5832681,-0.3453418541916713,1,1,0.6666666666666666,45,0
SHIB,2025-02-10,1.5698371787074686e-05,-0.0165396372883667,0.0515862732992181,508720514.9639314,-0.3560806101010151,1,0,0.3333333333333333,45,0
SHIB,2025-02-11,1.5793461323522236e-05,0.0060390149473997,0.0511517613677462,502360760.9133313,-0.3521802058345359,1,0,0.3333333333333333,45,0
SHIB,2025-02-12,1.5700233749412447e-05,-0.0059204133529577,0.0510227937081227,501985419.88408667,-0.3560042357057079,1,0,0.3333333333333333,45,0
SHIB,2025-02-13,1.7009109329531596e-05,0.0800734427162518,0.0536200165246424,496287447.5106196,-0.3023164790112249,0,0,0.3333333333333333,45,0
SHIB,2025-02-14,1.6306311871297802e-05,-0.0421967792313267,0.0537184487519125,494700895.7464615,-0.3311439852434996,0,1,0.6666666666666666,45,0
SHIB,2025-02-15,1.67319408149635e-05,0.025767252111509,0.0528259310288424,485294028.1674614,-0.3136854402780769,0,0,0.3333333333333333,45,0
SHIB,2025-02-16,1.6326046103467224e-05,-0.0245577633831499,0.0526529052971077,475867645.56297296,-0.3303345220131077,0,0,0.3333333333333333,45,0
SHIB,2025-02-17,1.596285016010297e-05,-0.0224975954163444,0.0487068862221517,445479046.66791767,-0.3452321759505342,0,0,0.3333333333333333,45,0
SHIB,2025-02-18,1.5733564465184877e-05,-0.0144678631386987,0.0477793720988987,429641788.644237,-0.3546370688137408,0,0,0.3333333333333333,45,0
SHIB,2025-02-19,1.52157279950267e-05,-0.0334666650029574,0.0440612618268452,392698434.10310966,-0.3758778031048116,1,0,0.3333333333333333,45,0
SHIB,2025-02-20,1.539324097033591e-05,0.0115988856491944,0.0442053422152268,358531882.9288954,-0.3685965354478453,0,0,0.3333333333333333,45,0
SHIB,2025-02-21,1.55682197532666e-05,0.0113031260016549,0.0437479941619975,342487055.70425683,-0.3614192158711255,0,0,0.3333333333333333,45,0
SHIB,2025-02-22,1.508598865386535e-05,-0.0314652317129689,0.0436812660337133,340526636.36445326,-0.3811994809539308,0,0,0.3333333333333333,45,0
SHIB,2025-02-23,1.5620460732317345e-05,0.0348152309494586,0.0444144115373681,331554306.7842586,-0.3592763834924339,0,0,0.3333333333333333,45,0
SHIB,2025-02-24,1.547576272647116e-05,-0.009306535271949,0.0444103937677464,325568111.09943515,-0.3652116392570343,0,1,1.0,45,0
SHIB,2025-02-25,1.3618030815978711e-05,-0.1278803950677054,0.0493978213770907,331543766.0541913,-0.4414125099349153,1,1,0.6666666666666666,45,0
SHIB,2025-02-26,1.4089719762457833e-05,0.0340507266600501,0.0496998059214732,340725737.50159687,-0.42206466528207,1,1,0.6666666666666666,45,0
SHIB,2025-02-27,1.4370458550186237e-05,0.0197291732203613,0.0499963798332452,330669599.31170887,-0.4105492577374547,0,0,0.3333333333333333,45,0
SHIB,2025-02-28,1.4430994615339295e-05,0.0042036874979513,0.0493692217384046,327495982.867732,-0.4080661756274784,0,0,0.3333333333333333,45,0
SHIB,2025-03-01,1.3943722124082336e-05,-0.0343489172950147,0.0493619859791711,329516605.15666,-0.4280532296698013,0,0,0.3333333333333333,45,0
SHIB,2025-03-02,1.3640458975857408e-05,-0.0219890789217536,0.0490883483916399,326316689.1899621,-0.4404925465640937,0,0,0.3333333333333333,45,0
SHIB,2025-03-03,1.5132756888953644e-05,0.1038214235098043,0.0532496566893562,327304579.3911068,-0.379281130833729,0,0,0.3333333333333333,45,0
SHIB,2025-03-04,1.2907393628072152e-05,-0.1590614279722416,0.0591941741138323,331040452.191783,-0.4705615879847219,0,0,0.3333333333333333,45,0
SHIB,2025-03-05,1.3083873433257073e-05,0.0135801395879192,0.0544967169563512,322512850.34487545,-0.4633226991352598,0,0,0.3333333333333333,45,0
SHIB,2025-03-06,1.3381158617652502e-05,0.022467207967592,0.0523193299184446,276656852.1156081,-0.4511285877230479,0,1,1.0,45,0
SHIB,2025-03-07,1.3422366670975497e-05,0.0030748258183376,0.0514255417725681,263411796.54871872,-0.4494383064050506,0,0,0.3333333333333333,45,0
SHIB,2025-03-08,1.3131245997973966e-05,-0.0219278891770253,0.0515075100663971,261828335.180022,-0.4613795604846917,0,0,0.3333333333333333,45,0
SHIB,2025-03-09,1.2653599706487788e-05,-0.0370528443687903,0.0508342380149221,256102084.33349392,-0.4809717648720618,0,1,0.6666666666666666,45,0
SHIB,2025-03-10,1.165679097262232e-05,-0.082052810184165,0.0525292958925118,253041944.65360376,-0.5218590925811122,1,0,0.3333333333333333,45,0
SHIB,2025-03-11,1.153067141105278e-05,-0.0108783620403353,0.0511030865008104,257713088.7298864,-0.5270322934863838,1,1,1.0,45,0
SHIB,2025-03-12,1.2038148674217478e-05,0.0430700992111136,0.0520242497200632,262051769.1505816,-0.5062164755074983,1,1,1.0,45,0
SHIB,2025-03-13,1.2333986592517118e-05,0.0242779260764526,0.0523100219708374,263380699.0801147,-0.4940817283856766,1,1,1.0,45,0
SHIB,2025-03-14,1.20115326806431e-05,-0.0264913445453394,0.0524132741446773,260165894.41928107,-0.5073082163947971,1,1,0.6666666666666666,45,0
SHIB,2025-03-15,1.2808661594578358e-05,0.0642543841636171,0.0515596355048453,251771279.81568065,-0.4746114010247694,1,1,0.6666666666666666,45,0
SHIB,2025-03-16,1.2831691418540113e-05,0.0017963738754296,0.0512207777760412,246199408.9025103,-0.4736667584595358,1,1,0.6666666666666666,45,0
SHIB,2025-03-17,1.3132370821439795e-05,0.0231622342145039,0.051163756380761,246287958.73502573,-0.4613334222195465,0,1,1.0,45,0
SHIB,2025-03-18,1.296574411593026e-05,-0.0127694256890147,0.0510779946537301,247174493.39436248,-0.4681681543820832,0,1,1.0,45,0
SHIB,2025-03-19,1.2546060675609051e-05,-0.0329040856392825,0.0512172293154954,246884869.64518297,-0.4853828253369935,1,1,0.6666666666666666,45,0
SHIB,2025-03-20,1.2961183289692163e-05,0.0325522640590554,0.0517302609391701,245708141.4979261,-0.4683552313916293,1,1,1.0,45,0
SHIB,2025-03-21,1.2954482920674014e-05,-0.0005170902505887,0.0514863316394822,243694791.7299846,-0.4686300686542948,1,1,0.6666666666666666,45,0
SHIB,2025-03-22,1.2519691846575462e-05,-0.0341391472469262,0.0516436943369259,242836853.50019416,-0.4864644279728567,1,1,0.6666666666666666,45,0
SHIB,2025-03-23,1.278707468735552e-05,0.0211321182180524,0.0517940364380101,241153513.86962184,-0.4754968577025238,1,1,1.0,45,0
SHIB,2025-03-24,1.2922105813633066e-05,0.0105046030507664,0.0516647847825315,237383727.84321928,-0.4699581202060912,1,1,0.6666666666666666,45,0
SHIB,2025-03-25,1.348800162100368e-05,0.0428610476961314,0.0518998067080058,239698990.9847111,-0.4467460770737899,0,1,0.6666666666666666,45,0
SHIB,2025-03-26,1.3880329274646207e-05,0.0286721563138262,0.0522504402637219,242898964.9097536,-0.4306534920082484,0,0,0.3333333333333333,45,0
SHIB,2025-03-27,1.4221391033508155e-05,0.0242745641645907,0.0468824489692047,250800939.48551056,-0.41666374309269,0,0,0.3333333333333333,45,0
SHIB,2025-03-28,1.4044517268829418e-05,-0.0125151522754139,0.0465352804797535,244717105.6803371,-0.4239187914624097,0,1,0.6666666666666666,45,0
SHIB,2025-03-29,1.32462140755763e-05,-0.0585203081852589,0.0475666362056863,243841314.38164285,-0.4566637736889867,0,1,0.6666666666666666,45,0
SHIB,2025-03-30,1.270291625466776e-05,-0.0418801880021686,0.0480768691369239,243487557.58860332,-0.4789488874649846,0,1,1.0,45,0
SHIB,2025-03-31,1.243602342493055e-05,-0.0212342176228349,0.0478528641148188,236874548.1797075,-0.4898963583507422,0,1,0.6666666666666666,45,0
SHIB,2025-04-01,1.2390635057577876e-05,-0.0036564258498795,0.0477296642562834,238569847.3175775,-0.4917581087418438,0,0,0.3333333333333333,45,0
SHIB,2025-04-02,1.2691439778989097e-05,0.0239867830680815,0.0436040411087838,232457864.5090964,-0.4794196321586019,0,0,0.3333333333333333,45,0
SHIB,2025-04-03,1.2077907889822484e-05,-0.0495497434723038,0.0338237794961957,230533001.1915479,-0.5045856229450486,0,0,0.3333333333333333,45,0
SHIB,2025-04-04,1.2210812486559269e-05,0.0109438390451863,0.0337847320806109,223248188.9857062,-0.4991341119217217,0,0,0.3333333333333333,45,0
SHIB,2025-04-05,1.2298070463239544e-05,0.0071205485406842,0.0335118389003709,225552074.45949024,-0.4955549443577299,0,0,0.3333333333333333,45,0
SHIB,2025-04-06,1.2350187150446806e-05,0.0042288396763236,0.0335194924474815,222391967.1225721,-0.4934172102101868,0,1,0.6666666666666666,45,0
SHIB,2025-04-07,1.1278792221279534e-05,-0.0907470490858665,0.0370449438708883,219058875.50110304,-0.537363931468138,1,0,0.0,45,0
SHIB,2025-04-08,1.1424414472972747e-05,0.012828518080934,0.0366774975681825,229762744.7017289,-0.53139076477685,1,1,1.0,45,0
SHIB,2025-04-09,1.0642205473282942e-05,-0.0709249420792893,0.0359027863011612,229833732.84893703,-0.5634755917057459,1,0,0.3333333333333333,45,0
SHIB,2025-04-10,1.1932797042260414e-05,0.1144629193787057,0.0417719369607896,228559324.11515743,-0.5105378127451925,1,1,0.6666666666666666,45,0
SHIB,2025-04-11,1.165241402796812e-05,-0.0237772918887342,0.0412377837814657,223349103.5775984,-0.5220386270939636,1,1,0.6666666666666666,45,0
SHIB,2025-04-12,1.2212373307554956e-05,0.0469362720702944,0.0419201897054049,220777828.51465616,-0.4990700898105807,0,0,0.3333333333333333,45,0
SHIB,2025-04-13,1.2535122203826666e-05,0.0260848372541,0.0418877745514658,219547119.64774668,-0.4858315020642412,0,1,0.6666666666666666,45,0
SHIB,2025-04-14,1.2031922064858476e-05,-0.0409711907074053,0.0408374524711575,218111180.8125353,-0.5064718799885469,1,1,1.0,45,0
SHIB,2025-04-15,1.1995910489242668e-05,-0.0029974907223311,0.0408311185751148,219889520.3526138,-0.5079490110002436,1,1,1.0,45,0
SHIB,2025-04-16,1.167358433250535e-05,-0.0272372592555458,0.0407865067478046,214251965.4228325,-0.5211702587200656,1,1,0.6666666666666666,45,0
SHIB,2025-04-17,1.1843907082150023e-05,0.0144850251812124,0.0408861256813358,211944750.0964697,-0.5141839213772709,1,1,0.6666666666666666,45,0
SHIB,2025-04-18,1.1793116043980854e-05,-0.0042975899351571,0.0404967784602661,210957414.7945939,-0.5162672797505995,1,1,1.0,45,0
SHIB,2025-04-19,1.2283347585492172e-05,0.0407285151184477,0.0407643997000466,208406915.9323269,-0.4961588507109002,1,0,0.3333333333333333,45,0
SHIB,2025-04-20,1.2351618027344314e-05,0.0055425786013535,0.0407859342240437,206092268.79410887,-0.4933585181756649,1,1,1.0,45,0
SHIB,2025-04-21,1.2349940485017293e-05,-0.0001358248167831,0.0403199723190098,205068685.07528192,-0.4934273279889626,1,1,1.0,45,0
SHIB,2025-04-22,1.2327016933602889e-05,-0.0018578917667534,0.0401134808228979,206548671.87805587,-0.4943676114426412,1,1,1.0,45,0
SHIB,2025-04-23,1.3565788200503553e-05,0.0957576976096347,0.0438212760424468,211429109.6624518,-0.4435554094368362,0,1,0.6666666666666666,45,0
SHIB,2025-04-24,1.3539086623202537e-05,-0.0019702423355447,0.0431252899600254,213862750.7462044,-0.4446506608169295,1,1,1.0,45,0
SHIB,2025-04-25,1.3767782837029544e-05,0.016750478219813,0.0429075515040767,213234537.33586496,-0.4352699474233951,0,1,0.6666666666666666,45,0
SHIB,2025-04-26,1.4147439377183754e-05,0.0272023592077318,0.0429685925968793,202213745.48046973,-0.419697108977274,0,0,0.3333333333333333,45,0
SHIB,2025-04-27,1.4162006561556682e-05,0.001029139580489,0.0429055584127514,202691971.02811417,-0.419099588890402,0,1,1.0,45,0
SHIB,2025-04-28,1.345872281797722e-05,-0.05093535205939,0.0425681501096209,200840335.11647105,-0.4479470416857565,0,1,0.6666666666666666,45,0
SHIB,2025-04-29,1.371757975538185e-05,0.0190507715765816,0.0419235565988355,202527402.80765736,-0.437329188862195,0,1,0.6666666666666666,45,0
SHIB,2025-04-30,1.3405970590066774e-05,-0.02297802992348,0.0419588811753113,203558725.580132,-0.4501108445866327,0,1,0.6666666666666666,45,0
SHIB,2025-05-01,1.3242587223942173e-05,-0.01226223306233,0.0420318007007768,202008531.3810712,-0.456812540715477,0,1,1.0,45,0
SHIB,2025-05-02,1.34991118175859e-05,0.0191859509079216,0.0419551259638136,201776903.6845165,-0.4462903564995855,0,1,0.6666666666666666,45,0
SHIB,2025-05-03,1.3437733820696843e-05,-0.0045571856436182,0.0408360053120137,195016991.438862,-0.4488079731572928,0,1,1.0,45,0
SHIB,2025-05-04,1.2993896928298788e-05,-0.0335869261730525,0.0413641288903933,191236600.31738323,-0.4670133759114134,1,1,0.6666666666666666,45,0
SHIB,2025-05-05,1.2666592220479872e-05,-0.0255117864629696,0.0416548299724298,186634310.08709288,-0.4804388349735659,1,1,0.6666666666666666,45,0
SHIB,2025-05-06,1.2701203519522913e-05,0.0027287605808933,0.0416517010041619,187540398.82308128,-0.4790191408253004,1,1,1.0,45,0
SHIB,2025-05-07,1.2746692025851018e-05,0.0035750346975101,0.0378818635521023,184429452.9306024,-0.4771532829108939,1,1,0.6666666666666666,45,0
SHIB,2025-05-08,1.2804060472298206e-05,0.0044905560299762,0.0378460208286644,172173070.46926722,-0.4748001309065477,1,1,0.6666666666666666,45,0
SHIB,2025-05-09,1.432384082212922e-05,0.1121629943865906,0.0400768864880597,176123409.70976225,-0.4124614343259635,1,0,0.3333333333333333,45,0
SHIB,2025-05-10,1.5015653799937137e-05,0.0471679042012373,0.0356629453881885,185829171.93877023,-0.3840844920139554,1,1,0.6666666666666666,45,0
SHIB,2025-05-11,1.6912948403257238e-05,0.1189862626655774,0.0405179195492606,199307194.2703427,-0.3062608297896724,0,1,0.6666666666666666,45,0
SHIB,2025-05-12,1.58887123947942e-05,-0.0624705614302054,0.0421930429423217,212097112.78793967,-0.3482731756958326,0,1,0.6666666666666666,45,0
SHIB,2025-05-13,1.575692016678931e-05,-0.0083293003984679,0.0421739313524591,236526908.1255428,-0.3536790593251279,0,1,1.0,45,0
SHIB,2025-05-14,1.6334757005263924e-05,0.0360155247879992,0.0414510371352932,249063397.1320334,-0.3299772162589517,0,0,0.3333333333333333,45,0
SHIB,2025-05-15,1.5719565434451668e-05,-0.0383890267314752,0.0423335690654375,257248223.3763668,-0.3552112842451989,0,0,0.0,45,0
SHIB,2025-05-16,1.4804048741541466e-05,-0.0600054355240717,0.0437017177577848,266187338.68808937,-0.392764156500808,0,1,0.6666666666666666,45,0
SHIB,2025-05-17,1.4591211104915747e-05,-0.0144813386392766,0.0438713095481716,268658041.8967806,-0.4014943791622699,1,1,1.0,45,0
SHIB,2025-05-18,1.4184036506047586e-05,-0.0283022258197411,0.0443003990362538,271657555.1014363,-0.4181959596090665,1,1,0.6666666666666666,45,0
SHIB,2025-05-19,1.4891588364704388e-05,0.0486793717405149,0.0445375270718854,277678470.98157936,-0.3891734362972345,0,0,0.3333333333333333,45,0
SHIB,2025-05-20,1.4578954112193156e-05,-0.0212175246675327,0.0448227372336515,282914219.39925224,-0.4019971392817892,0,0,0.3333333333333333,45,0
SHIB,2025-05-21,1.460666588392837e-05,0.0018990023214699,0.0448154124649884,285971502.3429928,-0.4008604515162814,0,1,1.0,45,0
SHIB,2025-05-22,1.4921642552596486e-05,0.0213346874612176,0.0448824183754226,292825964.3842468,-0.3879406667722241,0,1,0.6666666666666666,45,0
SHIB,2025-05-23,1.5452402455570887e-05,0.0349518106248462,0.0419859172161706,297036000.72065264,-0.3661698361700647,0,0,0.0,45,0
SHIB,2025-05-24,1.4318643139659277e-05,-0.0762020857714523,0.0444837421438202,304661281.2799087,-0.4126746340494973,1,1,0.6666666666666666,45,0
SHIB,2025-05-25,1.4371604465764638e-05,0.0036919434778629,0.0443968776971815,303640911.0616352,-0.4105022543112315,0,1,1.0,45,0
SHIB,2025-05-26,1.4474806151513204e-05,0.0071552837147163,0.0441457612094464,301949588.6793036,-0.4062691040568543,0,1,1.0,45,0
SHIB,2025-05-27,1.4395399345381476e-05,-0.0055009657885391,0.0441604979034498,297843985.772342,-0.4095262305188653,0,1,1.0,45,0
SHIB,2025-05-28,1.4448346546739968e-05,0.0036713165500439,0.0430775177797323,299205686.2706928,-0.407354430152684,0,1,1.0,45,0
SHIB,2025-05-29,1.4335878954946713e-05,-0.00781456941608,0.0429978582516141,296988567.5933912,-0.4119676514518858,0,1,1.0,45,0
SHIB,2025-05-30,1.3969376950870743e-05,-0.0258978395684671,0.0430583663310628,298218631.9245818,-0.4270009141406739,0,1,0.6666666666666666,45,0
SHIB,2025-05-31,1.277673326451012e-05,-0.0892417700264487,0.046086177558668,304478313.992586,-0.4759210445404722,1,1,0.6666666666666666,45,0
SHIB,2025-06-01,1.2826423238202146e-05,0.0038815554694958,0.0459372722604007,305991382.233565,-0.4738828498806789,0,1,1.0,45,0
SHIB,2025-06-02,1.2959173017306478e-05,0.010296519856478,0.0459854813878987,306082144.23355144,-0.4684376892022659,0,1,0.6666666666666666,45,0
SHIB,2025-06-03,1.3214736286389558e-05,0.0195287137350236,0.0457176210475606,307885081.4730407,-0.4579549368161834,0,1,0.6666666666666666,45,0
SHIB,2025-06-04,1.3048418189094506e-05,-0.012665677371816,0.0455247412333419,308324833.0402973,-0.4647770104166805,0,1,1.0,45,0
SHIB,2025-06-05,1.2815345261417912e-05,-0.0180236134295951,0.0456548887791499,308418288.6291095,-0.4743372488558702,1,1,0.6666666666666666,45,0
SHIB,2025-06-06,1.202100439950341e-05,-0.0639878151218916,0.0471302289029285,312519235.3283415,-0.5069197032730193,1,1,1.0,45,0
SHIB,2025-06-07,1.2442117309870926e-05,0.0344317882796094,0.0475862190799281,313602424.3975747,-0.48964639799013,1,1,0.6666666666666666,45,0
SHIB,2025-06-08,1.2729138930615728e-05,0.0228064947379614,0.0428194384529881,304741697.49340546,-0.4778732797696798,0,0,0.3333333333333333,45,0
SHIB,2025-06-09,1.2489649519810829e-05,-0.0189935064444837,0.041788072455427,286454123.2530616,-0.4876967109754389,0,1,0.6666666666666666,45,0
SHIB,2025-06-10,1.3129497402003452e-05,0.0499611461037462,0.0361858329657631,272030952.12478393,-0.4614512847925234,0,1,0.6666666666666666,45,0
SHIB,2025-06-11,1.3351032766292754e-05,0.0167323336413668,0.0349770159995573,261833375.7730397,-0.4523642967564986,0,1,0.6666666666666666,45,0
SHIB,2025-06-12,1.2961766430673843e-05,-0.0295897623256462,0.0352443807086973,240422784.34964505,-0.4683313119820089,0,0,0.3333333333333333,45,0
SHIB,2025-06-13,1.2247545379972969e-05,-0.0566784405319251,0.0354503157033101,228672380.32845384,-0.4976273937322819,0,0,0.3333333333333333,45,0
SHIB,2025-06-14,1.2088844011434911e-05,-0.013042494978149,0.0350401730647137,227012930.2438407,-0.5041370426176077,0,1,0.6666666666666666,45,0
SHIB,2025-06-15,1.2057319451518769e-05,-0.0026111458970224,0.0336860922427377,217784085.0083149,-0.5054301241972369,0,1,0.6666666666666666,45,0
SHIB,2025-06-16,1.203148931745798e-05,-0.0021445762809075,0.0336648998409588,213833345.3679444,-0.5064896305199962,0,1,0.6666666666666666,45,0
SHIB,2025-06-17,1.1945702238227027e-05,-0.0071557542584358,0.0334115685239631,212184513.32213888,-0.5100084644773556,0,0,0.3333333333333333,45,0
SHIB,2025-06-18,1.1645235179203324e-05,-0.0254744694968294,0.0319593433069931,208896366.22443268,-0.5223330907478702,0,0,0.0,45,0
SHIB,2025-06-19,1.167391341191994e-05,0.002459630724736,0.0319190329120294,204962919.66415155,-0.5211567604656768,0,1,0.6666666666666666,45,0
SHIB,2025-06-20,1.1578238647369298e-05,-0.0082293719954266,0.0318707313960314,201130839.5830333,-0.525081169751798,1,0,0.3333333333333333,45,0
SHIB,2025-06-21,1.1302768327070413e-05,-0.0240796771745136,0.0315184701130221,193631488.1417837,-0.5363804740992835,1,0,0.0,45,0
SHIB,2025-06-22,1.0803976625951147e-05,-0.0451334079454123,0.0310325862020233,184923559.4929204,-0.5568400257157027,1,1,0.6666666666666666,45,0
SHIB,2025-06-23,1.0588172760271078e-05,-0.0201766716233728,0.0286235454052367,176392853.3538048,-0.5656919178361942,1,0,0.3333333333333333,45,0
SHIB,2025-06-24,1.160704298765408e-05,0.0918744671347904,0.0340903330426247,178156397.75907147,-0.5238996667606476,0,0,0.3333333333333333,45,0
SHIB,2025-06-25,1.168952313042323e-05,0.0070809137257226,0.03408926175007,175349856.3163594,-0.5205164774763665,1,0,0.3333333333333333,45,0
SHIB,2025-06-26,1.1613414346053608e-05,-0.0065321425738149,0.0340880887653567,173305712.32948568,-0.5236383249304822,0,1,0.6666666666666666,45,0
SHIB,2025-06-27,1.121206977262336e-05,-0.035169982814694,0.0343987894107674,169913596.43219894,-0.5401007680658433,0,1,0.6666666666666666,45,0
SHIB,2025-06-28,1.1321184401334877e-05,0.0096848400808221,0.0345579920692226,167664260.43119162,-0.5356250793701007,1,1,1.0,45,0
SHIB,2025-06-29,1.1553738052203125e-05,0.0203333290957942,0.0347565616259007,162731621.83858818,-0.5260861407453219,1,1,1.0,45,0
SHIB,2025-06-30,1.1857578597283853e-05,0.0259581817437917,0.0314905666191772,154770688.67558506,-0.513623140055273,0,1,1.0,45,0
SHIB,2025-07-01,1.1418475643504692e-05,-0.0377344932204438,0.0321107890336058,151914933.1332372,-0.5316343650367784,1,0,0.0,45,0
SHIB,2025-07-02,1.1173622288563902e-05,-0.0216768662544248,0.032154758189987,151054557.11631945,-0.5416778157249579,1,1,0.6666666666666666,45,0
SHIB,2025-07-03,1.1796230806715396e-05,0.0542242095257635,0.0336542238332867,151255190.67013803,-0.5161395177032413,0,1,1.0,45,0
SHIB,2025-07-04,1.1876539365177692e-05,0.0067849149857074,0.0336645960456945,152719862.46902508,-0.5128454029587245,0,0,0.3333333333333333,45,0
SHIB,2025-07-05,1.1438300813348063e-05,-0.0375975276529792,0.0341492675395439,152597644.7015071,-0.5308211717041617,1,0,0.3333333333333333,45,0
SHIB,2025-07-06,1.1454827244268455e-05,0.0014437899224271,0.032206126101856,146598128.70144695,-0.5301432867961084,1,1,0.6666666666666666,45,0
SHIB,2025-07-07,1.1813797930655505e-05,0.0308569299705772,0.0320745255747774,145830919.9613673,-0.5154189454118455,1,1,1.0,45,0
SHIB,2025-07-08,1.1619297682878629e-05,-0.0166008552859144,0.0318412176852914,146636191.953328,-0.5233970008804264,1,0,0.0,45,0
SHIB,2025-07-09,1.185763027411763e-05,0.0203042561268185,0.0319703867699745,148028648.33955768,-0.5136210203631336,1,0,0.3333333333333333,45,0
SHIB,2025-07-10,1.240216097747129e-05,0.0448991644519414,0.0317003773838262,148833428.3784694,-0.491285335934163,1,0,0.3333333333333333,45,0
SHIB,2025-07-11,1.330274687817327e-05,0.0700998162923081,0.0341822418686491,152086608.327442,-0.4543448983144404,1,0,0.3333333333333333,45,0
SHIB,2025-07-12,1.3296200628372598e-05,-0.0004922187188969,0.033727016968265,159537390.9442535,-0.4546134138799365,1,0,0.3333333333333333,45,0
SHIB,2025-07-13,1.3178803990115557e-05,-0.008868546721397,0.0320003535074501,162502741.48929337,-0.4594288159297788,1,0,0.3333333333333333,45,0
SHIB,2025-07-14,1.3294210271446592e-05,0.0087188418569462,0.0318836596956842,157052864.16257584,-0.4546950547937115,1,0,0.3333333333333333,45,0
SHIB,2025-07-15,1.3233373315155188e-05,-0.0045867021961691,0.0318980447090118,163207956.63906813,-0.4571904789249405,1,0,0.3333333333333333,45,0
SHIB,2025-07-16,1.3696638727057474e-05,0.0344085340244409,0.0323851194319643,171109523.83093637,-0.4381881527321673,1,0,0.3333333333333333,45,0
SHIB,2025-07-17,1.438468676369565e-05,0.0490137672215152,0.0333092453559914,179450535.0081133,-0.4099656416346767,1,0,0.3333333333333333,45,0
SHIB,2025-07-18,1.450438851065828e-05,0.0082870379801472,0.0327683745306872,187323868.6135353,-0.4050556881108672,1,1,0.6666666666666666,45,0
SHIB,2025-07-19,1.466502979452235e-05,0.0110144745599921,0.0327618561304958,205548794.9405871,-0.3984664673368052,0,1,0.6666666666666666,45,0
SHIB,2025-07-20,1.4913505016583944e-05,0.0168014452888715,0.0326633128842701,215390444.32837573,-0.3882744540780383,0,0,0.3333333333333333,45,0
SHIB,2025-07-21,1.5482981855267048e-05,0.0374742965289565,0.0324830352422525,226297061.53729627,-0.3649155233876371,0,1,0.6666666666666666,45,0
SHIB,2025-07-22,1.550817959817076e-05,0.0016261248223344,0.0308002586722711,237952057.1552009,-0.3638819566294114,0,0,0.3333333333333333,45,0
SHIB,2025-07-23,1.544464459582904e-05,-0.0041052855904232,0.0303570121080138,243476364.81965515,-0.3664880498281209,0,0,0.3333333333333333,45,0
SHIB,2025-07-24,1.3842844851012844e-05,-0.1094938332673831,0.0342351604283446,251779742.38599572,-0.4321910366354297,0,1,0.6666666666666666,45,0
SHIB,2025-07-25,1.358088259863856e-05,-0.0191053693306814,0.0345357805173132,260531756.3397609,-0.442936263975777,0,1,0.6666666666666666,45,0
SHIB,2025-07-26,1.4066599955789392e-05,0.0351400773285805,0.0348922059645731,266682574.3954813,-0.4230129987784637,0,0,0.3333333333333333,45,0
SHIB,2025-07-27,1.396760440962968e-05,-0.0070625123761593,0.0341063381145691,267613074.047306,-0.4270736206410676,0,1,0.6666666666666666,45,0
SHIB,2025-07-28,1.4122490821736535e-05,0.0110279428064535,0.0341104238862925,268999256.33603686,-0.4207204545076469,0,0,0.3333333333333333,45,0
SHIB,2025-07-29,1.3313916817589742e-05,-0.0589587548944755,0.0360860816834683,274841429.5504342,-0.4538867271950518,0,1,0.6666666666666666,45,0
SHIB,2025-07-30,1.3109093758174977e-05,-0.0155036960300377,0.0360388407332331,279007617.09878623,-0.4622882061028319,0,0,0.3333333333333333,45,0
SHIB,2025-07-31,1.2873473345058262e-05,-0.0181373050108583,0.0354412192456787,283705420.70681864,-0.4719529378800969,0,0,0.3333333333333333,45,0
SHIB,2025-08-01,1.2439387425803738e-05,-0.0343010205782494,0.0358293952224,286344677.165769,-0.489758372996639,0,1,0.6666666666666666,45,0
SHIB,2025-08-02,1.2081585285085791e-05,-0.0291854276942921,0.0349901284832661,292487897.32187,-0.5044347827084633,1,1,0.6666666666666666,45,0
SHIB,2025-08-03,1.1844316810046217e-05,-0.01983425765538,0.0351700913337767,292819191.2573613,-0.5141671150650927,1,0,0.3333333333333333,45,0
SHIB,2025-08-04,1.220281904472192e-05,0.029818835836143,0.0348432078862698,292218671.65841097,-0.4994619887398346,1,1,1.0,45,0
SHIB,2025-08-05,1.2515288705733583e-05,0.0252839991074851,0.035097325657465,295354488.80220884,-0.4866450370069016,1,1,0.6666666666666666,45,0
SHIB,2025-08-06,1.207693814826317e-05,-0.035653297562462,0.0353733711630201,297691936.87031615,-0.5046254000252263,1,1,0.6666666666666666,45,0
SHIB,2025-08-07,1.2335102657348244e-05,0.0211513765594599,0.0354069088351556,298307878.3618051,-0.4940359493842048,1,0,0.3333333333333333,45,0
SHIB,2025-08-08,1.287079670212458e-05,0.042511851118246,0.0360296213153728,300002033.9441976,-0.472062729029664,1,0,0.3333333333333333,45,0
SHIB,2025-08-09,1.3241956860383904e-05,0.0284294152012424,0.0354863512479725,303870195.8353512,-0.4568383971115008,1,1,0.6666666666666666,45,0
SHIB,2025-08-10,1.3732231928984034e-05,0.0363554264151094,0.0337517937681403,301142841.3927429,-0.4367281826677576,0,0,0.3333333333333333,45,0
SHIB,2025-08-11,1.357047727417431e-05,-0.0118491206241478,0.0338333857954265,293103126.0958756,-0.4433630719448836,0,0,0.3333333333333333,45,0
SHIB,2025-08-12,1.295140974546082e-05,-0.04669200162726,0.0348897439202799,294021908.4873304,-0.4687561248552291,1,1,0.6666666666666666,45,0
SHIB,2025-08-13,1.3532718760411114e-05,0.0439057222421475,0.0357928837166444,295307250.07916063,-0.4449118592634454,0,1,0.6666666666666666,45,0
SHIB,2025-08-14,1.3936502719940842e-05,0.0294011278178815,0.0361593108572528,296139135.26776886,-0.4283493568333874,0,1,0.6666666666666666,45,0
SHIB,2025-08-15,1.2908554662729431e-05,-0.0766212492050585,0.0383165233590479,298767021.12538093,-0.4705139644006772,0,0,0.3333333333333333,45,0
SHIB,2025-08-16,1.2850078286934389e-05,-0.004540340037866,0.0370868559418941,295271227.14835435,-0.4729125617033892,0,0,0.3333333333333333,45,0
SHIB,2025-08-17,1.2990162920591388e-05,0.0108424689136293,0.0371184020563312,285883493.36668235,-0.4671665382901263,0,1,0.6666666666666666,45,0
SHIB,2025-08-18,1.3056975306296775e-05,0.0051301245960328,0.0370535908490604,267934985.36896807,-0.4644260126340496,1,0,0.0,45,0
SHIB,2025-08-19,1.2712589040779933e-05,-0.0267297316594731,0.0370684627590518,262375839.2342872,-0.4785521269208687,1,0,0.3333333333333333,45,0
SHIB,2025-08-20,1.209006486889371e-05,-0.0502087354290938,0.0370344628113462,254751046.3098852,-0.5040869652082632,1,1,1.0,45,0
SHIB,2025-08-21,1.2563133340241412e-05,0.0383825695798885,0.0379685289281583,245925915.1244641,-0.484682534890116,0,0,0.3333333333333333,45,0
SHIB,2025-08-22,1.235559683870412e-05,-0.0166574539553841,0.0380044456126207,237256932.4122317,-0.4931953143849738,1,0,0.3333333333333333,45,0
SHIB,2025-08-23,1.3383271008609983e-05,0.0798963490862026,0.0361520920530606,235194731.9966587,-0.4510419411895718,0,1,0.6666666666666666,45,0
SHIB,2025-08-24,1.3245403627896767e-05,-0.0103548985808057,0.0360371415679997,229600550.4824168,-0.456697016816518,0,0,0.3333333333333333,45,0
SHIB,2025-08-25,1.2974844543995022e-05,-0.020638148456913,0.0355527691673592,229752355.84422496,-0.4677948709507336,0,0,0.0,45,0
SHIB,2025-08-26,1.2033358475187465e-05,-0.0753297817658868,0.0379462601775438,236009226.43785813,-0.5064129609824721,1,0,0.0,45,0
SHIB,2025-08-27,1.2551220085925684e-05,0.0421352128351741,0.0388135532673039,238779196.45781612,-0.4851711954693623,0,0,0.0,45,0
SHIB,2025-08-28,1.2488770311664803e-05,-0.0049880133937655,0.037400124008289,236645847.7551236,-0.4877327745354476,0,1,0.6666666666666666,45,0
SHIB,2025-08-29,1.2670293470275949e-05,0.0144302912146604,0.0374303896572623,234641286.56167227,-0.4802870162663217,0,1,1.0,45,0
SHIB,2025-08-30,1.2208835935774527e-05,-0.0371002100530169,0.0378847729550719,234561641.9849731,-0.4992151865320494,1,1,0.6666666666666666,45,0
SHIB,2025-08-31,1.23367010814089e-05,0.0104187007342613,0.0374376670140887,233092482.4443753,-0.4939703848619793,0,1,0.6666666666666666,45,0
SHIB,2025-09-01,1.2187873843059712e-05,-0.012137137200761,0.0371116871220533,225789072.6880631,-0.5000750144259869,1,0,0.3333333333333333,45,0
SHIB,2025-09-02,1.2090204620890267e-05,-0.0080459208675562,0.0369533095604587,228887747.6629021,-0.5040812328290343,1,1,0.6666666666666666,45,0
SHIB,2025-09-03,1.2434977524029924e-05,0.0281176804889528,0.0369083395628239,232300052.3987209,-0.4899392593521302,1,1,1.0,45,0
SHIB,2025-09-04,1.248900705026059e-05,0.0043355516211608,0.0366228442205802,231682057.00713024,-0.4877230639377989,1,1,0.6666666666666666,45,0
SHIB,2025-09-05,1.2122706017853106e-05,-0.0297685968782509,0.0364409919644111,230207703.4001788,-0.5027480831249097,1,1,0.6666666666666666,45,0
SHIB,2025-09-06,1.2403482748774105e-05,0.022897075491746,0.0364770993384628,233111714.43120417,-0.4912311192177775,1,1,0.6666666666666666,45,0
SHIB,2025-09-07,1.227422054995118e-05,-0.0104761273331153,0.0356299051287781,230565222.6620764,-0.4965332255337708,1,1,1.0,45,0
SHIB,2025-09-08,1.2478715904095328e-05,0.0165232926686607,0.0353492943066209,224253813.7473116,-0.4881451885154289,1,1,0.6666666666666666,45,0
SHIB,2025-09-09,1.2875384147035568e-05,0.0312928174202002,0.0351716178072915,223780133.169658,-0.4718745601693296,1,1,1.0,45,0
SHIB,2025-09-10,1.2883811279622817e-05,0.0006543009397856,0.0351267452087177,225412125.78763944,-0.4715288941252469,1,0,0.3333333333333333,45,0
SHIB,2025-09-11,1.305869229699914e-05,0.0134824047292359,0.034176013065386,223115207.51870143,-0.4643555847183061,1,0,0.3333333333333333,45,0
SHIB,2025-09-12,1.3248239760616364e-05,0.0144107069150773,0.0332903499899362,223009222.8379901,-0.456580683678582,0,1,0.6666666666666666,45,0
SHIB,2025-09-13,1.385898518264766e-05,0.0450690765841628,0.0338963831532979,223289951.4484917,-0.4315289888358218,0,0,0.3333333333333333,45,0
SHIB,2025-09-14,1.428572022419224e-05,0.0303266806902341,0.0310879603361393,230387303.41186243,-0.4140250736956449,0,0,0.3333333333333333,45,0
SHIB,2025-09-15,1.3693823188670188e-05,-0.0423155836018266,0.0321661049777527,229889232.6408676,-0.4383036411270893,0,1,0.6666666666666666,45,0
SHIB,2025-09-16,1.3070358253521772e-05,-0.0465979313949293,0.033317928839984,234827397.71579635,-0.4638770678562691,0,1,0.6666666666666666,45,0
SHIB,2025-09-17,1.3160978708125791e-05,0.0069093554208466,0.0333285797152119,236620544.53758696,-0.4601599774068613,0,0,0.3333333333333333,45,0
SHIB,2025-09-18,1.3494145152860402e-05,0.0249996059416933,0.0332218126028412,238031778.58227852,-0.446494080284654,0,0,0.3333333333333333,45,0
SHIB,2025-09-19,1.3414672162559067e-05,-0.0059068535375179,0.0317747001146254,238173097.2346756,-0.4497539215040101,0,0,0.3333333333333333,45,0
SHIB,2025-09-20,1.2871158732853966e-05,-0.0413599942663766,0.0320868842976385,237902879.66948685,-0.472047879170739,0,0,0.3333333333333333,45,0
SHIB,2025-09-21,1.2924803041910696e-05,0.0041591305534571,0.0319208310440444,237217112.0233312,-0.469847484682197,0,0,0.3333333333333333,45,0
SHIB,2025-09-22,1.2760662777854578e-05,-0.0127809633356487,0.0283580195560036,229311033.9998842,-0.4765802274228101,0,1,0.6666666666666666,45,0
SHIB,2025-09-23,1.213267036097726e-05,-0.050465374502909,0.0296994464216873,233946041.55539405,-0.5023393634288624,0,0,0.3333333333333333,45,0
SHIB,2025-09-24,1.2101023741495843e-05,-0.0026117881439962,0.0295104690560721,230763356.38666904,-0.5036374516755441,0,1,0.6666666666666666,45,0
SHIB,2025-09-25,1.213274262132251e-05,0.0026177439746514,0.0260948056663468,225692017.0537333,-0.5023363994375608,0,1,0.6666666666666666,45,0
SHIB,2025-09-26,1.1627898048012167e-05,-0.0425005848762116,0.0259879193393448,226255122.3161935,-0.5230442291442993,1,1,1.0,45,0
SHIB,2025-09-27,1.1915049566304686e-05,0.0243950556766723,0.0264424716419394,225434945.4856484,-0.5112657827566474,1,1,0.6666666666666666,45,0
SHIB,2025-09-28,1.1814703857789572e-05,-0.0084574251446008,0.0262947491083477,223361984.8449442,-0.515381785886299,1,1,1.0,45,0
SHIB,2025-09-29,1.2020620745189554e-05,0.0172787250788096,0.0256824253850507,218471571.0770045,-0.5069354400930578,1,0,0.3333333333333333,45,0
SHIB,2025-09-30,1.1975543205778825e-05,-0.0037570665484152,0.0256045573646666,219367135.8229511,-0.5087844408728331,1,1,0.6666666666666666,45,0
SHIB,2025-10-01,1.1817838501408691e-05,-0.0132563765653938,0.0256221685002449,220154285.3242771,-0.5152532083602885,1,1,1.0,45,0
SHIB,2025-10-02,1.2375638998468075e-05,0.0461198160070407,0.0269828851863573,217546821.1276316,-0.4923732205103663,1,1,0.6666666666666666,45,0
SHIB,2025-10-03,1.2633823183686624e-05,0.0206476537413655,0.0267553983286299,217743222.283168,-0.48178296278922,0,1,0.6666666666666666,45,0
SHIB,2025-10-04,1.2669981605716896e-05,0.0028579454309416,0.0267495083212486,220191647.1961164,-0.4802998083978446,0,0,0.3333333333333333,45,0
SHIB,2025-10-05,1.2379221164963896e-05,-0.0232161880023653,0.0265197753444845,219793834.23798788,-0.4922262863890581,0,0,0.3333333333333333,45,0
SHIB,2025-10-06,1.2457462112889776e-05,0.0063004553280927,0.0262120412198337,222193144.80685472,-0.4890169813645056,0,0,0.3333333333333333,45,0
SHIB,2025-10-07,1.2852292116332024e-05,0.0312023603866358,0.026729120714766,225323059.5790732,-0.4728217543448682,0,1,0.6666666666666666,45,0
SHIB,2025-10-08,1.2211548768941832e-05,-0.051140045864429,0.0282331431132679,228884821.4063346,-0.4991039109232358,0,0,0.3333333333333333,45,0
SHIB,2025-10-09,1.23361952888831e-05,0.0101555231248193,0.0276646822964853,225912833.6822764,-0.4939911315750172,0,0,0.3333333333333333,45,0
SHIB,2025-10-10,1.2023844985418295e-05,-0.0256458872365984,0.0280110347790462,223164455.9296394,-0.5068031874729046,0,0,0.3333333333333333,45,0
SHIB,2025-10-11,9.818194784070426e-06,-0.2026544853452133,0.045896599484746,233948263.3224657,-0.5972750498575037,1,0,0.0,45,0
SHIB,2025-10-12,9.950819785774932e-06,0.0134176633819892,0.0458791093828336,241151037.84160444,-0.5918350073268999,1,1,0.6666666666666666,45,0
SHIB,2025-10-13,1.0718071318137576e-05,0.0742762867965572,0.0473637756131108,240492386.9130973,-0.5603637091999952,0,1,1.0,45,0
SHIB,2025-10-14,1.1123293130552422e-05,0.0371101647107722,0.0475715931326526,231123872.7481504,-0.5437422285927666,0,0,0.3333333333333333,45,0
SHIB,2025-10-15,1.0747973971303096e-05,-0.0343241207884331,0.0473968401928138,230552462.47048616,-0.5591371553609178,0,1,1.0,45,0
SHIB,2025-10-16,1.0316919529061585e-05,-0.0409320487767553,0.0472490993249109,226256310.8035208,-0.5768182446627991,0,1,1.0,45,0
SHIB,2025-10-17,9.984393066160532e-06,-0.0327620397893387,0.0473757346360604,226604477.7265865,-0.5904578908643758,1,1,1.0,45,0
SHIB,2025-10-18,9.74853730354324e-06,-0.0239059268533379,0.0469979870823438,226916218.3108105,-0.6001322762610659,1,1,1.0,45,0
SHIB,2025-10-19,9.916860861642564e-06,0.0171191722122395,0.0472685376279841,223315180.10734612,-0.5932279422124747,1,1,0.6666666666666666,45,0
SHIB,2025-10-20,1.007748420280016e-05,0.0160672226182129,0.0471202915168037,221146623.7271674,-0.586639457416434,1,1,0.6666666666666666,45,0
SHIB,2025-10-21,1.0198910499022722e-05,0.0119772523272724,0.0472122810939178,221747289.06968352,-0.581658765938245,1,1,0.6666666666666666,45,0
SHIB,2025-10-22,1.0078850900127067e-05,-0.011841642622232,0.0472092408101645,222937753.1042703,-0.5865833979141585,1,1,0.6666666666666666,45,0
SHIB,2025-10-23,9.863497507414804e-06,-0.0215984356479182,0.046601263997431,216877216.13904372,-0.5954168124318432,1,1,1.0,45,0
SHIB,2025-10-24,1.0099785668749929e-05,0.0236733802124273,0.0469306442750123,215334998.4019149,-0.5857246908060488,1,1,1.0,45,0
SHIB,2025-10-25,1.0235208233483583e-05,0.013319361435421,0.0470391561190286,213247018.4315968,-0.5801698971978577,0,1,0.6666666666666666,45,0
SHIB,2025-10-26,1.0200173725993884e-05,-0.0034288120362515,0.0465222827932839,208015872.5669312,-0.5816069506065911,0,1,0.6666666666666666,45,0
SHIB,2025-10-27,1.0572001915172824e-05,0.0358044257918629,0.046811251167016,206846230.398614,-0.5663552172439961,0,0,0.3333333333333333,45,0
SHIB,2025-10-28,1.038915299922052e-05,-0.0174468968770895,0.0468695932633953,209369103.6862073,-0.5738553557297363,0,1,1.0,45,0
SHIB,2025-10-29,1.0117911399927414e-05,-0.0264550218671898,0.0468558576201969,210110778.540199,-0.584981205435745,1,1,1.0,45,0
SHIB,2025-10-30,1.015544759578952e-05,0.0037030113028927,0.0468865511184987,211130521.70816675,-0.583441537203492,0,1,0.6666666666666666,45,0
SHIB,2025-10-31,9.729256400878198e-06,-0.0428728005207687,0.0473649523213211,212805067.26413652,-0.6009231447185831,0,1,0.6666666666666666,45,0
SHIB,2025-11-01,1.0027830496242112e-05,0.0302268071708566,0.046842316198489,211318767.1918893,-0.5886761644626645,0,1,0.6666666666666666,45,0
SHIB,2025-11-02,1.0182894404414826e-05,0.0153450162384933,0.0467442474719238,207466987.3086478,-0.5823157177551826,0,1,0.6666666666666666,45,0
SHIB,2025-11-03,1.0171761129335536e-05,-0.0010939292164466,0.0467205205321007,203980967.6040357,-0.582772384968437,0,1,0.6666666666666666,45,0
SHIB,2025-11-04,9.178838706321996e-06,-0.1027146700770093,0.0498058591320049,206624921.32594493,-0.623500303093699,1,1,0.6666666666666666,45,0
SHIB,2025-11-05,8.872084156270066e-06,-0.0339909584448635,0.0498951313529765,206735720.35477963,-0.6360828311034388,1,0,0.0,45,0
SHIB,2025-11-06,9.173776599145175e-06,0.0334393087512434,0.0499624856904527,206356064.54870307,-0.6237079417589767,1,0,0.0,45,0
SHIB,2025-11-07,8.99983000372111e-06,-0.0191433556749517,0.0494199160911932,203542907.9145971,-0.6308429228334274,1,0,0.0,45,0
SHIB,2025-11-08,1.003421562311711e-05,0.1087951263970397,0.0538974973584874,207495765.9244324,-0.5884142578740359,0,0,0.0,45,0
SHIB,2025-11-09,9.958605074757265e-06,-0.0075638060264451,0.0537814356242268,207736844.93724003,-0.5915156685700093,0,0,0.0,45,0
SHIB,2025-11-10,9.998178822201495e-06,0.0039659495757463,0.0389520350853916,195048625.21697813,-0.5898924235828261,0,1,1.0,45,0
SHIB,2025-11-11,1.0138136492295207e-05,0.0139012447649175,0.0389576195737631,186250798.6158417,-0.5841516079899232,0,1,1.0,45,0
SHIB,2025-11-12,9.635019612329764e-06,-0.0508998659995835,0.0374719869548708,180600886.09335172,-0.6047885707774887,0,1,1.0,45,0
SHIB,2025-11-13,9.48866234477634e-06,-0.015306688893055,0.0367252787822833,174537744.35110325,-0.6107918865167603,0,1,0.6666666666666666,45,0
SHIB,2025-11-14,9.3057265278842e-06,-0.0194676821550806,0.0364192766936094,171597062.23313314,-0.618295589525046,0,1,0.6666666666666666,45,0
SHIB,2025-11-15,8.985789086493803e-06,-0.034985627318428,0.036231559316406,172017310.52156824,-0.6314188563746418,0,1,1.0,45,0
SHIB,2025-11-16,9.052031903999944e-06,0.0073449132625315,0.0358951485806594,169125714.9402539,-0.6287016933967039,0,1,1.0,45,0
SHIB,2025-11-17,8.910931860560835e-06,-0.0157104303545183,0.0357636093777403,165129627.5669126,-0.6344893671197098,0,1,0.6666666666666666,45,0
SHIB,2025-11-18,8.564619707321257e-06,-0.0396390919249541,0.0361619474637832,166115149.331439,-0.6486944779078387,0,1,0.6666666666666666,45,0
SHIB,2025-11-19,8.861677287753334e-06,0.0340963268196931,0.0366684475222674,166284620.13006097,-0.6365097024068417,0,1,1.0,45,0
SHIB,2025-11-20,8.53729791659262e-06,-0.0372915023051342,0.0370166193602083,166962950.67230427,-0.6498151693435849,0,1,0.6666666666666666,45,0
SHIB,2025-11-21,8.265473474816435e-06,-0.0323575381638102,0.037317924604612,165577584.05213025,-0.6609649262153304,1,0,0.0,45,0
SHIB,2025-11-22,7.851877589416195e-06,-0.05133432980166,0.0381160805068783,167085746.35915434,-0.6779298964558067,1,0,0.0,45,0
SHIB,2025-11-23,7.803768581553659e-06,-0.0061459180629679,0.0376584044529262,165848977.92710963,-0.6799032426990773,1,1,0.6666666666666666,45,0
SHIB,2025-11-24,7.860444814127878e-06,0.007236428471381,0.0375525588222736,165754104.84848842,-0.6775784840810523,1,0,0.3333333333333333,45,0
SHIB,2025-11-25,8.323095174278475e-06,0.0571910048234402,0.0394352711037782,167741878.77022314,-0.6586013862211325,1,0,0.3333333333333333,45,0
SHIB,2025-11-26,8.790521814980002e-06,0.0546398727601762,0.0402775638203333,168163252.39399478,-0.6394283737975844,0,0,0.3333333333333333,45,0
SHIB,2025-11-27,8.592996244981779e-06,-0.0227265932064077,0.0403401076649747,167193367.70878237,-0.6475305226221796,0,0,0.0,45,0
SHIB,2025-11-28,8.767706585808622e-06,0.0201277840906587,0.0404350503560898,166014504.2530227,-0.640364214064824,0,0,0.3333333333333333,45,0
SHIB,2025-11-29,8.658471151477652e-06,-0.0125370998466701,0.0404263516232053,164290156.6284151,-0.6448448579929835,1,1,0.6666666666666666,45,0
SHIB,2025-11-30,8.545309221196807e-06,-0.013155662292399,0.0398340963445252,160512485.14641228,-0.6494865598264329,1,1,0.6666666666666666,45,0
SHIB,2025-12-01,8.391884187633125e-06,-0.0181174326278015,0.039363200042666,158278422.17918605,-0.6557797828018818,0,0,0.0,45,0
SHIB,2025-12-02,7.973992605258694e-06,-0.0510797490669056,0.0399880587366764,160131659.59329668,-0.6729209549193633,1,0,0.0,45,0
SHIB,2025-12-03,8.457754788881364e-06,0.0588984254082634,0.041811617785523,160930258.51890495,-0.6530778874751978,0,0,0.3333333333333333,45,0
SHIB,2025-12-04,9.010126536409546e-06,0.063265368507826,0.0395116418309633,162200279.32655227,-0.6304205773101629,0,0,0.3333333333333333,45,0
SHIB,2025-12-05,8.72140946281921e-06,-0.0325682550145908,0.03947103845903,156236972.88535324,-0.642263240001639,1,0,0.0,45,0
SHIB,2025-12-06,8.305586040898416e-06,-0.048852555099756,0.0398832802976012,153930031.42208606,-0.6593195798425264,1,0,0.0,45,0
SHIB,2025-12-07,8.432833493344484e-06,0.015204530341056,0.0399062040892165,152429253.24153024,-0.6541001148523589,1,0,0.3333333333333333,45,0
SHIB,2025-12-08,8.317713691423866e-06,-0.0137454153792373,0.0339893806334274,146556351.83603948,-0.6588221251107125,0,0,0.3333333333333333,45,0
SHIB,2025-12-09,8.57385696638781e-06,0.0303302654208321,0.0346369708410441,144115279.9259869,-0.6483155819112889,0,1,0.6666666666666666,45,0
SHIB,2025-12-10,8.740916484712524e-06,0.019297359334454,0.0348858849987574,143905628.8585647,-0.6414630965341087,0,1,1.0,45,0
SHIB,2025-12-11,8.556186129266524e-06,-0.0213604998987451,0.0348392304480391,142764246.03913543,-0.6490404083335751,0,0,0.3333333333333333,45,0
SHIB,2025-12-12,8.509070235774222e-06,-0.0055218640964871,0.0337759695189096,142264284.67260703,-0.6509730187853856,0,1,0.6666666666666666,45,0
SHIB,2025-12-13,8.280277002886663e-06,-0.0272562588332846,0.0339820018529632,140658496.01047722,-0.6603577117288458,0,1,0.6666666666666666,45,0
SHIB,2025-12-14,8.365663816393123e-06,0.0102592654105485,0.0339651369413616,137588440.54430586,-0.6568552959621503,0,1,1.0,45,0
SHIB,2025-12-15,8.077664531423381e-06,-0.0350329000917263,0.0339666467099006,134850350.34452918,-0.6686685162364815,0,1,1.0,45,0
SOL,2024-12-20,194.9019815694289,-0.0015318528612333232,0.040547743033962975,9118911905.32381,0.0,1,1,0.6666666666666666,45,1
SOL,2024-12-21,194.1219845045381,-0.0040100260041992,0.040547743033962975,9118911905.32381,-0.0040019965862325,1,0,0.3333333333333333,45,1
SOL,2024-12-22,181.0289078386085,-0.069830017237272,0.040547743033962975,9118911905.32381,-0.0711797469636217,1,1,0.6666666666666666,45,1
SOL,2024-12-23,180.15299381882627,-0.0048502747946703,0.040547743033962975,9118911905.32381,-0.0756738727427903,1,0,0.3333333333333333,45,1
SOL,2024-12-24,189.8421861765656,0.0523866724171452,0.040547743033962975,9118911905.32381,-0.0259607180600206,1,1,0.6666666666666666,45,1
SOL,2024-12-25,197.50098597289025,0.0395504486452711,0.040547743033962975,9118911905.32381,0.0,0,0,0.3333333333333333,45,1
SOL,2024-12-26,197.3576592740719,-0.0007259646298154,0.040547743033962975,9118911905.32381,-0.0007257011812489,0,1,1.0,45,1
SOL,2024-12-27,188.1445662723348,-0.0478069751086452,0.040547743033962975,9118911905.32381,-0.047374040460941,1,1,1.0,45,1
SOL,2024-12-28,183.7486638546285,-0.0236417703309816,0.040547743033962975,9118911905.32381,-0.0696316631054663,1,1,0.6666666666666666,45,1
SOL,2024-12-29,194.8276511169169,0.0585464607933615,0.040547743033962975,9118911905.32381,-0.0135358051141085,1,1,0.6666666666666666,45,1
SOL,2024-12-30,189.9284130164687,-0.0254680997544859,0.040547743033962975,9118911905.32381,-0.0383419501382184,1,0,0.3333333333333333,45,1
SOL,2024-12-31,190.70066508822853,0.0040577726495961,0.040547743033962975,9118911905.32381,-0.0344318325863707,1,1,1.0,45,1
SOL,2025-01-01,189.45168366761857,-0.0065709756559897,0.040547743033962975,9118911905.32381,-0.0407557575756941,1,0,0.3333333333333333,45,1
SOL,2025-01-02,193.64679144177083,0.0219018124117391,0.040547743033962975,9118911905.32381,-0.0195148115951606,1,0,0.0,45,1
SOL,2025-01-03,207.87862676897493,0.0709185472638069,0.040547743033962975,9118911905.32381,0.0,0,1,1.0,45,1
SOL,2025-01-04,217.647289485303,0.0459214301377764,0.040547743033962975,9118911905.32381,0.0,0,1,0.6666666666666666,45,1
SOL,2025-01-05,216.68364826265568,-0.0044373666257157,0.040547743033962975,9118911905.32381,-0.0044275360604129,0,0,0.3333333333333333,45,1
SOL,2025-01-06,213.44823541657385,-0.0150441015411751,0.040547743033962975,9118911905.32381,-0.0192929306799967,0,0,0.0,45,1
SOL,2025-01-07,218.4209767110049,0.0230299402640874,0.040547743033962975,9118911905.32381,0.0,0,0,0.0,45,1
SOL,2025-01-08,202.492545725036,-0.0757212118354191,0.040547743033962975,9118911905.32381,-0.0729253720307458,0,0,0.3333333333333333,45,1
SOL,2025-01-09,197.45206766283223,-0.0252072151268307,0.040547743033962975,9118911905.32381,-0.0960022675657056,0,1,1.0,45,1
SOL,2025-01-10,185.0111350868991,-0.0650798465819088,0.040547743033962975,9118911905.32381,-0.1529607738560327,1,0,0.3333333333333333,45,1
SOL,2025-01-11,187.8201167474825,0.0150686660427492,0.040547743033962975,9118911905.32381,-0.1401003714217921,1,1,0.6666666666666666,45,1
SOL,2025-01-12,188.0632507646954,0.0012936675157014,0.040547743033962975,9118911905.32381,-0.1389872273416125,1,1,0.6666666666666666,45,1
SOL,2025-01-13,188.39194289058088,0.0017462487698452,0.040547743033962975,9118911905.32381,-0.1374823713024402,1,1,0.6666666666666666,45,1
SOL,2025-01-14,183.11428850097792,-0.0284141100210749,0.040547743033962975,9118911905.32381,-0.1616451347378673,1,0,0.3333333333333333,45,1
SOL,2025-01-15,187.7045252023241,0.0247585667651702,0.040547743033962975,9118911905.32381,-0.1406295859088756,1,1,0.6666666666666666,45,1
SOL,2025-01-16,205.7585480056701,0.0918343322884438,0.040547743033962975,9118911905.32381,-0.0579725853075391,1,1,0.6666666666666666,45,1
SOL,2025-01-17,211.23399374041628,0.0262631098037611,0.040547743033962975,9118911905.32381,-0.032904270820553,1,0,0.3333333333333333,45,1
SOL,2025-01-18,219.77905400813705,0.0396562476517232,0.040547743033962975,4798709306.681503,0.0,1,0,0.3333333333333333,45,1
SOL,2025-01-19,262.5615764589647,0.1778628897670972,0.0512692348188919,5300081749.541753,0.0,0,1,0.6666666666666666,45,1
SOL,2025-01-20,251.97488550305263,-0.0411562096665376,0.0520600451198313,5821340245.57828,-0.040320792930517,1,0,0.3333333333333333,45,1
SOL,2025-01-21,242.47150410221352,-0.0384452272268137,0.0507259048136207,6397673571.796044,-0.0765156601651156,1,0,0.3333333333333333,45,1
SOL,2025-01-22,250.3984908388754,0.0321694175905048,0.0508089247212,6644252104.669358,-0.0463246975590513,0,0,0.3333333333333333,45,1
SOL,2025-01-23,256.1143343782641,0.0225703512337414,0.05025958280473,6778472971.096793,-0.0245551621362548,0,0,0.0,45,1
SOL,2025-01-24,253.49503131499628,-0.0102797409363977,0.0500717154975912,6998081450.638576,-0.0345311193901419,0,0,0.0,45,1
SOL,2025-01-25,253.6263788544132,0.0005180122145115,0.0500644804897064,7172866265.671779,-0.0340308651595408,0,0,0.3333333333333333,45,1
SOL,2025-01-26,257.0742996969564,0.0135029122736139,0.04893111108116,7245237186.835352,-0.0208990090477532,0,0,0.3333333333333333,45,1
SOL,2025-01-27,241.06731630326192,-0.0642889317436569,0.0504457015532323,7286093695.773149,-0.0818636924929572,0,0,0.3333333333333333,45,1
SOL,2025-01-28,234.97914713600687,-0.0255794406328336,0.0499350369415865,7621688061.688036,-0.1050512786179459,0,0,0.3333333333333333,45,1
SOL,2025-01-29,226.88945614638288,-0.0350338530747388,0.0501744963601169,7726625427.90724,-0.1358619215868279,0,0,0.3333333333333333,45,1
SOL,2025-01-30,228.6145425527223,0.0075744435127875,0.0501740862352074,7801735885.867155,-0.1292917050699835,0,0,0.0,45,1
SOL,2025-01-31,239.0471972633765,0.0446236454712089,0.050599023847472,7847067817.51357,-0.0895575792646995,0,0,0.3333333333333333,45,1
SOL,2025-02-01,231.50782299297447,-0.0320473449431501,0.0510355555878122,7911814809.441616,-0.1182722692512607,0,0,0.3333333333333333,45,1
SOL,2025-02-02,214.46366422580272,-0.0764733391115895,0.0516565327628648,7879873757.898303,-0.1831871703462258,0,0,0.3333333333333333,45,1
SOL,2025-02-03,202.32492853599263,-0.0582653643022028,0.0520359226557421,8035424061.175826,-0.229419128020761,0,0,0.3333333333333333,45,1
SOL,2025-02-04,215.95147229807475,0.0651787549886696,0.053475813299232,8506788436.855134,-0.1775206593039882,0,0,0.3333333333333333,45,1
SOL,2025-02-05,207.4240639397552,-0.0402884013811112,0.053915677169376,8688129294.874842,-0.2099984059466021,0,0,0.3333333333333333,45,1
SOL,2025-02-06,196.2178757326025,-0.0555396630460861,0.0546142119499878,8695129451.751135,-0.2526786349362543,1,0,0.3333333333333333,45,1
SOL,2025-02-07,189.38932513491977,-0.035420835049697,0.053257169903409,8673287854.12584,-0.2786860602792003,1,1,0.6666666666666666,45,1
SOL,2025-02-08,192.2709679394336,0.0151008507637917,0.0531658762485245,8651587681.83059,-0.2677109479136475,1,1,1.0,45,1
SOL,2025-02-09,199.709393945894,0.0379576111619693,0.0521952095582957,8589228979.294871,-0.2393807325532027,0,1,1.0,45,1
SOL,2025-02-10,200.44634668796408,0.0036833337644279,0.0521423990839502,8558753779.668134,-0.2365739519419304,0,1,1.0,45,1
SOL,2025-02-11,200.0458466193684,-0.0020000399947555,0.0521477724535558,8633530383.738266,-0.2380993086753756,0,1,1.0,45,1
SOL,2025-02-12,197.9291526403184,-0.0106374216593816,0.0521993205751919,8732690505.418932,-0.2461610136955724,0,1,1.0,45,1
SOL,2025-02-13,196.6030139285293,-0.0067226138630304,0.0519180507603024,8689514753.197786,-0.2512117858979412,0,1,1.0,45,1
SOL,2025-02-14,194.2631701900725,-0.0119727506968547,0.0518048296220143,8687109918.707972,-0.2601233858738902,0,1,1.0,45,1
SOL,2025-02-15,199.65011966060425,0.0273526457052176,0.0491837292970558,8670559530.460035,-0.2396064863976499,0,1,1.0,45,1
SOL,2025-02-16,194.4254509858272,-0.0265176286949794,0.0491186697114373,8505821867.09377,-0.2595053183030623,0,1,1.0,45,1
SOL,2025-02-17,188.165584495931,-0.032726460389688,0.0487393873862098,8389378548.969088,-0.2833468360693702,0,1,0.6666666666666666,45,1
SOL,2025-02-18,177.91997195388805,-0.0559884903473382,0.0353044797082422,7704174538.235712,-0.3223685873866054,0,1,0.6666666666666666,45,1
SOL,2025-02-19,169.10718217289786,-0.0508011254937752,0.0356125606817305,7026994982.977845,-0.3559332463890529,0,1,0.6666666666666666,45,1
SOL,2025-02-20,169.2644343661567,0.0009294645111676,0.035378428322406,6361040694.184165,-0.3553343309065225,0,0,0.3333333333333333,45,1
SOL,2025-02-21,176.02074183930708,0.0391396470076006,0.0356998022389093,6066670605.165543,-0.3296020529233184,0,1,0.6666666666666666,45,1
SOL,2025-02-22,169.00123201382314,-0.0406958345348016,0.0354705115083901,5899754671.940153,-0.3563367713849933,0,1,0.6666666666666666,45,1
SOL,2025-02-23,172.21280391506767,0.0188249392177955,0.0359662917589227,5620776501.641598,-0.3441050810342673,0,1,0.6666666666666666,45,1
SOL,2025-02-24,168.09302650361454,-0.0242133887969146,0.0359318557137689,5395907218.103643,-0.3597957904937948,0,1,0.6666666666666666,45,1
SOL,2025-02-25,141.16593031186233,-0.1745815461383769,0.0460139442166848,5475949082.562008,-0.4623511474310297,1,0,0.0,45,1
SOL,2025-02-26,144.3563354963687,0.0223487857700867,0.0458557027026742,5678412788.295854,-0.4502000732809817,1,0,0.3333333333333333,45,1
SOL,2025-02-27,134.6628545613439,-0.0695105137921374,0.0468272169797333,5441096034.11532,-0.4871189593790768,1,1,0.6666666666666666,45,1
SOL,2025-02-28,137.60648163669737,0.0216237481281235,0.0472801297777545,5389820547.958841,-0.4759077718357482,1,1,0.6666666666666666,45,1
SOL,2025-03-01,148.17466304440643,0.0739937043255288,0.0499350673757019,5475222344.427358,-0.4356574749330681,0,1,0.6666666666666666,45,1
SOL,2025-03-02,143.4002225931321,-0.0327522532155519,0.0487628941969581,5422814868.650245,-0.4538415539428942,1,1,0.6666666666666666,45,1
SOL,2025-03-03,178.17413183106032,0.2171218603952338,0.0647251104469083,5700762453.261156,-0.3214005863538572,0,0,0.3333333333333333,45,1
SOL,2025-03-04,142.5141267061424,-0.2233202112377866,0.0747945054029745,5908761525.512381,-0.4572163656687378,0,0,0.3333333333333333,45,1
SOL,2025-03-05,145.06190940041165,0.0177194831055244,0.0745166779973309,5888150189.174801,-0.4475128030659004,0,1,0.6666666666666666,45,1
SOL,2025-03-06,146.1815871653316,0.0076889839219815,0.0732155124933157,5483927315.124055,-0.4432483643006383,0,1,0.6666666666666666,45,1
SOL,2025-03-07,143.45134750836067,-0.0188536606441883,0.0730444862232259,5365843784.199339,-0.4536468380369416,0,0,0.3333333333333333,45,1
SOL,2025-03-08,139.1826626278542,-0.0302087459023833,0.0726727878715,5449083762.091802,-0.4699046810087735,0,1,0.6666666666666666,45,1
SOL,2025-03-09,136.88210638232243,-0.016667172058068,0.0725400024003156,5381402073.975239,-0.4786666494451235,0,0,0.3333333333333333,45,1
SOL,2025-03-10,126.63426805755284,-0.0778168651555705,0.0733738374349571,5330731023.969257,-0.5176968779460984,1,1,0.6666666666666666,45,1
SOL,2025-03-11,118.78644366084116,-0.0639758630239655,0.0732487068484886,5434912367.405432,-0.5475863404582884,1,0,0.3333333333333333,45,1
SOL,2025-03-12,125.4287680235315,0.0544107221459068,0.0743277882308755,5516706484.080976,-0.522288182013812,1,1,0.6666666666666666,45,1
SOL,2025-03-13,126.56536487567296,0.0090208811350051,0.0744246337795332,5510443037.288897,-0.517959304698745,1,0,0.3333333333333333,45,1
SOL,2025-03-14,123.23770752728636,-0.0266438212374673,0.0744477260309363,5465812353.397877,-0.5306331216115813,1,1,0.6666666666666666,45,1
SOL,2025-03-15,133.5545345544276,0.0803948211006317,0.0764849141222072,5422802843.498908,-0.4913401406420158,1,1,0.6666666666666666,45,1
SOL,2025-03-16,135.83808085318316,0.0169537015058815,0.0766789521481289,5387131741.718027,-0.482642956805932,0,1,0.6666666666666666,45,1
SOL,2025-03-17,126.16514527624146,-0.0738718689084098,0.0771168666293911,5336836694.850623,-0.5194835932288074,1,1,0.6666666666666666,45,1
SOL,2025-03-18,128.27980954134415,0.0166221645534046,0.0773024522010832,5360467355.56995,-0.5114296186388384,1,0,0.3333333333333333,45,1
SOL,2025-03-19,125.34406014353016,-0.0231514528023463,0.0772416178694043,5375779182.487958,-0.522610803020068,1,1,0.6666666666666666,45,1
SOL,2025-03-20,135.62276169425357,0.0788147832106365,0.0785963273843583,5351585645.083073,-0.4834630278987153,1,1,0.6666666666666666,45,1
SOL,2025-03-21,127.67626424914864,-0.0603793459485197,0.0787909964577921,5199133382.997961,-0.5137282995819347,1,1,0.6666666666666666,45,1
SOL,2025-03-22,128.23973822410704,0.004403592429304,0.0788092039157932,5150999156.389586,-0.5115822354755345,1,0,0.3333333333333333,45,1
SOL,2025-03-23,128.39187391771924,0.0011856350054795,0.0783086294670714,5080482072.770843,-0.5110028068490616,1,0,0.3333333333333333,45,1
SOL,2025-03-24,132.10106868785385,0.0284801994789181,0.0784077610059664,4968022382.379905,-0.4968758549158859,0,1,0.6666666666666666,45,1
SOL,2025-03-25,140.57936877383233,0.0622049300945345,0.0793182788672645,5052560974.347753,-0.4645851435318326,0,1,1.0,45,1
SOL,2025-03-26,143.93305133739045,0.0235760386170624,0.079435578751581,5129071147.61418,-0.4518122061935231,0,1,0.6666666666666666,45,1
SOL,2025-03-27,137.09334253160864,-0.048686244024353,0.0732628654380908,4973748090.680044,-0.4778621290269609,0,0,0.3333333333333333,45,1
SOL,2025-03-28,138.37897933357002,0.0093341220460275,0.0731584459664863,4717030511.430761,-0.4729656136293155,0,1,0.6666666666666666,45,1
SOL,2025-03-29,129.44621681849003,-0.0667306674902974,0.0730709240264894,4663880749.341369,-0.5069872044330866,0,1,0.6666666666666666,45,1
SOL,2025-03-30,124.50189658068513,-0.0389445313613208,0.0732517417368783,4610807269.880957,-0.5258182927609618,0,1,0.6666666666666666,45,1
SOL,2025-03-31,124.5806499329744,0.0006323474367495,0.0717911710447287,4380971464.808839,-0.525518350349923,0,0,0.0,45,1
SOL,2025-04-01,124.86617842858315,0.0022892944535365,0.0716220842183534,4380241892.997737,-0.5244308778436273,0,0,0.0,45,1
SOL,2025-04-02,126.80693682115113,0.0154231560393573,0.0583216092834893,4059318569.452128,-0.5170392464452256,0,0,0.3333333333333333,45,1
SOL,2025-04-03,118.08550586157004,-0.0712567593016224,0.0441484433229403,3921144022.4296575,-0.5502559534638328,0,0,0.3333333333333333,45,1
SOL,2025-04-04,117.1929518844708,-0.007587250166489,0.0439154646506634,3804988665.699661,-0.5536553616679449,0,1,1.0,45,1
SOL,2025-04-05,122.71307466195722,0.0460271661720662,0.0449076166714422,3841079270.87762,-0.5326312542873696,0,1,0.6666666666666666,45,1
SOL,2025-04-06,120.16838205477264,-0.0209549609727338,0.0449302580014477,3741408292.99742,-0.542323047890621,0,1,1.0,45,1
SOL,2025-04-07,105.76515013740064,-0.1276728716536307,0.0499874215251492,3654074719.632496,-0.5971796347211128,1,1,1.0,45,1
SOL,2025-04-08,106.7967654056102,0.00970656822736,0.0500825249129587,3900839512.632476,-0.5932505934572598,1,0,0.0,45,1
SOL,2025-04-09,105.48654682895577,-0.0123442130270931,0.0483439069315873,3980027669.824786,-0.5982407317491023,1,1,0.6666666666666666,45,1
SOL,2025-04-10,118.96288063114292,0.120228090406617,0.052276308112374,4059212882.768149,-0.5469143572508393,1,0,0.3333333333333333,45,1
SOL,2025-04-11,112.88616853404648,-0.0524315641022728,0.0520842038002209,4022432102.701097,-0.5700583076302131,1,1,0.6666666666666666,45,1
SOL,2025-04-12,121.39249540173658,0.0726491067151253,0.0538768216461248,4015802161.4039,-0.5376608525935294,1,1,0.6666666666666666,45,1
SOL,2025-04-13,132.15438529607428,0.084941765134815,0.0558875844448193,4061827913.0882754,-0.4966727916613935,1,0,0.0,45,1
SOL,2025-04-14,128.2347432835372,-0.0301083085079767,0.0541804173082121,4081487640.417124,-0.5116012593579975,1,1,0.6666666666666666,45,1
SOL,2025-04-15,129.42181202590046,0.0092144144361053,0.0541086135481828,4178425914.0640736,-0.5070801532678656,1,0,0.3333333333333333,45,1
SOL,2025-04-16,126.3038818388089,-0.024386166708526,0.0525620007947205,4209128127.463625,-0.5189551969400643,1,1,0.6666666666666666,45,1
SOL,2025-04-17,131.4761427933663,0.0401346475840518,0.0529913775823984,4284674763.222892,-0.4992559666706812,1,1,0.6666666666666666,45,1
SOL,2025-04-18,134.6151648808524,0.023594665607051,0.0529494475229975,4320740704.161519,-0.4873005917456045,1,0,0.3333333333333333,45,1
SOL,2025-04-19,133.9760882871713,-0.0047587387315498,0.0509500456853085,4262502841.752561,-0.4897345982834232,1,1,0.6666666666666666,45,1
SOL,2025-04-20,139.64248014652355,0.0414241046731001,0.0502027069312958,4261776621.288291,-0.468153406032173,1,0,0.3333333333333333,45,1
SOL,2025-04-21,137.6315829179827,-0.0145050169004034,0.0503028961625993,4275441554.1487417,-0.4758121703329545,1,1,0.6666666666666666,45,1
SOL,2025-04-22,136.3303974884886,-0.0094990933536092,0.0503492720912645,4380460543.669626,-0.4807679047059826,1,1,0.6666666666666666,45,1
SOL,2025-04-23,148.80397504642707,0.0875485032353049,0.0525283151271869,4497986796.123639,-0.4332606581158176,0,0,0.3333333333333333,45,1
SOL,2025-04-24,150.9999108899842,0.0146494106183295,0.0514160623346568,4512682388.916175,-0.424897150122102,0,0,0.3333333333333333,45,1
SOL,2025-04-25,152.3299363576059,0.0087695556734163,0.0512764935006458,4525145508.03169,-0.4198315747033408,0,0,0.3333333333333333,45,1
SOL,2025-04-26,150.92008896105446,-0.0092983178013238,0.0504341809927135,4575878357.347948,-0.4252011623466105,0,0,0.3333333333333333,45,1
SOL,2025-04-27,149.14633083954075,-0.0118225743685321,0.0504933749903331,4553589290.45988,-0.4319567514371221,1,1,0.6666666666666666,45,1
SOL,2025-04-28,148.2466719511348,-0.006050321456125,0.0488119574558137,4497774729.922601,-0.4353832196223729,0,1,0.6666666666666666,45,1
SOL,2025-04-29,147.99083303267335,-0.001727255852236,0.0481374720886947,4554061520.632497,-0.4363576155028053,0,1,0.6666666666666666,45,1
SOL,2025-04-30,146.49305755147196,-0.0101722942703077,0.0482175191212317,4599314668.99211,-0.4420620887216255,0,1,0.6666666666666666,45,1
SOL,2025-05-01,147.73348327834748,0.0084318231281259,0.0482168925177699,4586348748.243688,-0.437337765598629,0,0,0.0,45,1
SOL,2025-05-02,150.76046702861854,0.0202824044873828,0.0482591532647982,4595087527.913886,-0.4258091032897929,0,1,0.6666666666666666,45,1
SOL,2025-05-03,147.97213909446802,-0.0186682595413184,0.0462793652644715,4494165271.293187,-0.4364288138040093,0,1,0.6666666666666666,45,1
SOL,2025-05-04,146.79754814764868,-0.0079695926318359,0.0462837216529766,4370918032.76666,-0.4409023965828014,1,1,1.0,45,1
SOL,2025-05-05,143.9823040324787,-0.0193640106882135,0.0459456639904629,4227515288.458215,-0.4516246208820982,1,1,0.6666666666666666,45,1
SOL,2025-05-06,146.81070557078957,0.0194536363917354,0.0457404311386318,4248806206.344987,-0.4408522848211403,1,1,0.6666666666666666,45,1
SOL,2025-05-07,146.90938773866714,0.0006719470260186,0.0381064885559342,4206874872.6943417,-0.4404764409173656,1,1,1.0,45,1
SOL,2025-05-08,147.20059726659957,0.0019802770252223,0.038141297410528,4036707396.600328,-0.4393673314587014,1,1,1.0,45,1
SOL,2025-05-09,163.41627317514832,0.1045045046980197,0.0415236328510455,4084747327.640341,-0.3776078153587397,1,1,0.6666666666666666,45,1
SOL,2025-05-10,172.6970765026263,0.0552382883231435,0.0373031909788248,4100209063.538743,-0.3422606657390449,1,1,0.6666666666666666,45,1
SOL,2025-05-11,177.3428319704922,0.0265457061570581,0.0353014304241,4090732652.193429,-0.3245667002680842,0,1,0.6666666666666666,45,1
SOL,2025-05-12,172.85779222329435,-0.0256155167903221,0.0343185096512635,4098815889.376243,-0.3416485589607586,0,1,0.6666666666666666,45,1
SOL,2025-05-13,174.41950190990173,0.0089940819089406,0.0314138645081826,4210506186.102565,-0.3357005839841098,0,0,0.3333333333333333,45,1
SOL,2025-05-14,184.0537977717944,0.0537647659680089,0.0315223706666988,4277041106.9630175,-0.2990071119543273,0,0,0.0,45,1
SOL,2025-05-15,176.45507175799847,-0.042161801045477,0.0330405029866828,4301249008.375201,-0.3279478507946255,0,1,0.6666666666666666,45,1
SOL,2025-05-16,168.75269732863256,-0.0446319792290078,0.0339678523157388,4357897977.604725,-0.3572833481405965,0,1,0.6666666666666666,45,1
SOL,2025-05-17,167.76812404954248,-0.0058515017547979,0.0335805122841109,4334166166.392124,-0.3610332238549661,1,0,0.3333333333333333,45,1
SOL,2025-05-18,165.9394166641985,-0.0109600501515087,0.0336242000494757,4309189234.822667,-0.3679980943817463,1,1,0.6666666666666666,45,1
SOL,2025-05-19,171.5406749574527,0.033197648360529,0.0338806533745477,4383817444.907351,-0.3466649718099079,1,1,0.6666666666666666,45,1
SOL,2025-05-20,166.7148813421899,-0.0285353542772899,0.0339253583899686,4453244843.350477,-0.3650446360408508,1,1,0.6666666666666666,45,1
SOL,2025-05-21,168.38572912424627,0.0099722983279794,0.033711192341004,4507598047.54131,-0.3586809943968972,1,0,0.3333333333333333,45,1
SOL,2025-05-22,173.96771434765478,0.0326123779724468,0.0338887215121155,4555309518.14629,-0.3374212758246296,1,1,0.6666666666666666,45,1
SOL,2025-05-23,179.57884486750282,0.0317446263883249,0.0307666704148609,4566916542.522303,-0.3160505535905444,0,0,0.0,45,1
SOL,2025-05-24,174.43566967519817,-0.029058340144245,0.031384662375001,4673827458.763088,-0.3356390069418233,0,0,0.3333333333333333,45,1
SOL,2025-05-25,175.9976176396849,0.0089144402923769,0.0313853039478209,4641449883.083583,-0.3296901244528013,0,0,0.3333333333333333,45,1
SOL,2025-05-26,175.13203918726265,-0.004930259742672,0.0313276557435202,4603068004.240322,-0.3329867928537756,0,0,0.0,45,1
SOL,2025-05-27,174.71672204451494,-0.0023742678772722,0.0312003569251924,4629062986.553616,-0.3345685823461639,0,0,0.3333333333333333,45,1
SOL,2025-05-28,176.57784495904014,0.010595895878437,0.0311399685869745,4690879533.601321,-0.3274802530497557,0,0,0.3333333333333333,45,1
SOL,2025-05-29,172.12073410994773,-0.0255656540001364,0.0316395863360751,4672673456.678419,-0.3444557408922771,0,0,0.3333333333333333,45,1
SOL,2025-05-30,166.83894593726552,-0.0311672215638415,0.0322145178279636,4693117963.766704,-0.3645721198534146,0,0,0.3333333333333333,45,1
SOL,2025-05-31,156.51262963204462,-0.0638922442545558,0.0345210070397497,4742202644.5231285,-0.4039012419758771,0,1,0.6666666666666666,45,1
SOL,2025-06-01,156.86968538083693,0.0022787240133898,0.0343469099635055,4719774512.52824,-0.4025413485992158,0,0,0.3333333333333333,45,1
SOL,2025-06-02,157.63092185153255,0.0048409315581369,0.0341426253799192,4704815147.564384,-0.3996420802410576,0,0,0.3333333333333333,45,1
SOL,2025-06-03,156.97126157615844,-0.0041936215123754,0.0341111400483471,4755405814.294215,-0.4021544824145614,0,1,0.6666666666666666,45,1
SOL,2025-06-04,155.57609294535118,-0.0089277856777812,0.0339360531550747,4827477151.883328,-0.4074681640644936,0,1,0.6666666666666666,45,1
SOL,2025-06-05,153.52933334658826,-0.0132433101386686,0.0339005308260599,4837469685.929053,-0.4152635148784494,1,1,0.6666666666666666,45,1
SOL,2025-06-06,144.54778524030908,-0.0602814989011075,0.0357286381547655,4904450646.597905,-0.4494709119675771,1,1,1.0,45,1
SOL,2025-06-07,148.27289869882955,0.0254443393860084,0.036041175258321,4846784187.669715,-0.4352833316340067,1,1,0.6666666666666666,45,1
SOL,2025-06-08,150.07536034230216,0.0120830842405528,0.0303171907401379,4661568676.49973,-0.4284184214373911,1,0,0.3333333333333333,45,1
SOL,2025-06-09,152.50446458828966,0.0160563013912196,0.0285196448142023,4442527842.885516,-0.4191668611796123,0,0,0.3333333333333333,45,1
SOL,2025-06-10,161.15980951265985,0.0552026067381844,0.0300233069926684,4421446046.75286,-0.386201851443228,0,0,0.3333333333333333,45,1
SOL,2025-06-11,164.9644225697288,0.0233333515156516,0.0300925295302159,4441917382.111318,-0.3717114865224355,0,0,0.3333333333333333,45,1
SOL,2025-06-12,161.01986639557893,-0.0242020787281148,0.0303007488224208,4368386000.542083,-0.3867348430521612,0,1,0.6666666666666666,45,1
SOL,2025-06-13,152.6604566097001,-0.0533115337437431,0.0297255283580738,4291187402.798553,-0.4185727452258835,0,1,0.6666666666666666,45,1
SOL,2025-06-14,148.53042859104298,-0.0274263738003877,0.029228981913675,4327563101.892615,-0.4343024954595496,0,1,0.6666666666666666,45,1
SOL,2025-06-15,144.75154594223267,-0.025771047108726,0.028558809999679,4225184427.344936,-0.4486948627654372,1,1,0.6666666666666666,45,1
SOL,2025-06-16,152.684889859998,0.0533574577371353,0.0304868859878904,4208858600.1062665,-0.4184796880062118,0,0,0.3333333333333333,45,1
SOL,2025-06-17,151.43554856186984,-0.0082161418197822,0.030466726091422,4269594543.1204834,-0.4232379672448476,0,0,0.3333333333333333,45,1
SOL,2025-06-18,147.99188434299543,-0.023002675657643,0.0298833913107924,4280579506.0493255,-0.4363536114503607,0,1,1.0,45,1
SOL,2025-06-19,146.27697674399295,-0.0116555112691278,0.0295808364072733,4254665714.759861,-0.4428850606522225,0,1,1.0,45,1
SOL,2025-06-20,147.09924520457085,0.0056055709508732,0.0295185609193767,4207813038.003412,-0.4397533440024849,0,0,0.3333333333333333,45,1
SOL,2025-06-21,140.04009054961782,-0.0491787537375393,0.0297484105921266,4164899519.386808,-0.4666390549665806,1,1,0.6666666666666666,45,1
SOL,2025-06-22,133.71000196412658,-0.0462554523684723,0.029632822508521,4103038101.671073,-0.4907480227403955,1,1,1.0,45,1
SOL,2025-06-23,131.8134744866569,-0.0142854391283002,0.0294243088714849,4016493361.9924207,-0.4979711949312667,1,1,1.0,45,1
SOL,2025-06-24,144.7815680115998,0.0938383279239121,0.034829569750195,4125140788.591626,-0.4485805197996003,1,1,0.6666666666666666,45,1
SOL,2025-06-25,145.8019507474219,0.0070230199853613,0.0349165057756937,4140147299.06172,-0.4446942590999828,1,0,0.3333333333333333,45,1
SOL,2025-06-26,143.37011953879949,-0.0168196640608376,0.0349627896385515,4154472231.6280336,-0.453956205350532,1,1,1.0,45,1
SOL,2025-06-27,138.97799072607012,-0.0311139545428014,0.0350848630572539,4152585843.341398,-0.4706842006343957,1,1,1.0,45,1
SOL,2025-06-28,142.12675809713753,0.0224037415774368,0.0353479469139361,4155466979.126586,-0.4586917095260879,1,1,0.6666666666666666,45,1
SOL,2025-06-29,150.7812372563586,0.0591107043851451,0.0369707533931875,4143172471.773025,-0.4257299971691633,1,1,0.6666666666666666,45,1
SOL,2025-06-30,153.31879559308874,0.0166893585147879,0.0353122926469413,4083931690.935028,-0.4160653753651929,0,0,0.3333333333333333,45,1
SOL,2025-07-01,154.9374500694811,0.0105021025623032,0.0353679831482011,4176350812.213044,-0.4099005187314755,0,0,0.3333333333333333,45,1
SOL,2025-07-02,146.84115991278014,-0.0536700297747411,0.0366580221328837,4224238398.226879,-0.4407362954886519,1,1,1.0,45,1
SOL,2025-07-03,152.1680329188485,0.0356339322244923,0.0373049353326825,4267294227.062681,-0.4204482050608399,0,0,0.3333333333333333,45,1
SOL,2025-07-04,152.28063806980848,0.0007397316317994,0.0372761566006789,4283296989.335731,-0.4200193336605435,0,1,1.0,45,1
SOL,2025-07-05,147.76302956048175,-0.0301152826820163,0.0375976054539213,4324226226.521685,-0.4372252347305075,1,1,1.0,45,1
SOL,2025-07-06,147.60067170952215,-0.001099375899029,0.0359095879877238,4214448682.040854,-0.4378435957761306,1,1,0.6666666666666666,45,1
SOL,2025-07-07,151.92103968743746,0.0288504470979266,0.0359958129896044,4230239876.85126,-0.4213889109887297,1,1,0.6666666666666666,45,1
SOL,2025-07-08,148.79005045485957,-0.02082465519077,0.036141556313822,4300187475.020759,-0.4333136917384645,1,1,1.0,45,1
SOL,2025-07-09,151.83083400485827,0.0202307119558889,0.036214609559383,4380072588.599317,-0.4217324710929755,1,1,0.6666666666666666,45,1
SOL,2025-07-10,157.20772193763892,0.0348010336327946,0.035319882735805,4424464702.472144,-0.4012538922952092,1,1,0.6666666666666666,45,1
SOL,2025-07-11,163.85821380442644,0.0414335033829409,0.035896719050269,4608655631.109635,-0.3759246268463977,1,1,0.6666666666666666,45,1
SOL,2025-07-12,162.75319398002793,-0.006766597946914,0.035635314006142,4915439625.138882,-0.3801332389338988,1,1,0.6666666666666666,45,1
SOL,2025-07-13,160.46917812212587,-0.0141330184589968,0.0342933007809923,5030625459.397351,-0.3888322111472189,1,1,0.6666666666666666,45,1
SOL,2025-07-14,161.2426294578984,0.0048083583365678,0.0338526008062929,5041197465.028394,-0.3858864208826886,1,0,0.3333333333333333,45,1
SOL,2025-07-15,162.28222240485653,0.006426687279833,0.0334253079333992,5446284347.943149,-0.3819269955890924,1,0,0.3333333333333333,45,1
SOL,2025-07-16,163.96583057213138,0.0103211228235463,0.0321237068722744,5746822059.247976,-0.3755147543541759,1,0,0.3333333333333333,45,1
SOL,2025-07-17,173.8289647474319,0.0584137986233189,0.0336339792219405,6170809917.851657,-0.3379497217689833,1,0,0.3333333333333333,45,1
SOL,2025-07-18,176.0976453468298,0.012966789729121,0.0332551642599781,6549887352.235482,-0.3293091558872788,1,0,0.0,45,1
SOL,2025-07-19,177.36979874415755,0.0071981672512996,0.0330917393338041,7038595923.571078,-0.3244639937943152,1,0,0.0,45,1
SOL,2025-07-20,176.91082733883786,-0.0025910062718494,0.0331325458994786,7198316997.438429,-0.3262120462378966,1,0,0.0,45,1
SOL,2025-07-21,180.9922312861293,0.0228083039953352,0.0315564675623222,7496697756.14229,-0.3106674871202401,1,0,0.3333333333333333,45,1
SOL,2025-07-22,196.4238116780261,0.0818205200208687,0.0325345661204191,8149068740.017783,-0.2518943010356091,0,0,0.3333333333333333,45,1
SOL,2025-07-23,205.2909062553001,0.0441533988409628,0.0326050964018971,9057539599.436792,-0.2181228151355776,0,0,0.0,45,1
SOL,2025-07-24,189.5923023530127,-0.0795520385426112,0.0334621202971118,9592189642.883472,-0.2779129950773898,0,0,0.3333333333333333,45,1
SOL,2025-07-25,182.5608428675505,-0.0377924865552591,0.0345360010968186,10097180488.401575,-0.3046932253772378,0,1,0.6666666666666666,45,1
SOL,2025-07-26,186.17182549934944,0.0195865372487579,0.0342909387237573,10569575093.65216,-0.2909403271790382,0,0,0.3333333333333333,45,1
SOL,2025-07-27,184.9395837508933,-0.0066408428644771,0.0335949603813093,10635302607.324867,-0.2956334805530953,0,0,0.0,45,1
SOL,2025-07-28,188.5758287219798,0.0194710029627542,0.033560437867531,10740987298.569944,-0.2817843674416999,0,0,0.0,45,1
SOL,2025-07-29,183.0302526626104,-0.0298487461099598,0.0329434913003629,11020284142.03777,-0.3029054169652432,0,1,0.6666666666666666,45,1
SOL,2025-07-30,181.16776459533068,-0.0102279760760147,0.0330217643717512,11111956799.867266,-0.3099989456239226,0,0,0.0,45,1
SOL,2025-07-31,177.8780960276323,-0.018325016303339,0.0332914197939475,11128639250.01923,-0.3225280773120564,0,0,0.3333333333333333,45,1
SOL,2025-08-01,172.1630467364299,-0.0326564879569806,0.0322271373394041,11177544356.214666,-0.3442945877370714,0,1,0.6666666666666666,45,1
SOL,2025-08-02,162.79127248081605,-0.055973130647045,0.033566268205438,11308797727.994402,-0.3799882119984969,1,1,0.6666666666666666,45,1
SOL,2025-08-03,158.53125175932496,-0.026517097426621,0.0339749435570231,11275882084.016256,-0.3962130563909775,1,1,0.6666666666666666,45,1
SOL,2025-08-04,161.90312387611365,0.0210464097292641,0.0336237668621831,11265115679.48946,-0.3833708417674083,1,1,0.6666666666666666,45,1
SOL,2025-08-05,169.41522028427192,0.0453544707831948,0.0344848982684421,11376116347.284538,-0.3547600430760304,1,1,0.6666666666666666,45,1
SOL,2025-08-06,164.08356857308905,-0.0319767638667104,0.0347963740755882,11423930852.679108,-0.3750663338253783,1,1,1.0,45,1
SOL,2025-08-07,168.1731958529984,0.0246185135482994,0.03473202361945,11416103236.133295,-0.3594904550731858,1,1,0.6666666666666666,45,1
SOL,2025-08-08,175.3851480311338,0.0419900254432949,0.0353033887401624,11429227290.59421,-0.3320227948184015,1,1,0.6666666666666666,45,1
SOL,2025-08-09,176.79535226118225,0.0080084602405588,0.0348544960474452,11461706180.173674,-0.3266518481282302,1,0,0.3333333333333333,45,1
SOL,2025-08-10,180.3863831264505,0.0201082614764319,0.0342755718601866,11270986329.206907,-0.312974938834423,1,0,0.3333333333333333,45,1
SOL,2025-08-11,182.9089507475702,0.0138873689113942,0.034275838494098,10988542707.122774,-0.3033674111255317,1,0,0.3333333333333333,45,1
SOL,2025-08-12,175.04512640796176,-0.0439446862599918,0.0352351558505564,10981591388.687605,-0.3333178115065162,1,1,0.6666666666666666,45,1
SOL,2025-08-13,192.59412792428108,0.0955412045775968,0.0390881661819369,11015767092.730797,-0.2664801509737229,0,0,0.3333333333333333,45,1
SOL,2025-08-14,201.8186877395025,0.0467846984342167,0.0397942253286842,10933508411.215525,-0.2313472121041883,0,0,0.0,45,1
SOL,2025-08-15,192.75680405400084,-0.0459403971707,0.0409541811411995,10986450372.136095,-0.2658605777219406,0,0,0.3333333333333333,45,1
SOL,2025-08-16,185.5996951638033,-0.0378371337971206,0.0404239663778615,10674522088.370674,-0.2931193601634611,1,0,0.3333333333333333,45,1
SOL,2025-08-17,189.76942306167987,0.0222175944492057,0.0405441599379025,10275909420.270582,-0.2772384077632219,0,0,0.3333333333333333,45,1
SOL,2025-08-18,191.6409898737488,0.0098140049153656,0.0405574398826959,9793776258.487535,-0.2701103015212127,1,0,0.3333333333333333,45,1
SOL,2025-08-19,183.0130381229085,-0.0460663804021431,0.0415140032886714,9736942165.724089,-0.3029709807843444,1,1,0.6666666666666666,45,1
SOL,2025-08-20,176.4002245667356,-0.0368019802508376,0.0418657327284349,9474732442.598597,-0.3281567434742116,1,0,0.3333333333333333,45,1
SOL,2025-08-21,187.2669439751863,0.0597796901965715,0.0405371294057163,8897953957.814465,-0.2867694256685957,0,0,0.3333333333333333,45,1
SOL,2025-08-22,180.24297051206173,-0.0382293299640341,0.0401196664236729,7966737035.954844,-0.3135211444762497,1,0,0.3333333333333333,45,1
SOL,2025-08-23,200.2605865005056,0.1053136741121177,0.0423063470253661,7542893744.302051,-0.2372814438375982,1,0,0.3333333333333333,45,1
SOL,2025-08-24,204.01931609622184,0.0185952251373025,0.0417342648230756,7149285867.913615,-0.222965832062226,1,0,0.0,45,1
SOL,2025-08-25,205.88090746426144,0.0090832064008746,0.0416403850362583,6928897895.350913,-0.2158757185995254,0,0,0.0,45,1
SOL,2025-08-26,187.18525315161807,-0.095199097467738,0.0453473840381335,7139444735.30057,-0.2870805558220247,1,0,0.3333333333333333,45,1
SOL,2025-08-27,195.9857969070515,0.0459434068038469,0.0459843257656961,7173412858.739286,-0.2535625374046997,1,1,0.6666666666666666,45,1
SOL,2025-08-28,203.2934176541396,0.0366081507647169,0.0460335040196641,7199899240.231914,-0.2257305109305969,0,1,1.0,45,1
SOL,2025-08-29,214.54958917125032,0.0538905539869081,0.0468552934129011,7415706769.867163,-0.1828599139875216,0,0,0.0,45,1
SOL,2025-08-30,205.08335316941145,-0.0451243992714138,0.0475777952979939,7652951858.742387,-0.2189133081265468,1,0,0.0,45,1
SOL,2025-08-31,202.7101419779933,-0.0116394106935893,0.0471610045074486,7661909791.314987,-0.227951992397964,0,0,0.3333333333333333,45,1
SOL,2025-09-01,200.90099462282365,-0.0089648639875077,0.0458116439285476,7548418335.647263,-0.2348423659993444,1,0,0.3333333333333333,45,1
SOL,2025-09-02,196.8838195099904,-0.0201984165564113,0.0456664735553065,7678904287.360929,-0.2501423012260097,1,0,0.0,45,1
SOL,2025-09-03,209.2303671595565,0.0608220740751943,0.0466485350301311,7845708283.35187,-0.2031188646056261,0,0,0.0,45,1
SOL,2025-09-04,210.678785187558,0.0068987482859787,0.0461277057691812,7904790800.945779,-0.1976023756831585,1,0,0.0,45,1
SOL,2025-09-05,202.68556246131905,-0.0386788036680096,0.0463400571727571,7907036195.173201,-0.2280456066922021,1,0,0.3333333333333333,45,1
SOL,2025-09-06,203.47913677981904,0.0039076528796779,0.0462233132470629,8027769759.856406,-0.2250231754240687,1,1,0.6666666666666666,45,1
SOL,2025-09-07,200.1866593703589,-0.016313249511307,0.0458977938508924,7962625571.240803,-0.2375630049523039,1,0,0.3333333333333333,45,1
SOL,2025-09-08,206.51848846856373,0.0311397127795914,0.0461539265325782,7892591946.406879,-0.2134474082088695,1,1,1.0,45,1
SOL,2025-09-09,214.08956690665315,0.0360045234779651,0.046421695808714,8053236302.822377,-0.1846119687656855,1,1,0.6666666666666666,45,1
SOL,2025-09-10,217.3851860476761,0.0152763665036708,0.0464308249731175,8138411873.852319,-0.172060173543135,1,1,0.6666666666666666,45,1
SOL,2025-09-11,223.9996568751895,0.029973689136334,0.0456572763306015,8215736129.630549,-0.1468680989192718,1,1,0.6666666666666666,45,1
SOL,2025-09-12,228.6994803098487,0.0207643086132708,0.0426691376422633,8278190882.813379,-0.1289682085467225,1,1,0.6666666666666666,45,1
SOL,2025-09-13,242.2582462884525,0.0575954619379751,0.0430715927414928,8321480800.083548,-0.0773278803560403,1,1,0.6666666666666666,45,1
SOL,2025-09-14,242.6675990847208,0.0016883113053626,0.0419509174729564,8086689688.398412,-0.0757688068549248,1,1,1.0,45,1
SOL,2025-09-15,240.5191021412361,-0.008893088728923,0.041194116238,8126297416.394019,-0.0839516376120386,0,1,0.6666666666666666,45,1
SOL,2025-09-16,233.8358169548661,-0.0281802810240769,0.0416464772586593,8317167622.159524,-0.1094058006944824,1,1,1.0,45,1
SOL,2025-09-17,237.00322352946304,0.0134545102824871,0.0416603806749646,8426129464.815535,-0.0973423197491203,0,1,0.6666666666666666,45,1
SOL,2025-09-18,244.9470305591984,0.032968242937786,0.040670762439984,8576130831.751083,-0.0670872948636459,0,1,0.6666666666666666,45,1
SOL,2025-09-19,247.55626201820508,0.010595892090295,0.0397106641430466,8693209973.570578,-0.0571496966278489,0,1,1.0,45,1
SOL,2025-09-20,238.33823551145915,-0.037947055066937,0.0396045296458731,8745294319.032782,-0.0922577525401602,0,1,1.0,45,1
SOL,2025-09-21,239.4633799935501,0.0047096808605202,0.0386388907899511,8688339622.813622,-0.0879724930697335,0,1,1.0,45,1
SOL,2025-09-22,236.64867854250417,-0.0118238309342327,0.0342938395892034,8471594584.295944,-0.0986926505619545,0,1,0.6666666666666666,45,1
SOL,2025-09-23,220.33692191838944,-0.0714188341963883,0.036949470861805,8624116919.868057,-0.1608181025953524,0,0,0.3333333333333333,45,1
SOL,2025-09-24,214.17925267896385,-0.0283445443766909,0.0373514712898497,8503556881.458113,-0.1842703888074896,0,0,0.3333333333333333,45,1
SOL,2025-09-25,211.59608812684968,-0.0121340810470558,0.0327447764360207,8372318461.910964,-0.1941087078294577,1,0,0.0,45,1
SOL,2025-09-26,192.18165357078567,-0.0962381756066352,0.0365463519946726,8503745360.077355,-0.2680511133325655,1,0,0.3333333333333333,45,1
SOL,2025-09-27,205.1199454921513,0.0651538709024445,0.0378966151118727,8424074525.770365,-0.2187739414940283,1,0,0.0,45,1
SOL,2025-09-28,203.5749247337909,-0.0075607903650113,0.0365363265271543,8149357559.100315,-0.2246583545113376,1,0,0.0,45,1
SOL,2025-09-29,210.7450481378904,0.0346149825949372,0.0361707423090904,7850421814.410918,-0.1973500045966269,1,0,0.0,45,1
SOL,2025-09-30,212.92955681530267,0.0103122916069911,0.0361301797684153,7884362632.336313,-0.1890300184551905,1,0,0.0,45,1
SOL,2025-10-01,208.6992944881733,-0.0200669582624294,0.0362990051841471,7947944906.536066,-0.2051415241224735,1,0,0.0,45,1
SOL,2025-10-02,221.2188833389755,0.0582582001510855,0.0375052130989292,7983459890.704654,-0.1574590375239103,1,0,0.3333333333333333,45,1
SOL,2025-10-03,234.61674360916183,0.0588006708341865,0.0374010658474585,8031362900.18344,-0.1064315397046311,0,0,0.3333333333333333,45,1
SOL,2025-10-04,233.0645802468049,-0.0066377209527904,0.0374442366636182,8113126017.639834,-0.1123431562606031,0,1,0.6666666666666666,45,1
SOL,2025-10-05,227.9390595390512,-0.0222372730982594,0.0369243425704994,8098865936.559452,-0.1318643702054577,0,0,0.3333333333333333,45,1
SOL,2025-10-06,228.5443211026712,0.0026518464591941,0.036925061942702,8085998754.366069,-0.1295591526188523,0,1,0.6666666666666666,45,1
SOL,2025-10-07,232.5968012360869,0.0175763308167908,0.036804427968354,8239256796.829333,-0.1141247536177896,0,1,0.6666666666666666,45,1
SOL,2025-10-08,220.92325353514107,-0.0514911156464473,0.0378577591822885,8413078839.120836,-0.1585849821797181,0,1,0.6666666666666666,45,1
SOL,2025-10-09,229.06280907281337,0.0361808692406179,0.0378631946896505,8326685278.83217,-0.1275844235776318,0,1,1.0,45,1
SOL,2025-10-10,220.8065008190006,-0.0367094852901748,0.0384319584859045,8288161307.709634,-0.1590296501228157,0,1,0.6666666666666666,45,1
SOL,2025-10-11,189.8912952568837,-0.1508349778799612,0.046898541717815,8536191076.66818,-0.2767742416165699,1,0,0.0,45,1
SOL,2025-10-12,178.3062307703534,-0.0629493085150558,0.0477640240175732,8626525838.177067,-0.3208974703188507,1,1,0.6666666666666666,45,1
SOL,2025-10-13,197.03997380287893,0.0999041511694075,0.0503322247219493,8588225821.089109,-0.2495475672401975,0,0,0.3333333333333333,45,1
SOL,2025-10-14,207.92928081408232,0.0537914049444425,0.0515231623415171,8724494120.097485,-0.2080742216042443,0,1,0.6666666666666666,45,1
SOL,2025-10-15,202.77828792883705,-0.0250848213127509,0.0516483817022346,8854889178.031641,-0.2276924496584559,0,1,1.0,45,1
SOL,2025-10-16,193.96279214560616,-0.0444468568858501,0.0519769778791944,8840744057.68897,-0.2612674148232794,0,1,0.6666666666666666,45,1
SOL,2025-10-17,184.57406686923576,-0.0496155182365617,0.0524268249502416,8918062395.397472,-0.297025599257542,1,1,0.6666666666666666,45,1
SOL,2025-10-18,182.07052141400305,-0.013656737045827,0.051848110896027,8898401269.72138,-0.3065606785673053,0,1,1.0,45,1
SOL,2025-10-19,187.55870371602296,0.0296977905721632,0.0522242722607547,8716916827.162085,-0.2856582206523421,1,1,1.0,45,1
SOL,2025-10-20,187.62095813065147,0.000331864552004,0.0519659801821609,8619285879.77298,-0.2854211165967216,1,1,1.0,45,1
SOL,2025-10-21,189.83490809801577,0.0117310422500761,0.0520408398778442,8702190768.53058,-0.2769889994635801,1,1,1.0,45,1
SOL,2025-10-22,185.78992071057104,-0.0215382128477555,0.0520973092155266,8852697788.637709,-0.2923948613646146,1,1,1.0,45,1
SOL,2025-10-23,180.02645418265774,-0.031512769075949,0.0509200835956638,8687657482.650852,-0.3143457751488867,1,1,0.6666666666666666,45,1
SOL,2025-10-24,191.42417371185576,0.0613879627057842,0.0522256987905226,8646093011.679728,-0.2709360741449801,1,0,0.3333333333333333,45,1
SOL,2025-10-25,193.47566388653937,0.0106599660534196,0.0522652218218983,8559122966.438677,-0.2631227063157988,1,1,1.0,45,1
SOL,2025-10-26,194.011016152678,0.0027632052111613,0.0492103081016346,8263332357.304591,-0.2610837474042983,0,1,1.0,45,1
SOL,2025-10-27,200.0709568443816,0.0307571461055882,0.0480341977149466,8081463145.573027,-0.2380036731092284,0,1,1.0,45,1
SOL,2025-10-28,198.81130112961708,-0.0063159485136884,0.0480287208201772,8170877245.017416,-0.242801236148546,0,1,1.0,45,1
SOL,2025-10-29,194.40531681984675,-0.0224108977865476,0.0477065810779623,8288649571.056546,-0.2595820018995428,0,1,0.6666666666666666,45,1
SOL,2025-10-30,194.22060377742545,-0.0009505956578851,0.047645006645203,8330114944.099888,-0.2602855056067967,0,1,1.0,45,1
SOL,2025-10-31,184.2863711132605,-0.0525037334162469,0.0484061007745797,8379459766.517488,-0.2981213260575379,0,0,0.3333333333333333,45,1
SOL,2025-11-01,187.2627467672827,0.0160217811294347,0.0471257643518984,8290127632.158009,-0.2867854112821809,0,1,1.0,45,1
SOL,2025-11-02,186.3556506725306,-0.0048557452378128,0.0455344130100685,8039195148.86354,-0.2902402050375569,0,1,1.0,45,1
SOL,2025-11-03,187.19632465985816,0.0045009822573461,0.0455885563400643,7833614584.35737,-0.2870383885392508,0,1,1.0,45,1
SOL,2025-11-04,165.92718959407298,-0.1206088553906663,0.0500218409802918,8005239969.834046,-0.3680446627726373,0,0,0.3333333333333333,45,1
SOL,2025-11-05,155.5134380549323,-0.0648169289877068,0.0509149390617725,8148381558.044221,-0.4077067933843807,1,1,0.6666666666666666,45,1
SOL,2025-11-06,162.64616988523213,0.0448449581967337,0.0517136837955205,8125649600.59813,-0.3805408541540661,1,0,0.3333333333333333,45,1
SOL,2025-11-07,154.84889388443324,-0.0491273411903462,0.0516530851118379,7996595219.749913,-0.4102377965092911,0,1,0.6666666666666666,45,1
SOL,2025-11-08,161.87760775808556,0.0443907787749832,0.0519372749451161,7971972394.361199,-0.3834680232300283,0,0,0.3333333333333333,45,1
SOL,2025-11-09,158.15618865832252,-0.0232574614671311,0.0517705669345454,7834017906.079012,-0.3976415331165545,0,0,0.3333333333333333,45,1
SOL,2025-11-10,164.26842094537048,0.0379187223912001,0.0452669414407081,7421390104.067924,-0.3743622994621845,0,1,0.6666666666666666,45,1
SOL,2025-11-11,167.54840917926455,0.0197705165846583,0.0441093097437099,7179646502.3750725,-0.3618700365875872,0,0,0.3333333333333333,45,1
SOL,2025-11-12,154.34628754698477,-0.0820736210500486,0.0420671524880996,6977562797.186124,-0.4121520382815522,0,1,0.6666666666666666,45,1
SOL,2025-11-13,153.19515043362588,-0.0074860968127138,0.0404114383494348,6789235034.309072,-0.4165362940774066,0,1,1.0,45,1
SOL,2025-11-14,145.15580784802805,-0.0539048992704653,0.0411143521214755,6580915543.05588,-0.4471551785845016,0,1,0.6666666666666666,45,1
SOL,2025-11-15,139.00276447047776,-0.04331388119226,0.0410832148193978,6539994450.036822,-0.4705898465985091,0,1,0.6666666666666666,45,1
SOL,2025-11-16,139.59145707175173,0.0042261714849034,0.0405150122879689,6326315535.633402,-0.4683477340654669,0,1,1.0,45,1
SOL,2025-11-17,137.4975729739525,-0.0151137268423282,0.0405212740066587,6146343151.829661,-0.476322564678683,0,1,1.0,45,1
SOL,2025-11-18,130.68858764032888,-0.0507889662469895,0.0405106252812089,6260801000.732736,-0.5022554731622966,0,1,0.6666666666666666,45,1
SOL,2025-11-19,140.60155456478054,0.0731127363586238,0.0433565533800245,6355980736.911745,-0.464500646054146,0,0,0.3333333333333333,45,1
SOL,2025-11-20,136.43470513687834,-0.0300838864306845,0.0433187257056059,6357913043.906542,-0.4803706354261569,1,1,1.0,45,1
SOL,2025-11-21,133.60337500165332,-0.0209706267613762,0.0433140927588518,6376049272.621868,-0.4911541254303294,1,1,1.0,45,1
SOL,2025-11-22,128.48401421465474,-0.0390710291741059,0.0434593125345913,6475461391.705595,-0.5106518785137806,1,1,0.6666666666666666,45,1
SOL,2025-11-23,127.62806806856854,-0.0066841776873605,0.0412576709015492,6385522207.642665,-0.5139118610200936,1,1,1.0,45,1
SOL,2025-11-24,130.84897517738048,0.0249234809936431,0.0416263752559805,6324026612.803528,-0.5016446163141062,1,1,0.6666666666666666,45,1
SOL,2025-11-25,138.3677130507636,0.0558709318583443,0.043412430021501,6433641761.950551,-0.4730085227364223,0,0,0.3333333333333333,45,1
SOL,2025-11-26,139.0062092062614,0.0046038739192247,0.0427976821761235,6433666760.480298,-0.4705767268731095,0,1,1.0,45,1
SOL,2025-11-27,142.92252259467037,0.0277840807143251,0.0434061623192971,6410285413.075583,-0.455660936675525,0,0,0.3333333333333333,45,1
SOL,2025-11-28,140.8298940142595,-0.0147499467655685,0.0433592361263564,6270174141.303182,-0.4636309854870574,0,1,1.0,45,1
SOL,2025-11-29,137.46833804153275,-0.0241591148285472,0.0433854676167663,6176389902.815909,-0.4764339097308191,1,1,1.0,45,1
SOL,2025-11-30,136.08875145366935,-0.0100863646881244,0.0426893682039266,5983418227.755276,-0.4816882451384183,1,1,1.0,45,1
SOL,2025-12-01,134.57716421907872,-0.0111695109154341,0.0424031962478109,5905634195.126433,-0.4874453222209702,0,1,1.0,45,1
SOL,2025-12-02,126.74719818442522,-0.0599432090251586,0.0433104491133698,6043587955.251769,-0.5172667688326654,1,1,0.6666666666666666,45,1
SOL,2025-12-03,138.68381774415911,0.0900021124265794,0.0471357759339344,6166123932.780224,-0.4718045967939495,0,0,0.3333333333333333,45,1
SOL,2025-12-04,145.03241215787318,0.0447605999645478,0.0432650487314691,6055368788.165566,-0.4476251471603269,0,0,0.3333333333333333,45,1
SOL,2025-12-05,139.0035856702843,-0.0424575205771835,0.0423733150611856,5833128968.767047,-0.4705867189519676,0,1,0.6666666666666666,45,1
SOL,2025-12-06,133.19940782316152,-0.0426524166627259,0.0419226434335636,5767683072.782357,-0.4926926871038991,1,1,0.6666666666666666,45,1
SOL,2025-12-07,132.21332316930986,-0.0074306095815118,0.0411501467026251,5661144878.196353,-0.4964483190861201,1,1,1.0,45,1
SOL,2025-12-08,131.63667798299971,-0.0043710146059928,0.040069886528084,5583433085.255442,-0.4986445474683803,1,1,1.0,45,1
SOL,2025-12-09,133.2876975493966,0.0124642433363151,0.0400975803472624,5632679323.536699,-0.4923564241692161,0,1,0.6666666666666666,45,1
SOL,2025-12-10,138.01268988378362,0.0348357051359754,0.0399857220730706,5699764570.046255,-0.474360674760218,0,0,0.3333333333333333,45,1
SOL,2025-12-11,136.51252974936924,-0.0109292331611682,0.0397004314216406,5734045700.386614,-0.4800742302417408,0,1,1.0,45,1
SOL,2025-12-12,136.44042727909604,-0.0005283142760952,0.0370757927842315,5747748227.651142,-0.4803488419013964,0,1,1.0,45,1
SOL,2025-12-13,132.4674041542392,-0.0295514803932256,0.0373628267332126,5745369662.376714,-0.495480618524766,0,1,1.0,45,1
SOL,2025-12-14,133.22106900469535,0.0056733125301134,0.0362315301192759,5577236050.756933,-0.4926101876695722,0,1,1.0,45,1
SOL,2025-12-15,129.57660231376835,-0.0277376913918791,0.0357400977044461,5386376292.046328,-0.5064906142730307,0,1,0.6666666666666666,45,1
