coin,datetime,price,volume,ret_log,vol_rolling,volumen_promedio,drawdown
avalanche-2,2024-12-20 00:00:00,39.08134685229172,1249004627.1934886,,,,0.0
avalanche-2,2024-12-21 00:00:00,39.78166800407164,1223452752.2291224,0.017760912707994847,,,0.0
avalanche-2,2024-12-22 00:00:00,37.37907247949279,610062418.624893,-0.06229521483064788,,,-0.06039453962395304
avalanche-2,2024-12-23 00:00:00,36.51908958975495,490425231.7415241,-0.023275862107498685,,,-0.08201210703338957
avalanche-2,2024-12-24 00:00:00,39.00807867314232,717211697.0500364,0.06593364381380805,,,-0.0194458746890689
avalanche-2,2024-12-25 00:00:00,41.248534157768994,575992424.3426508,0.055846806436875424,,,0.0
avalanche-2,2024-12-26 00:00:00,40.26836112987529,334649780.44913954,-0.024049499592878193,,,-0.0237626147912239
avalanche-2,2024-12-27 00:00:00,37.27150561446622,445525494.31015503,-0.07733696682158804,,,-0.0964162393769262
avalanche-2,2024-12-28 00:00:00,36.47293046911688,413702114.375436,-0.021658755704540258,,,-0.11577632481159687
avalanche-2,2024-12-29 00:00:00,37.66289197757774,279301507.14420456,0.032104957576868806,,,-0.08692774794073281
avalanche-2,2024-12-30 00:00:00,35.859555171567706,287337697.63248444,-0.049065248523259,,,-0.13064655741678752
avalanche-2,2024-12-31 00:00:00,35.905494500541415,510154209.8900068,0.0012802704229566524,,,-0.12953283713771047
avalanche-2,2025-01-01 00:00:00,35.67488525834681,336545924.2327478,-0.0064433868841063035,,,-0.13512356289083807
avalanche-2,2025-01-02 00:00:00,37.62793802638938,306625837.42126423,0.05329986004701491,,,-0.08777514656718266
avalanche-2,2025-01-03 00:00:00,39.23383156271445,477726471.00947976,0.04179261755157699,,,-0.048843010695813614
avalanche-2,2025-01-04 00:00:00,41.81906643608283,575540255.8566815,0.06381294571526194,,,0.0
avalanche-2,2025-01-05 00:00:00,42.68329882621046,400210212.90735936,0.020455345164846334,,,0.0
avalanche-2,2025-01-06 00:00:00,43.0569611659616,364122276.3020267,0.008716201827332055,,,0.0
avalanche-2,2025-01-07 00:00:00,43.99530989416074,633072768.6596943,0.021559117562725088,,,0.0
avalanche-2,2025-01-08 00:00:00,39.35523210506883,624382368.3780711,-0.11145410561766159,,,-0.10546755552477115
avalanche-2,2025-01-09 00:00:00,37.40611698294887,595606280.1660924,-0.050794682564067745,,,-0.14977034886362775
avalanche-2,2025-01-10 00:00:00,36.20812555861527,419966079.3458376,-0.03255069015167129,,,-0.17700032922325248
avalanche-2,2025-01-11 00:00:00,36.72107918330164,428041375.2892138,0.014067398255030493,,,-0.1653410494972913
avalanche-2,2025-01-12 00:00:00,37.12535633164786,224420090.7847612,0.010949240391775134,,,-0.1561519529931688
avalanche-2,2025-01-13 00:00:00,36.521164132733794,177566886.61546493,-0.01640826343606463,,,-0.16988505773473253
avalanche-2,2025-01-14 00:00:00,35.298779903288505,545478775.8484187,-0.03404353210390539,,,-0.19766947912842134
avalanche-2,2025-01-15 00:00:00,36.51025590004638,294643949.580119,0.03374480498717565,,,-0.17013299854282446
avalanche-2,2025-01-16 00:00:00,39.85020281269093,520759029.572942,0.08753428994293368,,,-0.09421702202897694
avalanche-2,2025-01-17 00:00:00,40.00309124046877,475282480.137261,0.003829237513826152,,,-0.09074191461080802
avalanche-2,2025-01-18 00:00:00,41.44150745214298,449468343.9724368,0.03532624189087991,,499542645.3687671,-0.05804715202964656
avalanche-2,2025-01-19 00:00:00,39.28882580647152,494353205.7460359,-0.05334282620904646,0.046627022589772096,474387597.98718536,-0.10697695047521157
avalanche-2,2025-01-20 00:00:00,35.752270105212936,836591656.0937827,-0.09432638125093773,0.04956747208486333,461492228.1160074,-0.18736178489884575
avalanche-2,2025-01-21 00:00:00,35.781734985336136,1106122470.572552,0.000823800701561603,0.04831207975656691,478027563.1809293,-0.18669205714390816
avalanche-2,2025-01-22 00:00:00,36.95423736734435,544004394.4856749,0.03224275195962171,0.04851035642343608,479813535.27240103,-0.1600414349564774
avalanche-2,2025-01-23 00:00:00,36.71597669034663,317840517.50630844,-0.006468326738707259,0.04691203033079005,466501162.6209434,-0.16545702760876013
avalanche-2,2025-01-24 00:00:00,35.592764537640605,480762165.9815043,-0.031069618616444823,0.04588785697244509,463326820.67557186,-0.19098729789002714
avalanche-2,2025-01-25 00:00:00,35.30074777654587,573841861.4383762,-0.008238226690120353,0.04575111572601179,471299890.0418798,-0.19762474996837912
avalanche-2,2025-01-26 00:00:00,36.67897855568776,646485415.7207613,0.03829965236826996,0.04423951209773709,477998554.08889997,-0.1662979839458759
avalanche-2,2025-01-27 00:00:00,35.83005391704498,341685545.4861318,-0.023416763437276722,0.044269612994408444,475598001.79258984,-0.18559378253634015
avalanche-2,2025-01-28 00:00:00,34.16675754604066,718469964.2212467,-0.0475338663264996,0.04462760587306089,490236950.36182463,-0.22340000267675292
avalanche-2,2025-01-29 00:00:00,32.18605202288011,352096026.8529708,-0.05971997807579293,0.04504525142195024,492395561.3358408,-0.2684208362139076
avalanche-2,2025-01-30 00:00:00,32.85402842424187,417326777.8582007,0.0205411765718717,0.04525402538228696,489301313.6014473,-0.25323793596911554
avalanche-2,2025-01-31 00:00:00,34.306853327738345,323831189.872312,0.04327077139984904,0.04602574148168306,488877489.1227661,-0.22021566820940366
avalanche-2,2025-02-01 00:00:00,34.40327525683963,418083856.8413648,0.0028066311148574412,0.04486880836038137,492592756.4367694,-0.21802402711554061
avalanche-2,2025-02-02 00:00:00,32.224672305224274,295157477.65411234,-0.06541939098940361,0.04544516894650339,486507123.3249238,-0.2675430089537503
avalanche-2,2025-02-03 00:00:00,27.440534730531105,807967874.5903835,-0.1607110898802508,0.05153585010153313,494254710.6160472,-0.3762849995478009
avalanche-2,2025-02-04 00:00:00,28.384520680812532,1927448390.385324,0.03382266019302217,0.05190091274534028,545162649.8653127,-0.35482848628417424
avalanche-2,2025-02-05 00:00:00,26.502613436324037,694207906.1912452,-0.06860060175692209,0.05266858473842768,556165504.1949533,-0.39760366502517613
avalanche-2,2025-02-06 00:00:00,25.906964325816567,380278525.79242826,-0.02273152291921422,0.05219296429690698,547739029.4327111,-0.41114258796810843
avalanche-2,2025-02-07 00:00:00,24.48427516088455,370708013.8009966,-0.05648074412740325,0.04969118491591994,539283217.6134753,-0.44347987956474844
avalanche-2,2025-02-08 00:00:00,24.400600056663496,379452750.8094844,-0.003423356838571187,0.04929252654424975,532078099.96825504,-0.4453817892097163
avalanche-2,2025-02-09 00:00:00,24.588690538931782,193117215.57024083,0.007678878555414403,0.04932444373466907,524516471.1757352,-0.44110654980986264
avalanche-2,2025-02-10 00:00:00,24.89327432101792,283366330.20291907,0.012311056357005776,0.04929236356483812,519693969.67285866,-0.4341834531702692
avalanche-2,2025-02-11 00:00:00,25.58997652902764,331230256.2163156,0.02760307358274555,0.04966327664675992,523254308.5205772,-0.4183476240856287
avalanche-2,2025-02-12 00:00:00,25.370055903418475,380358483.94860345,-0.008631155844802407,0.04966194818804895,530014028.4316818,-0.4233463529532791
avalanche-2,2025-02-13 00:00:00,26.497318535378657,465088572.19771016,0.043473963394852225,0.05049289660336251,527334354.97665817,-0.39772401651168954
avalanche-2,2025-02-14 00:00:00,25.42528985276452,300989927.61948955,-0.04129919835316034,0.050131128673511494,527545887.57797056,-0.4220909021000195
avalanche-2,2025-02-15 00:00:00,26.38165898964795,321040606.40296113,0.03692469129627417,0.04744350782803863,520888606.8056378,-0.40035292277485596
avalanche-2,2025-02-16 00:00:00,25.489206974912715,201184817.09617496,-0.03441392679075462,0.04746869366852215,511752018.03760165,-0.42063808537246467
avalanche-2,2025-02-17 00:00:00,24.855318096176628,215351067.55942655,-0.025183369139902757,0.046531829085659164,503948108.8238346,-0.43504618660555133
avalanche-2,2025-02-18 00:00:00,25.016136138597577,342179974.0180377,0.0064493246610695725,0.04620264597313968,498875667.76623464,-0.43139084146062956
avalanche-2,2025-02-19 00:00:00,23.49176816567649,390655774.47508144,-0.06287099324004124,0.04467306604353334,484011138.37894464,-0.46603926140785235
avalanche-2,2025-02-20 00:00:00,23.71224943472529,296857138.58568555,0.009341699442375654,0.04479741865503533,457035627.31271577,-0.46102778928550087
avalanche-2,2025-02-21 00:00:00,25.160681534913994,364329382.9089256,0.05929075109446266,0.04601003769922699,451046460.2601574,-0.42810536860763343
avalanche-2,2025-02-22 00:00:00,24.56269275572274,614127933.576191,-0.024053782338594096,0.046038427125367765,460922707.46248686,-0.44169747150746147
avalanche-2,2025-02-23 00:00:00,25.798541141063037,397645316.8825335,0.04908920824889087,0.047286719498029414,458152145.8258545,-0.4136070139492951
avalanche-2,2025-02-24 00:00:00,24.879297924342158,253625758.55196768,-0.03628189641097378,0.04751246596304741,447478275.72964084,-0.4345011324117471
avalanche-2,2025-02-25 00:00:00,21.819616962435123,570735152.5106087,-0.13122662317251368,0.05129598598985769,444953266.9559691,-0.5040467491892556
avalanche-2,2025-02-26 00:00:00,21.960320821830884,971942575.8917528,0.0064278000822824335,0.05146265991881696,465961834.63615644,-0.5008485933009519
avalanche-2,2025-02-27 00:00:00,21.77543431430379,540237075.6540569,-0.008454757820127914,0.05113884937490984,460020738.3505835,-0.5050510073303535
avalanche-2,2025-02-28 00:00:00,22.500711276282416,424935067.23917454,0.03276445290245826,0.051138632372774225,462448706.36345696,-0.48856568278727336
avalanche-2,2025-03-01 00:00:00,22.3645872408828,752744502.8114376,-0.006068139858582693,0.050785506046112594,473629297.1952315,-0.4916597406704225
avalanche-2,2025-03-02 00:00:00,21.86694431466,275225577.2308344,-0.0225026766132611,0.04968842755867163,472009110.1071823,-0.5029710128814826
avalanche-2,2025-03-03 00:00:00,24.905622025235463,834666086.6667726,0.1301174576131685,0.05626419192109993,485895184.4346959,-0.43390279361252887
avalanche-2,2025-03-04 00:00:00,20.968208714697624,626024637.3593105,-0.1720861421966267,0.06282474216195642,496924089.7582025,-0.523398999458335
avalanche-2,2025-03-05 00:00:00,20.027366559776787,787393437.1750134,-0.045907753699437885,0.056808985178100346,496238275.17769015,-0.5447840552105098
avalanche-2,2025-03-06 00:00:00,21.75387932199502,578331277.4683999,0.0826924350272643,0.05878981585699943,451267704.747126,-0.5055409457433486
avalanche-2,2025-03-07 00:00:00,21.06271939892056,500095934.0538664,-0.03228747663817016,0.057884425007773965,444797305.67588,-0.521250800378699
avalanche-2,2025-03-08 00:00:00,20.099213805896717,563021811.681616,-0.046823924458729065,0.058266630174319115,450888748.53885293,-0.5431509891793176
avalanche-2,2025-03-09 00:00:00,20.46571711441328,303492044.40187514,0.01807045018190193,0.05773535655335027,448648216.2255489,-0.5348204805546879
avalanche-2,2025-03-10 00:00:00,17.974478395195543,319324503.76081413,-0.12979826550934567,0.061995788123393646,446643941.32392657,-0.5914455782119358
avalanche-2,2025-03-11 00:00:00,16.388675680466818,540555527.6653192,-0.09236229580653223,0.06366955026321337,458225218.3937625,-0.6274903911373062
avalanche-2,2025-03-12 00:00:00,17.515110714274186,686930717.2455206,0.06647338870974488,0.0651774229660234,471677364.6285159,-0.6018868657497768
avalanche-2,2025-03-13 00:00:00,18.90230782558848,430731234.8014707,0.0762200440437865,0.06677366370171184,474994063.91468775,-0.5703562977266975
avalanche-2,2025-03-14 00:00:00,18.49522601511953,361679225.06795,-0.021771376239084837,0.06680680425020824,474371421.95199925,-0.5796091433470206
avalanche-2,2025-03-15 00:00:00,18.572363162100228,300373499.3240296,0.004161978701111264,0.06609262680318713,468880919.52287656,-0.5778558394797161
avalanche-2,2025-03-16 00:00:00,19.42397286319994,273978084.7319812,0.04483339355318365,0.06663760179517636,467980524.7599596,-0.558499010237044
avalanche-2,2025-03-17 00:00:00,18.31982935160558,244193053.2355685,-0.05852397346641666,0.06664917252826147,465418939.6543799,-0.5835958561110836
avalanche-2,2025-03-18 00:00:00,18.830818505110745,261616336.75967276,0.02751076553227372,0.06689453590674967,467433323.6431631,-0.5719812282170091
avalanche-2,2025-03-19 00:00:00,19.017253167965247,268636924.8134799,0.009851818733712459,0.06692779969489202,469209518.88496494,-0.5677436250883346
avalanche-2,2025-03-20 00:00:00,19.732076258080227,388291274.5681969,0.03689891945499708,0.06739822111328109,470746562.23663694,-0.5514959138701474
avalanche-2,2025-03-21 00:00:00,18.735394116433117,242429874.0521373,-0.05183107965830624,0.06711733314602052,465805698.8892054,-0.5741501955207329
avalanche-2,2025-03-22 00:00:00,19.153504077905303,195820647.899236,0.0220712110606335,0.06726781695985286,462437815.8663237,-0.5646466833855068
avalanche-2,2025-03-23 00:00:00,19.39749393273905,142900406.4081228,0.012658199542981155,0.06621084699463886,455056849.9829637,-0.5591008682651972
avalanche-2,2025-03-24 00:00:00,19.777603125117867,159378923.56782937,0.01940626316420585,0.0663380007849696,439898549.64935166,-0.5504611020425421
avalanche-2,2025-03-25 00:00:00,21.484762623053754,526659302.8943316,0.08279382650506545,0.06759801364556339,444199015.8497449,-0.5116578863806274
avalanche-2,2025-03-26 00:00:00,22.91839722354371,390751933.5086648,0.06459599156714863,0.06854720038745463,448769888.34830153,-0.47907180836597435
avalanche-2,2025-03-27 00:00:00,22.09454276187284,293554599.0908573,-0.036609316058005235,0.06448792724137566,439530536.5676431,-0.49779776946621007
avalanche-2,2025-03-28 00:00:00,22.010138479262164,236199803.7015333,-0.003827457007963271,0.06448214875335655,415005777.4946358,-0.49971625311398365
avalanche-2,2025-03-29 00:00:00,20.39390510238,328693057.7943167,-0.07626710045215448,0.0659630580063424,407954310.2326444,-0.5364527457258171
avalanche-2,2025-03-30 00:00:00,19.67115660139404,247390449.9925089,-0.03608265577197206,0.0659028102491355,402036156.32442224,-0.5528805991202966
avalanche-2,2025-03-31 00:00:00,18.86087014326449,230110474.37393415,-0.042064017834946336,0.06625944130151479,384615022.0431721,-0.5712981636306694
avalanche-2,2025-04-01 00:00:00,18.77241313136469,260281127.2814541,-0.004701007571338438,0.06618325481830512,384116873.7115261,-0.5733087645813753
avalanche-2,2025-04-02 00:00:00,19.819514963874795,300137303.4477783,0.05427865100740198,0.06216743347439473,366299247.6042263,-0.5495084587072011
avalanche-2,2025-04-03 00:00:00,18.005460348573276,483644183.7687256,-0.09599199195509014,0.05652143627773079,361553232.4845401,-0.5907413678437791
avalanche-2,2025-04-04 00:00:00,18.16700855595577,344253627.6943345,0.008932167825344908,0.0560401490440323,346781905.5018509,-0.5870694262715722
avalanche-2,2025-04-05 00:00:00,18.186239334064684,350174949.0843862,0.0010579951459042942,0.05365432441038789,339176694.55571705,-0.5866323165397581
avalanche-2,2025-04-06 00:00:00,17.89495169881103,132267118.90163226,-0.016146582493852143,0.053461912707616854,326915734.0506426,-0.5932531958097167
avalanche-2,2025-04-07 00:00:00,15.976458681568712,353781020.1145002,-0.11340233870453895,0.056533035305064365,319941040.9984054,-0.6368599580272719
avalanche-2,2025-04-08 00:00:00,16.689508767426556,750151178.2761738,0.04366399812662177,0.05712460631036936,334829678.7942153,-0.6206525466560775
avalanche-2,2025-04-09 00:00:00,16.10131975864899,372492520.5923568,-0.035879063274290995,0.05254102094599589,336601946.0219335,-0.634021903757836
avalanche-2,2025-04-10 00:00:00,18.44515641455098,609643121.1684761,0.13590056984649881,0.05568764318008842,338904865.805372,-0.5807472101247978
avalanche-2,2025-04-11 00:00:00,18.314892880992307,293481770.6076646,-0.00708726355423581,0.05444489559628553,325789900.91744345,-0.5837080605852684
avalanche-2,2025-04-12 00:00:00,19.14940451022592,342863550.609558,0.044557071561403455,0.05323980353736744,322860978.11104643,-0.5647398653107903
avalanche-2,2025-04-13 00:00:00,20.467869073949142,341383099.4066005,0.06658467522938076,0.054400374399794525,322184440.5890014,-0.5347715671695784
avalanche-2,2025-04-14 00:00:00,19.521241675037203,278265531.5159187,-0.04735310493740271,0.05518220730823043,321447508.328731,-0.5562881197564163
avalanche-2,2025-04-15 00:00:00,20.102924329782844,406919333.0402943,0.029362104163061405,0.05483603129972944,325878883.2723415,-0.5430666501010146
avalanche-2,2025-04-16 00:00:00,19.030567328434707,276937259.6717138,-0.05481880034355102,0.05470101199320708,326970356.820213,-0.5674409982742153
avalanche-2,2025-04-17 00:00:00,18.76735836646445,256604149.11838847,-0.013927389491287712,0.05453845921027445,326803283.89883685,-0.5734236578486894
avalanche-2,2025-04-18 00:00:00,19.068702814839124,200930194.1076412,0.015929291312347313,0.054588012760032036,324546392.8753089,-0.5665741902781776
avalanche-2,2025-04-19 00:00:00,19.08771913474637,125777479.1412058,0.0009967560117034619,0.054144967399830234,315795933.0277425,-0.566141955115998
avalanche-2,2025-04-20 00:00:00,19.923544824545186,183149820.5914022,0.04285703834844478,0.053845125869034276,313819931.245718,-0.5471438916449244
avalanche-2,2025-04-21 00:00:00,19.48867818363029,166429245.30055383,-0.022068498378996087,0.053882216040065295,312840217.825762,-0.5570282780024941
avalanche-2,2025-04-22 00:00:00,19.840236788523388,364527995.99166137,0.017878345705809845,0.053930978423526316,320227804.14521325,-0.5490374579414731
avalanche-2,2025-04-23 00:00:00,22.08248567647882,479854923.1506909,0.10707275430926415,0.05724956127156316,330910337.4646419,-0.49807182334656747
avalanche-2,2025-04-24 00:00:00,22.34206376992542,455146689.6213783,0.01168637840657076,0.05529969573597944,328526583.68887687,-0.4921716923082576
avalanche-2,2025-04-25 00:00:00,22.35856922703837,337236319.9940528,0.000738488775503346,0.053993033505074055,326742729.90505636,-0.4917965282929874
avalanche-2,2025-04-26 00:00:00,22.21224698349822,385913417.6517788,-0.006565855492385237,0.05358348177483598,329821357.19042045,-0.49512238834243716
avalanche-2,2025-04-27 00:00:00,22.42266153714482,295427267.08285373,0.009428320537472973,0.05360397158822005,331795605.9697978,-0.49033972959647554
avalanche-2,2025-04-28 00:00:00,21.76131374420904,260556605.88383955,-0.029938328787743752,0.0519545303017567,329524390.9061153,-0.505371963589753
avalanche-2,2025-04-29 00:00:00,21.856346347625976,390386722.1447342,0.004357535621625887,0.051450168302550406,334290933.3111894,-0.50321190144573
avalanche-2,2025-04-30 00:00:00,21.495104415759847,272527695.4737948,-0.01666612244811876,0.05088018163316689,335704840.68118477,-0.5114228205808643
avalanche-2,2025-05-01 00:00:00,20.91171839948905,314726123.8304364,-0.027515516798905675,0.05118980657055066,337519673.8994842,-0.5246830071251629
avalanche-2,2025-05-02 00:00:00,21.64039979213997,337228475.74193376,0.034252237676416296,0.050633658202439785,338756046.30928934,-0.5081203009093435
avalanche-2,2025-05-03 00:00:00,21.236230289707503,303450120.31269616,-0.018853229520802203,0.0472848600193167,332749577.5274218,-0.517306950654618
avalanche-2,2025-05-04 00:00:00,20.558627289563443,168653006.8987127,-0.03242802668362274,0.04778172627488831,326896223.500901,-0.5327086605590184
avalanche-2,2025-05-05 00:00:00,19.883841658205988,189971609.09824917,-0.033373247362180405,0.048268904423171013,321556112.1680298,-0.5480463325286166
avalanche-2,2025-05-06 00:00:00,19.690937645254376,239292173.83782345,-0.009748913028206829,0.04819558891198714,325123613.99923617,-0.552430982015475
avalanche-2,2025-05-07 00:00:00,20.0592038012727,235673189.50914693,0.018529578986505806,0.042920731279853595,321186686.3123911,-0.5440604044038101
avalanche-2,2025-05-08 00:00:00,19.536304099901358,286789037.53890663,-0.02641360750584793,0.04279627091429419,305741281.6211488,-0.5559457554248457
avalanche-2,2025-05-09 00:00:00,22.06135529506582,558227140.7747273,0.12155296532808704,0.04702265883013858,311932435.6272278,-0.49855211048316983
avalanche-2,2025-05-10 00:00:00,23.23931758660657,712574477.795841,0.052018119104772706,0.0414754931012844,315363480.84813994,-0.4717773862142746
avalanche-2,2025-05-11 00:00:00,25.90584069837969,701455223.1723969,0.10862288506265157,0.04526032468280551,328962595.93363106,-0.41116812767767247
avalanche-2,2025-05-12 00:00:00,24.757761643002613,507743512.1502253,-0.045329411282544196,0.04597016107187424,334458594.6516533,-0.43726361508619405
avalanche-2,2025-05-13 00:00:00,24.867699675142347,856034736.517639,0.004430717985137731,0.04464654772399083,351613649.2220213,-0.43476475708509776
avalanche-2,2025-05-14 00:00:00,25.76800719022452,549372480.5265867,0.03556393149125425,0.043756015191790426,360650547.5223769,-0.41430104135612494
avalanche-2,2025-05-15 00:00:00,24.95094055346082,527365395.85133547,-0.03222217204533059,0.044222258570708,364665416.28274494,-0.4328727172627002
avalanche-2,2025-05-16 00:00:00,23.38556246467796,616295435.0046749,-0.06479267576166178,0.04473907688063334,375977355.46051025,-0.46845328465837677
avalanche-2,2025-05-17 00:00:00,23.14922616868113,406317732.8775592,-0.010157490124105883,0.04468390986550952,380967808.25248265,-0.4738251367163662
avalanche-2,2025-05-18 00:00:00,22.19867442905758,325955868.44439125,-0.041928776442040745,0.045525665921267895,385135330.73037434,-0.4954308883728561
avalanche-2,2025-05-19 00:00:00,22.74572053526788,469056883.4723865,0.024344442669808255,0.04565308619078295,396577977.5414136,-0.48299669692094166
avalanche-2,2025-05-20 00:00:00,22.245376064546573,402160620.2658668,-0.02224284967100575,0.04537947857435831,403878337.53056246,-0.494369374415997
avalanche-2,2025-05-21 00:00:00,22.623124042418908,397138016.2693769,0.016838401204639822,0.04517389814265629,411568629.89618987,-0.485783277880228
avalanche-2,2025-05-22 00:00:00,23.26233065474814,574130455.6710515,0.027862771292843404,0.04530884662009158,418555378.55216956,-0.4712543061814954
avalanche-2,2025-05-23 00:00:00,25.13946967996487,814750460.9456754,0.07760376607938876,0.043301386383445196,429718563.1453358,-0.4285875076129082
avalanche-2,2025-05-24 00:00:00,23.05602009366085,783293845.3329504,-0.0865121974960952,0.04633105757028341,440656801.66905475,-0.4759436824259999
avalanche-2,2025-05-25 00:00:00,22.91647392487165,373853163.6225119,-0.006070873480117342,0.04634930498296286,441877363.1233368,-0.4791155243592629
avalanche-2,2025-05-26 00:00:00,23.339966182681167,314995831.242034,0.01831114066552057,0.04643503711737835,439513443.57634526,-0.46948967426687105
avalanche-2,2025-05-27 00:00:00,23.050888503041925,351768053.61016333,-0.012462862488202638,0.04648058478334366,441391469.7939223,-0.47606032191851105
avalanche-2,2025-05-28 00:00:00,23.355690136779845,453381849.8156511,0.013136327899435564,0.04615863214536826,447818977.92498267,-0.4691322735771951
avalanche-2,2025-05-29 00:00:00,23.481418661546236,377712177.08970326,0.005368769763491139,0.04616051270583255,447396493.08981496,-0.4662745024859389
avalanche-2,2025-05-30 00:00:00,22.34598988694685,612537053.2884582,-0.049562531573943455,0.04701169773686674,458730138.3503037,-0.4920824528636242
avalanche-2,2025-05-31 00:00:00,20.61486740635505,629680330.4996136,-0.0806343473215525,0.04908862853487935,469228611.905943,-0.5314303398260379
avalanche-2,2025-06-01 00:00:00,20.825461148677068,407061815.8597277,0.010163797564933219,0.048696419033945865,471556389.90986943,-0.5266436081760361
avalanche-2,2025-06-02 00:00:00,20.88223655229372,253050479.0018617,0.002722540049707037,0.04858712744983361,469876401.86617494,-0.5253531205364846
avalanche-2,2025-06-03 00:00:00,21.20691071069178,333062873.38475895,0.015428233626922009,0.04828946582550916,475356730.74904317,-0.517973375759618
avalanche-2,2025-06-04 00:00:00,21.127353795251494,351461265.43123955,-0.0037585161817933754,0.047862635965146845,480739719.29347616,-0.5197816802273368
avalanche-2,2025-06-05 00:00:00,20.18218830300953,335231333.55272573,-0.045768141052609096,0.04861397044455858,483937691.28397286,-0.5412650041206278
avalanche-2,2025-06-06 00:00:00,18.79917271931465,492986092.659395,-0.07098758366814291,0.050210613301313996,492514788.0556478,-0.5727005272939386
avalanche-2,2025-06-07 00:00:00,19.703700934855224,326661262.10557777,0.04699361823712819,0.0507735517337283,493843862.20787024,-0.5521408763284927
avalanche-2,2025-06-08 00:00:00,20.706495593757044,273863669.98283225,0.04964096503422148,0.04635629661023686,484365079.8481404,-0.5293476590215971
avalanche-2,2025-06-09 00:00:00,21.115839375341228,333559721.081224,0.019575992310276902,0.04541891362529959,471731254.6243198,-0.5200433994864571
avalanche-2,2025-06-10 00:00:00,21.938401810827937,458651623.0938785,0.03821516840951627,0.04105081192712379,463637801.2883692,-0.501346805748044
avalanche-2,2025-06-11 00:00:00,22.50971393437475,580229774.9445751,0.025708337891213573,0.04072409110141436,466054010.0481808,-0.48836105510959604
avalanche-2,2025-06-12 00:00:00,21.58841457620008,497234564.87239337,-0.041790137874775396,0.041296799737839764,454094004.3266727,-0.5093019090413228
avalanche-2,2025-06-13 00:00:00,20.37505327855098,420620082.6090417,-0.057845534561778086,0.041674929289270635,449802257.7294212,-0.5368812419422178
avalanche-2,2025-06-14 00:00:00,19.390865082817484,733780448.1303315,-0.049509190867192444,0.04214077276409735,456682759.47205436,-0.559251540005833
avalanche-2,2025-06-15 00:00:00,18.97040241295195,223796784.3068976,-0.02192208630913947,0.04087038382303921,443599471.11546177,-0.5688085284865833
avalanche-2,2025-06-16 00:00:00,19.11510406614086,201092085.63299388,0.007598814501663078,0.040951192571974764,436758616.2073096,-0.5655195039624462
avalanche-2,2025-06-17 00:00:00,19.193574863772437,362859389.44545233,0.004096769169537184,0.040432444201198084,437988733.5740116,-0.5637358866218625
avalanche-2,2025-06-18 00:00:00,18.639396268508666,407226423.64441055,-0.02929816081217922,0.04028276221633896,435927718.24641246,-0.5763321973785535
avalanche-2,2025-06-19 00:00:00,18.153579843136125,335852778.5240806,-0.02640964190568708,0.040345561647975973,433717456.85501957,-0.587374656825737
avalanche-2,2025-06-20 00:00:00,18.06960611740442,321238606.8966133,-0.004636471030135573,0.040101917909345385,431187476.54259413,-0.5892833540467299
avalanche-2,2025-06-21 00:00:00,17.346745800298585,340011502.6630012,-0.0408263799100988,0.03997446783901561,423383511.4423258,-0.6057137489875728
avalanche-2,2025-06-22 00:00:00,16.66501799462414,342834296.5561315,-0.040093135313935685,0.03674786281240903,407652972.62934095,-0.6212092144659266
avalanche-2,2025-06-23 00:00:00,16.504194814921206,463945610.1590958,-0.009697211741943363,0.034079081803749356,397008031.4568792,-0.6248646763797039
avalanche-2,2025-06-24 00:00:00,18.08998972586428,543544804.1086445,0.09174415165884907,0.03891697167175676,402664419.47308356,-0.5888200408320055
avalanche-2,2025-06-25 00:00:00,18.217957902634573,372040629.2525712,0.007049074101802998,0.038709345918034516,404565912.7401015,-0.5859113631325382
avalanche-2,2025-06-26 00:00:00,17.544054747416485,286250819.87153995,-0.03769267387476258,0.039076167373455685,402382004.94881403,-0.6012289766881489
avalanche-2,2025-06-27 00:00:00,17.226335888229112,248700778.30924627,-0.018275762601295976,0.038880156797448544,395559302.5652672,-0.6084506296314219
avalanche-2,2025-06-28 00:00:00,17.569724773717734,220953779.62273636,0.019737868431220405,0.03916534653622029,390334022.6497017,-0.6006455048052822
avalanche-2,2025-06-29 00:00:00,17.98572460712256,141707019.74844867,0.0234011283434268,0.03886683974788561,374639688.198368,-0.5911899552386217
avalanche-2,2025-06-30 00:00:00,18.739766975172618,222865179.25259316,0.04106947624852893,0.03725984565050328,361079183.1568006,-0.5740508017728534
avalanche-2,2025-07-01 00:00:00,17.974548459035702,294658463.5025032,-0.04169105931749696,0.037818132296568,357332404.74489313,-0.5914439856821792
avalanche-2,2025-07-02 00:00:00,17.09159924189345,235734925.73110667,-0.05036971240197834,0.03868118037681017,356755219.635868,-0.6115131525835228
avalanche-2,2025-07-03 00:00:00,18.5100939063082,394827228.0744158,0.07972912945598834,0.04161827481043459,358814031.4588566,-0.5792712007066703
avalanche-2,2025-07-04 00:00:00,18.53106385088842,326665018.2033917,0.0011322511546724443,0.04163099305072822,357987489.884595,-0.5787945602504337
avalanche-2,2025-07-05 00:00:00,17.800767460842177,292828126.0914298,-0.04020687885532716,0.041452299232363085,356574049.6358851,-0.5953939748653805
avalanche-2,2025-07-06 00:00:00,17.922309969493995,116826851.17840144,0.006804731640731624,0.039517352718324954,344035408.25318533,-0.5926313506460213
avalanche-2,2025-07-07 00:00:00,18.299319657528763,185522373.3101539,0.020817578185102836,0.038687871107266916,339330778.6266712,-0.584062035213496
avalanche-2,2025-07-08 00:00:00,17.995045665212402,196057232.5191421,-0.016767402783141372,0.03748486925428707,336737230.71121484,-0.5909780904259345
avalanche-2,2025-07-09 00:00:00,18.36462464110581,236775861.5611025,0.02032976105574223,0.03750193597284567,333511102.06054413,-0.5825776728181827
avalanche-2,2025-07-10 00:00:00,19.504779962650648,439493106.5101088,0.0602333215762708,0.038570073406171725,332872484.84108514,-0.5566622894673732
avalanche-2,2025-07-11 00:00:00,20.65301121854369,650080838.082523,0.05720156867639444,0.039812824691202564,335200853.6123501,-0.5305633425874595
avalanche-2,2025-07-12 00:00:00,20.68167050029152,796701511.9038575,0.0013866944245627597,0.03913192958533392,345183085.1800655,-0.5299119258383383
avalanche-2,2025-07-13 00:00:00,20.66399856993283,510066704.07880914,-0.0008548383340862814,0.03765419664934399,348164639.2290577,-0.5303136034353642
avalanche-2,2025-07-14 00:00:00,21.18558444040671,651678640.0603992,0.02492798457333104,0.036687395673732685,345427912.2933934,-0.5184581153906462
avalanche-2,2025-07-15 00:00:00,21.241309914482624,666832049.1480447,0.0026268953675759694,0.03638602868890424,360195754.45476496,-0.5171914923299161
avalanche-2,2025-07-16 00:00:00,22.499635339902547,1027776507.6008435,0.05755123543487967,0.03768702469495859,387751901.85369325,-0.48859013849363064
avalanche-2,2025-07-17 00:00:00,22.686863284725916,810649954.1748805,0.008286945082572729,0.0376896623785618,402678254.0113409,-0.4843345043073098
avalanche-2,2025-07-18 00:00:00,23.83486996013503,1036676835.6548125,0.0493635857591541,0.037915542892812445,423659934.4116876,-0.4582406620734247
avalanche-2,2025-07-19 00:00:00,23.48742556530643,1180353240.7953925,-0.014684437190230944,0.03760569048702305,451809949.82073134,-0.4661379673922063
avalanche-2,2025-07-20 00:00:00,24.528334435148825,780964484.3750886,0.04336376125298654,0.038042287364695726,467134145.73668045,-0.442478425674089
avalanche-2,2025-07-21 00:00:00,25.067540484152524,857391466.5657622,0.02174484455214727,0.03684544527907237,484380144.5334393,-0.4302224363356604
avalanche-2,2025-07-22 00:00:00,25.46496745496456,1065018812.6789649,0.015729880885467763,0.03549451690314647,508452961.7375337,-0.4211890422814276
avalanche-2,2025-07-23 00:00:00,25.82363888495997,1526819429.313608,0.013986625985186654,0.03520844488797108,543882089.0426841,-0.41303654987125343
avalanche-2,2025-07-24 00:00:00,23.94170697477156,1106861219.603943,-0.07566830849860792,0.035873488742547796,562659302.8925273,-0.4558122892561052
avalanche-2,2025-07-25 00:00:00,23.66487627395623,815507488.8023086,-0.011630064676916949,0.03607618966377855,577441531.5441853,-0.4621045668075373
avalanche-2,2025-07-26 00:00:00,23.988730669255503,696758832.4589605,0.013592229509222703,0.035000117027895586,591125131.963766,-0.4547434549963382
avalanche-2,2025-07-27 00:00:00,24.93865458001377,580850819.3407677,0.03883482790166218,0.03493809710991492,602196799.99815,-0.4331519736988205
avalanche-2,2025-07-28 00:00:00,25.96036120292661,584284740.4453031,0.04015181303899388,0.03528437462772975,614307832.0255688,-0.4099288932074965
avalanche-2,2025-07-29 00:00:00,25.1162871538678,1245944505.5121057,-0.0330542792736236,0.03620472425664257,651115748.2176908,-0.4291144393734263
avalanche-2,2025-07-30 00:00:00,24.340440899495697,792169109.4248894,-0.03137732470172434,0.03655341538811868,670092545.8901006,-0.44674918853733836
avalanche-2,2025-07-31 00:00:00,23.34449235038936,679630284.9411223,-0.04177811894253783,0.036557558467286894,682924939.9380547,-0.4693867958528064
avalanche-2,2025-08-01 00:00:00,22.470346979610884,593853611.3861259,-0.03816455466408851,0.03594006428977809,694862229.4598887,-0.4892558540065369
avalanche-2,2025-08-02 00:00:00,21.53694717365909,786633709.309594,-0.04242659454179502,0.03455781611417881,707922445.5010612,-0.5104717474323878
avalanche-2,2025-08-03 00:00:00,20.89341383576965,355009730.40538543,-0.0303359516089316,0.035153235235051074,708867269.2411276,-0.5250990642858793
avalanche-2,2025-08-04 00:00:00,21.38427537598529,272052494.0904072,0.02322187458602544,0.034299861814184165,708174748.1744269,-0.5139419309142426
avalanche-2,2025-08-05 00:00:00,23.077846720742453,602615457.3258599,0.07621728454065128,0.03661135659485825,724367701.7126755,-0.4754475698373146
avalanche-2,2025-08-06 00:00:00,21.8967392520966,435450385.0407899,-0.0525354078206859,0.03817155794592457,732698635.4370301,-0.5022937830242937
avalanche-2,2025-08-07 00:00:00,22.234170644214228,365816637.39077926,0.015292590565379762,0.03796088184841448,738357282.2660846,-0.4946240702087827
avalanche-2,2025-08-08 00:00:00,23.331119804239854,538265754.768839,0.04815775964474954,0.03863063273574607,748406945.3730092,-0.4696907497556582
avalanche-2,2025-08-09 00:00:00,23.78895706742384,714667242.6932315,0.019433400888977728,0.037426998823320505,757579416.5791132,-0.45928424814706853
avalanche-2,2025-08-10 00:00:00,24.252738746523235,722337290.8992431,0.0193080647698044,0.03628296777695103,759987965.0063374,-0.44874263177443446
avalanche-2,2025-08-11 00:00:00,23.811504742434824,500049054.14571065,-0.018360692587263066,0.03653570336970426,750099549.7477324,-0.45877174635846363
avalanche-2,2025-08-12 00:00:00,22.864999008110875,648375557.8116405,-0.040561542690391084,0.03745151297575587,754709844.8721601,-0.48028553354625597
avalanche-2,2025-08-13 00:00:00,24.68440445332032,712177648.315514,0.07656433183707854,0.03960113711978067,756726478.4806639,-0.4389310016748729
avalanche-2,2025-08-14 00:00:00,25.541232406883683,805677962.0709732,0.034122457862529015,0.039949401810612135,761354675.5780948,-0.4194555631423423
avalanche-2,2025-08-15 00:00:00,23.69760506911866,1072331324.8116215,-0.07492011233031487,0.04136742402431075,762839836.1517874,-0.4613606512574216
avalanche-2,2025-08-16 00:00:00,23.722401364389075,1392515239.827056,0.0010458158653024988,0.04134896237719161,782235345.6735266,-0.4607970390148878
avalanche-2,2025-08-17 00:00:00,24.31074723087188,588112044.9000299,0.024498718483692467,0.04059860978979376,767283185.9817007,-0.4474241165852428
avalanche-2,2025-08-18 00:00:00,25.093957037964863,687887793.8667432,0.031708536243854904,0.040876634777238234,750867671.0840789,-0.4296219961097388
avalanche-2,2025-08-19 00:00:00,23.69587566058677,841718775.1022365,-0.05732605145460676,0.04150949746612541,752892814.1083171,-0.4613999601868518
avalanche-2,2025-08-20 00:00:00,22.3601487448039,638960990.4260774,-0.05802070970045534,0.042534360686597966,745611798.2369943,-0.4917606263350439
avalanche-2,2025-08-21 00:00:00,23.438579134136475,531335002.438467,0.04710304519030954,0.0434080446153703,727822337.8956445,-0.46724823190193393
avalanche-2,2025-08-22 00:00:00,22.75814575658285,412996790.5431279,-0.02946020918227811,0.04355443443328275,690694916.6032951,-0.4827142754231761
avalanche-2,2025-08-23 00:00:00,25.232308381764724,947105272.6470675,0.1032021154529085,0.04562896088867863,685369718.3713993,-0.42647731218473195
avalanche-2,2025-08-24 00:00:00,26.197598643676205,1185828652.009149,0.03754249974717181,0.04601331452410872,697713757.1449606,-0.4045365584036204
avalanche-2,2025-08-25 00:00:00,25.75078461733028,871197117.1073627,-0.01720265452351268,0.0461212194963244,703528366.6332406,-0.41469250519478573
avalanche-2,2025-08-26 00:00:00,23.360989921520627,885697191.6012222,-0.09739756338187962,0.049021842782287856,713689912.3752558,-0.46901181108349904
avalanche-2,2025-08-27 00:00:00,24.1655194443137,592638566.0922716,0.03385926695636487,0.0488476300497981,713968373.2301548,-0.45072509996068794
avalanche-2,2025-08-28 00:00:00,24.427422186762627,737180917.7331967,0.010779560558426144,0.048553407033417394,697009586.9708579,-0.44477213035826924
avalanche-2,2025-08-29 00:00:00,24.89859330495452,562577262.7960426,0.019104946743530353,0.04833599187845276,689356525.416563,-0.43406255428469714
avalanche-2,2025-08-30 00:00:00,23.590323990229244,776719385.5446575,-0.05397468055350272,0.048755550127765834,692592828.770014,-0.4637991175200187
avalanche-2,2025-08-31 00:00:00,23.78614026405449,297854581.3623848,0.00826644165971013,0.04822487552339061,682726194.4358894,-0.45934827323010863
avalanche-2,2025-09-01 00:00:00,23.42296952162818,293041984.3571643,-0.015385924809732408,0.047616742705130305,666273136.9374751,-0.4676030336420705
avalanche-2,2025-09-02 00:00:00,23.157128542000244,723342290.2089884,-0.01141448288220662,0.047286895519366226,678550888.9309286,-0.47364551817661443
avalanche-2,2025-09-03 00:00:00,24.44137505757756,742394892.6609383,0.0539747337935513,0.04805781559873381,694228968.8832796,-0.4444549858524458
avalanche-2,2025-09-04 00:00:00,25.179961571894133,710427114.6154007,0.029771107173260314,0.04638524549515273,697822690.7929308,-0.42766713923667277
avalanche-2,2025-09-05 00:00:00,24.25616979910876,475987760.55082345,-0.03737749275044995,0.045839861819675504,699173936.6432652,-0.4486646449937121
avalanche-2,2025-09-06 00:00:00,24.47230968132273,624310150.063879,0.00887125155629646,0.045797441624062685,707790387.0657021,-0.4437518512724283
avalanche-2,2025-09-07 00:00:00,24.385308538883034,267207387.9160402,-0.0035614193882987054,0.04501333697997594,698755108.1706086,-0.4457293607535297
avalanche-2,2025-09-08 00:00:00,24.731178774276195,331836086.5419804,0.014083904262088739,0.04495028697016759,685994069.6322337,-0.4378678355994799
avalanche-2,2025-09-09 00:00:00,25.25274973638308,625407665.8599029,0.020870304084342286,0.04497277415419999,682763082.1309223,-0.42601268641740514
avalanche-2,2025-09-10 00:00:00,25.934911243395995,876504753.6469039,0.026654935283330447,0.045043475967204046,695311605.4476287,-0.41050736303966356
avalanche-2,2025-09-11 00:00:00,29.41057204042156,1768498183.5698998,0.12576421739181898,0.04952902405423301,732649026.3062376,-0.33150665125045375
avalanche-2,2025-09-12 00:00:00,29.180551353107607,1069872134.9215724,-0.007851765104526051,0.047893339061564524,744572175.8597726,-0.33673495144579985
avalanche-2,2025-09-13 00:00:00,28.90940177175881,848842890.5420201,-0.00933557477843799,0.0476568316466907,746011006.8088076,-0.34289809888131284
avalanche-2,2025-09-14 00:00:00,30.04107387185383,1526526783.1470523,0.038398711286216636,0.04562275069674377,761150855.4199886,-0.3171755365714331
avalanche-2,2025-09-15 00:00:00,29.52495202319728,1008792730.457274,-0.017329837194471474,0.04584086796884032,748360105.1076626,-0.3289068290637051
avalanche-2,2025-09-16 00:00:00,29.824138697366195,1238904142.152448,0.01008235189411738,0.045729719847956776,770053175.0160764,-0.32210640704397925
avalanche-2,2025-09-17 00:00:00,30.070051524198515,1045888391.1339376,0.008211621453136527,0.04548921469054549,781986528.2583163,-0.3165168833555699
avalanche-2,2025-09-18 00:00:00,31.75314384977228,1184311649.5087984,0.05446202885297452,0.04469200764305117,793406290.738535,-0.27826070719445706
avalanche-2,2025-09-19 00:00:00,35.28107919290268,2229303709.178062,0.10535508071161576,0.046080721616012905,846417714.6969345,-0.19807181088670212
avalanche-2,2025-09-20 00:00:00,33.73790850905041,1524905863.3855357,-0.04472473331144132,0.04693063582798189,879536743.3951701,-0.23314761072910947
avalanche-2,2025-09-21 00:00:00,33.15070697088437,805376236.298831,-0.01755804390097589,0.046616075521395677,892616058.2536935,-0.24649452292449278
avalanche-2,2025-09-22 00:00:00,33.05638988106749,683678353.6300374,-0.002849155395858123,0.043414835302648724,883835160.9531258,-0.24863832166221692
avalanche-2,2025-09-23 00:00:00,33.63166074971003,2107008468.4220312,0.01725302008517357,0.0431118941101946,914541154.8335553,-0.23556258995294002
avalanche-2,2025-09-24 00:00:00,33.65724232100417,2537438503.603804,0.0007603504102219296,0.042869157011116606,970082534.3834367,-0.23498112862545575
avalanche-2,2025-09-25 00:00:00,32.34325807991472,1377327870.6103723,-0.039822664265181884,0.0390651424131339,986470223.6837418,-0.2648475903971877
avalanche-2,2025-09-26 00:00:00,28.67773702284836,1638743448.8645852,-0.1202844854060921,0.04553499150153874,1021340386.4428188,-0.3481637680962307
avalanche-2,2025-09-27 00:00:00,29.086862150048912,1642661190.565556,0.01416549147155864,0.04555219237654591,1051523062.2038975,-0.33886447850866364
avalanche-2,2025-09-28 00:00:00,28.80231373951761,573273730.1685547,-0.009830877633483222,0.04556752371980417,1051879611.1163144,-0.3453321772523669
avalanche-2,2025-09-29 00:00:00,30.01253229115534,840304215.7598373,0.04115931537767944,0.04463298694174328,1053999105.4568206,-0.3178242780115355
avalanche-2,2025-09-30 00:00:00,30.442173424094484,1279540364.6429336,0.014213893240187585,0.04464729823283348,1086721964.8995054,-0.3080586658594054
avalanche-2,2025-10-01 00:00:00,29.993807039710436,991708161.539438,-0.014838002368040238,0.04463741786174149,1110010837.4722478,-0.3182498972761787
avalanche-2,2025-10-02 00:00:00,30.680794706794178,986743876.4680184,0.022645950910864132,0.044553287688821046,1118790890.347549,-0.3026348767492993
avalanche-2,2025-10-03 00:00:00,30.990311410480448,1572235241.4319332,0.010037741236719978,0.043751677361032956,1146452235.3065822,-0.2955996563035092
avalanche-2,2025-10-04 00:00:00,31.383026520546338,1137839386.8736465,0.012592569600212876,0.04356776803846887,1160699311.0485237,-0.28667336140956157
avalanche-2,2025-10-05 00:00:00,30.139925111008488,672301196.6406469,-0.0404164815994472,0.04367871937394535,1167243092.2515178,-0.31492867799963387
avalanche-2,2025-10-06 00:00:00,30.000104022729893,784479884.4072828,-0.004649859410359126,0.04373102769676231,1172582083.396298,-0.3181067687691945
avalanche-2,2025-10-07 00:00:00,30.728304595758964,806397040.0368526,0.0239833545591108,0.043795341366538565,1190555071.800325,-0.3015549914369994
avalanche-2,2025-10-08 00:00:00,27.93958449695807,1090440643.1891632,-0.0951397211826903,0.04761990334324884,1215841890.355231,-0.36494175028719733
avalanche-2,2025-10-09 00:00:00,28.812116570504525,711369184.519935,0.030751530463208093,0.047774065642025756,1218707274.3105655,-0.3451093618883998
avalanche-2,2025-10-10 00:00:00,28.38191120183488,588999254.4241933,-0.015044000191571412,0.0477106651618957,1209123757.6698084,-0.35488779894690875
avalanche-2,2025-10-11 00:00:00,21.02500837947636,2229479554.270905,-0.3000394083213769,0.06866603955455695,1224489803.3598418,-0.5221079603699553
avalanche-2,2025-10-12 00:00:00,21.516279722457195,1534245528.45489,0.02309724059126166,0.0689497936234125,1239968916.4776192,-0.5109415123062258
avalanche-2,2025-10-13 00:00:00,22.51955506308954,1236281983.0998695,0.045574200666239184,0.06969709652735916,1252883552.896214,-0.4881373692499336
avalanche-2,2025-10-14 00:00:00,23.827901781041856,1575332377.4438262,0.05647319209571878,0.07019129603924613,1254510406.03944,-0.4583990466628261
avalanche-2,2025-10-15 00:00:00,22.78187985680888,1221356131.0430677,-0.0448917608981354,0.07050106209411694,1261595852.725633,-0.4821748065506274
avalanche-2,2025-10-16 00:00:00,21.91947689021193,722670916.1877238,-0.03858987956481607,0.07061524392807553,1244388078.526809,-0.5017769634321594
avalanche-2,2025-10-17 00:00:00,20.936345327776067,800034957.589291,-0.04588893775700085,0.07081764140881569,1236192964.0753207,-0.5241232445425998
avalanche-2,2025-10-18 00:00:00,19.95378774357534,896595119.6205776,-0.04806767239267525,0.0699650925780958,1226602413.079047,-0.5464564793024972
avalanche-2,2025-10-19 00:00:00,20.199089239727,329306081.0977544,0.012218529100729665,0.06639333761508825,1163269158.809703,-0.5408808509743463
avalanche-2,2025-10-20 00:00:00,20.59188544842995,439481291.65320873,0.019259571673638634,0.0665523704107418,1127088339.751959,-0.531952712733068
avalanche-2,2025-10-21 00:00:00,20.35963624783593,575527072.2684473,-0.011342762419237722,0.0665585000393231,1119426700.950946,-0.5372316663568233
avalanche-2,2025-10-22 00:00:00,19.552539914113915,636491903.4650979,-0.04044912862972147,0.06665139610071896,1117853819.2787814,-0.5555767203106117
avalanche-2,2025-10-23 00:00:00,19.00214020097972,551414294.4007206,-0.028553581893538526,0.06635172275594416,1066000680.1447377,-0.568087138226937
avalanche-2,2025-10-24 00:00:00,19.119508191765995,425288621.2601426,0.006157570124846605,0.06641452189822943,995595684.0666157,-0.5654193995277751
avalanche-2,2025-10-25 00:00:00,19.490816801172947,419029070.800412,0.019234236268155406,0.06664629929917582,963652390.739617,-0.5569796678768284
avalanche-2,2025-10-26 00:00:00,19.71844203932266,262264060.5746434,0.011610920589740286,0.06388299077411422,917769744.4632857,-0.551805815511717
avalanche-2,2025-10-27 00:00:00,20.841205952010807,550886495.4896059,0.055377740427588286,0.06491070596643314,881377254.6274205,-0.5262857335895946
avalanche-2,2025-10-28 00:00:00,20.32283380206339,495121219.8880229,-0.025187010640173025,0.06496078462264525,878772170.9514029,-0.5380681747451282
avalanche-2,2025-10-29 00:00:00,19.507391316081623,537331702.0199596,-0.04095163614794778,0.06438744399621418,868673087.1600736,-0.5566029341988853
avalanche-2,2025-10-30 00:00:00,19.643634293399195,473785423.1384793,0.006959895694446521,0.06428998192496305,841814589.1099252,-0.5535061728021516
avalanche-2,2025-10-31 00:00:00,18.11029249626702,644183268.5624864,-0.08127290843988044,0.065432412313916,830230426.0106933,-0.588358565041709
avalanche-2,2025-11-01 00:00:00,18.19285646604654,455639621.3163144,0.004548592311763621,0.06513880752813377,812526950.83897,-0.5864819111443246
avalanche-2,2025-11-02 00:00:00,18.67010528904684,270653007.54232246,0.02589458184717633,0.06543296532524015,769140876.375983,-0.5756341906907485
avalanche-2,2025-11-03 00:00:00,18.84392568812084,291861772.6749549,0.00926702028469532,0.06538409155656223,740941622.5693599,-0.5716833059375291
avalanche-2,2025-11-04 00:00:00,16.658252572025987,793142125.7944183,-0.12328487369591751,0.06810137410291951,744969653.5411524,-0.6213629904619231
avalanche-2,2025-11-05 00:00:00,16.03381026051089,876206242.2021221,-0.03820610962509678,0.0681201275980627,748027198.8009802,-0.6355563740979815
avalanche-2,2025-11-06 00:00:00,16.659796679629753,550003684.6577446,0.03829879858135651,0.06849436847878164,739480753.6216767,-0.6213278933661763
avalanche-2,2025-11-07 00:00:00,16.071447945181237,450122345.6009682,-0.035954154493990996,0.06710587396727123,718136810.3687367,-0.6347008809838088
avalanche-2,2025-11-08 00:00:00,17.72303608930567,853398496.8890605,0.09782098930233721,0.06986161818848102,722871120.7810409,-0.5971607852759334
avalanche-2,2025-11-09 00:00:00,17.47578673558129,523391730.3883349,-0.014048959628117669,0.06986242101272416,720684203.3131791,-0.6027806878137081
avalanche-2,2025-11-10 00:00:00,17.733283633421816,409103601.9351617,0.014626997308374178,0.04495386428726309,660005004.9019876,-0.5969278617179269
avalanche-2,2025-11-11 00:00:00,18.180996926146044,510554411.80822647,0.024933618618573326,0.04499562552481829,625881967.6804322,-0.5867514748757546
avalanche-2,2025-11-12 00:00:00,17.010581780265014,486015557.8018442,-0.06654131559509906,0.045252698983927274,600873086.8371646,-0.6133546548214509
avalanche-2,2025-11-13 00:00:00,16.80812653947159,428287835.332865,-0.011973116031694962,0.0435114729432777,562638268.7667992,-0.6179564008093862
avalanche-2,2025-11-14 00:00:00,16.13161786333918,600549769.0096599,-0.041081303424555654,0.043416497210388955,541944723.3656857,-0.6333332370621569
avalanche-2,2025-11-15 00:00:00,15.176595520975637,712923767.3249332,-0.061026715782406905,0.04408719910713991,541619818.4035927,-0.6550406041579003
avalanche-2,2025-11-16 00:00:00,15.524769494574985,265891752.143342,0.02268230750515849,0.044060796734285625,523815044.8887277,-0.6471267157357721
avalanche-2,2025-11-17 00:00:00,15.197205077197737,459869000.2521176,-0.021325245894222272,0.04353074279829476,509257507.5764457,-0.6545721552193277
avalanche-2,2025-11-18 00:00:00,14.48297761203437,614505657.9558799,-0.048137532437159625,0.04390571752127055,518764160.1383832,-0.6708063280636963
avalanche-2,2025-11-19 00:00:00,14.56100341222536,554386484.3144474,0.0053729540612166065,0.04364716963435478,522594333.2270912,-0.6690328253794625
avalanche-2,2025-11-20 00:00:00,14.253350789432275,493257672.19290566,-0.021354933877878627,0.04368377982021809,519852019.8912398,-0.6760256758340496
avalanche-2,2025-11-21 00:00:00,13.844894020427091,543823732.1840272,-0.029075520315435192,0.043476195575451154,516763080.84853745,-0.6853097738433103
avalanche-2,2025-11-22 00:00:00,13.310521447144469,705304061.3567768,-0.039361693140098256,0.04366669501570336,521892739.74707264,-0.6974558997500981
avalanche-2,2025-11-23 00:00:00,13.227116853715556,369513889.6347896,-0.00628577924681021,0.0435485230616434,520033582.02622753,-0.6993516607671146
avalanche-2,2025-11-24 00:00:00,13.285025892776549,304950983.14589816,0.004368498744768314,0.04326118003912897,516230979.1044104,-0.6980354059390362
avalanche-2,2025-11-25 00:00:00,13.896005393680603,461012003.8821811,0.044963888851672434,0.04432501862724155,522855910.547995,-0.6841480278895604
avalanche-2,2025-11-26 00:00:00,14.17501443139166,439606677.8816492,0.019879450615891473,0.042925285179945566,519146583.29439646,-0.6778062374036594
avalanche-2,2025-11-27 00:00:00,14.91491364303288,436666960.0255343,0.05088076030825169,0.04439288031025679,517198107.9656468,-0.6609885535773335
avalanche-2,2025-11-28 00:00:00,15.025131479675002,397366226.6213219,0.007362603100961255,0.04411856196676382,512532592.1190255,-0.6584833357050814
avalanche-2,2025-11-29 00:00:00,14.856266893913542,402073237.3111175,-0.011302441825711643,0.044020887207669224,510142185.92478013,-0.6623215763304503
avalanche-2,2025-11-30 00:00:00,14.247682480995412,280897825.1551361,-0.04182752870850313,0.04235493076149178,498032671.1445352,-0.6761545147591645
avalanche-2,2025-12-01 00:00:00,13.823399975971387,341687395.2788221,-0.03023145397215282,0.0424755415393002,494234263.6099521,-0.6857983269301601
avalanche-2,2025-12-02 00:00:00,12.799065882099852,477437604.2430444,-0.0769906163021364,0.043684297759986446,501127083.4999762,-0.7090811290364702
avalanche-2,2025-12-03 00:00:00,13.650416260433843,520134300.15995824,0.06439782613427471,0.04574620942537034,508736167.7494763,-0.689730194121315
avalanche-2,2025-12-04 00:00:00,14.829307941182316,634245660.2069833,0.08283547248766378,0.043693927561880425,503439618.8965618,-0.6629343451186708
avalanche-2,2025-12-05 00:00:00,14.399151863434597,413243876.6474426,-0.029436182448759608,0.04348516770079742,488007540.0447391,-0.6727116618095303
avalanche-2,2025-12-06 00:00:00,13.233543543732942,441590504.1542422,-0.08441452265906205,0.04514925538910964,484393767.361289,-0.6992055840595555
avalanche-2,2025-12-07 00:00:00,13.39420419017753,296366767.28419495,0.012067306454962198,0.04496295857293548,479268581.4173966,-0.6955538164772588
avalanche-2,2025-12-08 00:00:00,13.41252980915128,362568489.52712137,0.001367240173976464,0.04050518910693604,462907581.1719987,-0.6951372807370212
avalanche-2,2025-12-09 00:00:00,13.636958827952151,329481383.51859903,0.016594337283866636,0.04076655224087589,456443902.9430074,-0.6900360774646547
avalanche-2,2025-12-10 00:00:00,14.602338786082203,476216344.24270034,0.06839803898413464,0.04293240011819538,458680994.3532587,-0.6680932849158021
avalanche-2,2025-12-11 00:00:00,14.145426426860732,445546310.62519336,-0.031790355587042074,0.042750118701356726,456514057.6471576,-0.6784787637389008
avalanche-2,2025-12-12 00:00:00,13.427181630111448,487525022.7744709,-0.05211021889696646,0.0421499211104379,456564373.1462452,-0.6948042493071843
avalanche-2,2025-12-13 00:00:00,13.11387884380905,347710093.1436825,-0.02361000912068365,0.04224228371746541,453878448.4066058,-0.7019255262582073
avalanche-2,2025-12-14 00:00:00,13.38402501347547,231300931.1837445,0.020390709483617105,0.04208659966731137,441570153.81240857,-0.6957851860647568
avalanche-2,2025-12-15 00:00:00,12.893544558005642,252557239.39734307,-0.03733506833679156,0.0412365022299488,426224602.88148886,-0.7069336574961383
avalanche-2,2025-12-16 00:00:00,12.345313718252386,427348253.76750064,-0.04345022920440796,0.04144872760034499,431606486.2689609,-0.7193947775808051
avalanche-2,2025-12-17 00:00:00,12.333717909837857,386076688.34456927,-0.0009397296816685372,0.04138366115244496,429146742.5387093,-0.7196583467758493
avalanche-2,2025-12-18 00:00:00,11.839626067012002,402818121.0719306,-0.04088475858962349,0.0411553613742659,422090491.3092443,-0.7308889039423856
avalanche-2,2025-12-19 00:00:00,11.434805009647723,466908664.6551864,-0.034790271513773646,0.04140102006468944,419174563.98726887,-0.7400903633329015
avalanche-2,2025-12-19 20:57:43,12.341395502916791,464330149.023544,0.07629732457461331,0.044072072402280754,418210313.2149569,-0.719483837422525
binancecoin,2024-12-20 00:00:00,669.0228793928828,2614960154.253572,,,,0.0
binancecoin,2024-12-21 00:00:00,677.8485768483023,2728589291.527378,0.013105666080002819,,,0.0
binancecoin,2024-12-22 00:00:00,662.4248813776467,1631846083.385121,-0.023016760183047293,,,-0.02275389518757864
binancecoin,2024-12-23 00:00:00,648.5721398402843,1137478924.2738469,-0.021133926182331307,,,-0.04319023157670483
binancecoin,2024-12-24 00:00:00,692.2861092311789,1945323070.2555032,0.06522608416636719,,,0.0
binancecoin,2024-12-25 00:00:00,697.9537563672064,1163427672.65241,0.008153526128835246,,,0.0
binancecoin,2024-12-26 00:00:00,702.3466001659357,788266049.0921909,0.006274165665443726,,,0.0
binancecoin,2024-12-27 00:00:00,687.5178696037362,1081113208.9599752,-0.021339193256341846,,,-0.021113123575590767
binancecoin,2024-12-28 00:00:00,690.3639423450093,1083410181.1553583,0.00413108985713879,,,-0.017060889620730577
binancecoin,2024-12-29 00:00:00,720.5679127131004,1060863183.0711348,0.04282075754249399,,,0.0
binancecoin,2024-12-30 00:00:00,694.4826804506174,760246771.2998646,-0.03687244502607921,,,-0.03620093512666455
binancecoin,2024-12-31 00:00:00,703.1066174310417,994264720.23036,0.012341317225569044,,,-0.024232685044651783
binancecoin,2025-01-01 00:00:00,701.5723264012628,1545176749.5279117,-0.0021845442286750672,,,-0.02636196530083472
binancecoin,2025-01-02 00:00:00,705.8130365866023,477140166.4226887,0.006026384998912314,,,-0.02047673212500227
binancecoin,2025-01-03 00:00:00,705.8312420795146,931592866.4969292,2.5793315197634674e-05,,,-0.02045146664677166
binancecoin,2025-01-04 00:00:00,713.0475655102006,945606974.3138424,0.010171954946292692,,,-0.010436694543591415
binancecoin,2025-01-05 00:00:00,714.0857730267945,590551916.378533,0.0014549554294713265,,,-0.0089958761303972
binancecoin,2025-01-06 00:00:00,709.3017578903202,434122074.033253,-0.006722038863878648,,,-0.01563510478888881
binancecoin,2025-01-07 00:00:00,730.7109274996172,1171497671.843075,0.02973688697238407,,,0.0
binancecoin,2025-01-08 00:00:00,696.8339974504797,1359650088.1812186,-0.04747071834439861,,,-0.0463616031650974
binancecoin,2025-01-09 00:00:00,695.7266204397939,1392556871.360185,-0.001590418729179682,,,-0.04787708208981403
binancecoin,2025-01-10 00:00:00,686.294216607382,1115652343.2420957,-0.013650373486235504,,,-0.06078561195768959
binancecoin,2025-01-11 00:00:00,693.7427801750233,777565591.7749215,0.010794835088731317,,,-0.05059202748081702
binancecoin,2025-01-12 00:00:00,696.7344557337125,346722702.76192135,0.004303098386290977,,,-0.04649782901450117
binancecoin,2025-01-13 00:00:00,693.0584426939826,309732566.9199188,-0.005290027912026606,,,-0.051528564017067346
binancecoin,2025-01-14 00:00:00,688.3576507228246,1304110432.8852768,-0.0068057844962059804,,,-0.05796173997523096
binancecoin,2025-01-15 00:00:00,698.74344424996,599619371.3777287,0.01497509828469842,,,-0.04374846748090265
binancecoin,2025-01-16 00:00:00,714.7919481480744,928085940.1618588,0.022707876425232646,,,-0.02178560461113558
binancecoin,2025-01-17 00:00:00,708.7829768816523,972182171.6751366,-0.008442136551921373,,,-0.030009063492452595
binancecoin,2025-01-18 00:00:00,721.1359383883954,1011235352.5957952,0.017278278779689713,,1106753038.7369668,-0.013103662133514288
binancecoin,2025-01-19 00:00:00,709.848578937929,1331563415.498479,-0.015775982778564197,0.022202711143517084,1063973147.4451305,-0.02855075485606333
binancecoin,2025-01-20 00:00:00,682.349570503562,2173870248.0155425,-0.03950958494198737,0.023341980207809112,1045482512.6614026,-0.06618397943156615
binancecoin,2025-01-21 00:00:00,677.2617301582343,2209856384.6278906,-0.00748429215362714,0.022978206708396336,1064749522.702828,-0.07314684279360384
binancecoin,2025-01-22 00:00:00,693.0634731671475,1124646695.628625,0.02306378577426024,0.022944351830470423,1064321781.7479874,-0.05152167966242631
binancecoin,2025-01-23 00:00:00,694.4219334575758,829429387.7657729,0.0019581621803232696,0.01961936760055084,1027125325.6649965,-0.049662585676961024
binancecoin,2025-01-24 00:00:00,689.6926515818565,1199872836.81872,-0.006833683181011876,0.019598097892006772,1028340164.4705402,-0.05613475093101336
binancecoin,2025-01-25 00:00:00,680.331260963174,889253681.1006862,-0.013666237839609614,0.019701913347291024,1031706418.8708233,-0.06894609706855602
binancecoin,2025-01-26 00:00:00,686.4624751742597,494616452.6295134,0.008971734615216803,0.019401081191020086,1012156526.9931412,-0.06055534502100455
binancecoin,2025-01-27 00:00:00,664.4667087887276,563417170.9715786,-0.0325667853847982,0.020265935889336128,994823426.653682,-0.09065721644203048
binancecoin,2025-01-28 00:00:00,679.6778451363223,1530126791.592371,0.022634151501778426,0.019050012497898294,1010465546.937723,-0.06984031638601942
binancecoin,2025-01-29 00:00:00,661.6311598715406,753536803.6865051,-0.026910688408678697,0.018499100242561017,1010241881.3506111,-0.09453775087839072
binancecoin,2025-01-30 00:00:00,667.745952530571,803017578.167042,0.009199550266627866,0.018426114700585437,1003866976.6151673,-0.08616947222139253
binancecoin,2025-01-31 00:00:00,676.9452959901981,555762517.518932,0.013682675470703797,0.018638821648734507,970886502.2148678,-0.07357989252110544
binancecoin,2025-02-01 00:00:00,677.1124207686067,729995227.3014902,0.00024685030362996764,0.018591457506268602,979315004.2441612,-0.0733511772082245
binancecoin,2025-02-02 00:00:00,654.217143435919,635620746.151515,-0.0343979964397088,0.019539596334209743,969449266.8993142,-0.1046840565604356
binancecoin,2025-02-03 00:00:00,616.6428289864358,1132723233.233987,-0.059149346992444354,0.021937322915040327,975686475.5299855,-0.15610564208134303
binancecoin,2025-02-04 00:00:00,616.4068055452193,3600635636.5933547,-0.00038282878075499623,0.02192169305699779,1076022599.5371463,-0.15642864729767958
binancecoin,2025-02-05 00:00:00,573.6042069760077,1754660835.0289717,-0.07196752058263796,0.025112625103391063,1120040558.2370036,-0.21500529773272317
binancecoin,2025-02-06 00:00:00,569.5181048818762,556111377.5272002,-0.007149050376767135,0.024131812943086188,1099527681.7598078,-0.22059725200678007
binancecoin,2025-02-07 00:00:00,572.2112608064776,1003761062.9034272,0.00471768704663306,0.023068941551568654,1087664714.2505481,-0.21691158668654592
binancecoin,2025-02-08 00:00:00,578.4992668082035,751278489.7213545,0.010929018965467012,0.023274412327174275,1066288768.1959205,-0.2083062603323302
binancecoin,2025-02-09 00:00:00,614.7094865407944,1358173748.3343918,0.06071249736027925,0.026221442021317886,1074372815.0323303,-0.1587514796798815
binancecoin,2025-02-10 00:00:00,617.2838550746773,2076025506.140306,0.004179198367151688,0.02612321679625727,1117654812.177843,-0.15522837849581686
binancecoin,2025-02-11 00:00:00,617.6277634766806,1096743740.0190518,0.0005569765572332542,0.026091625109002547,1142655513.4197474,-0.1547577294483473
binancecoin,2025-02-12 00:00:00,643.374116169739,1475014557.293302,0.04084043271548374,0.027343330941341122,1181498246.4321935,-0.11952306725278039
binancecoin,2025-02-13 00:00:00,698.0715219546765,2445455388.7791457,0.08159518026524049,0.03133326761254182,1219543078.2953227,-0.04466801346002561
binancecoin,2025-02-14 00:00:00,669.9136528267184,5053346125.769553,-0.04117273679506148,0.03210421833402687,1368000636.77505,-0.08320290881777011
binancecoin,2025-02-15 00:00:00,657.410706012491,1867614110.4038904,-0.018839881218595582,0.03192382636643105,1399318242.4497843,-0.10031356960535483
binancecoin,2025-02-16 00:00:00,661.9679162628277,881770346.0843449,0.006908143419662141,0.0319531041824699,1396304514.9300914,-0.09407688957385353
binancecoin,2025-02-17 00:00:00,674.7322746333247,1123867609.080516,0.019098892118353684,0.03199323053053894,1400058923.4795823,-0.07660847916677953
binancecoin,2025-02-18 00:00:00,667.1818129347955,1031577914.4441284,-0.01125339013889033,0.03193774452651401,1390059406.7777705,-0.08694151431703477
binancecoin,2025-02-19 00:00:00,647.7337603591404,1157962160.3139863,-0.02958284360085536,0.0315859212451669,1356195803.8543851,-0.11355676234980114
binancecoin,2025-02-20 00:00:00,651.2699602601128,1067124436.0837576,0.0054444934683258155,0.03159297817530308,1318104738.9029143,-0.1087173658553861
binancecoin,2025-02-21 00:00:00,657.2357183731672,772069784.8547369,0.009118492256632488,0.03132351557493614,1306352175.2104514,-0.10055304548116062
binancecoin,2025-02-22 00:00:00,646.8031724730836,1040952078.1494442,-0.016000701440518083,0.031421277936264584,1313402931.5565734,-0.11483030001159743
binancecoin,2025-02-23 00:00:00,668.785472644957,988420626.34554,0.03342130744506734,0.03207669424909038,1306354524.5408008,-0.08474685751116351
binancecoin,2025-02-24 00:00:00,658.3040708334223,587694368.3681146,-0.01579640169863085,0.03210798193696306,1296302547.4497151,-0.09909097283375833
binancecoin,2025-02-25 00:00:00,611.6538008061765,1152541876.7735782,-0.07350050081725928,0.034646441785284435,1318233394.9211838,-0.16293327800753754
binancecoin,2025-02-26 00:00:00,623.430675278815,1861620239.3557467,0.01907113504216844,0.03445254038866037,1361506830.5339897,-0.14681626917486937
binancecoin,2025-02-27 00:00:00,610.3578616799338,1423760323.6156917,-0.021192128894933777,0.03429530573299959,1357961281.6014335,-0.16470680988925887
binancecoin,2025-02-28 00:00:00,605.3106534011248,1086874190.5112782,-0.008303640699365247,0.03402612489531356,1369072527.828926,-0.17161406703960663
binancecoin,2025-03-01 00:00:00,587.5469266891337,1527513660.3334212,-0.02978568489886131,0.03428893789740464,1393222397.2344718,-0.19592426419619757
binancecoin,2025-03-02 00:00:00,608.2885669828928,887615511.0007088,0.03469326807543641,0.03487767871698069,1404284163.6838646,-0.16753870225485107
binancecoin,2025-03-03 00:00:00,623.6422270366194,1393848651.9408092,0.024927463711683192,0.03525967360250024,1426412611.1718419,-0.1465267541972731
binancecoin,2025-03-04 00:00:00,574.3332822956445,1502671244.0216174,-0.0823669908355381,0.03774479988980383,1455314294.4341784,-0.21400753611154208
binancecoin,2025-03-05 00:00:00,583.1532087181396,1296685222.7007513,0.015240086515323912,0.036440991235618295,1460779694.0830705,-0.20193720009963168
binancecoin,2025-03-06 00:00:00,597.848549405523,565172537.3879949,0.02488751449984524,0.03676695387215593,1359597590.7762253,-0.18182618200158748
binancecoin,2025-03-07 00:00:00,595.9383138170398,840033139.4891893,-0.0032002986089130904,0.034248529306276664,1329110000.9248993,-0.1844403971673847
binancecoin,2025-03-08 00:00:00,594.5528006856207,1083021829.409551,-0.002327633932056968,0.03421894382093888,1346673682.6543112,-0.18633651378378746
binancecoin,2025-03-09 00:00:00,593.0806975943264,508781353.3737471,-0.0024790540976703714,0.034220355821681286,1330174359.003322,-0.18835113137864354
binancecoin,2025-03-10 00:00:00,554.7300039388367,794891836.6676661,-0.06684895738465409,0.03633815684076061,1331628137.2348654,-0.240835215319635
binancecoin,2025-03-11 00:00:00,532.5658810549988,1255231824.3279812,-0.04077490576552802,0.035057974010103896,1328196739.767985,-0.27116748769946675
binancecoin,2025-03-12 00:00:00,552.6254279577566,1939270866.6758049,0.03697381633314284,0.03584937043716409,1323638251.785835,-0.24371539118929336
binancecoin,2025-03-13 00:00:00,570.7207702766447,1114489699.9605951,0.032219644712297574,0.03643988111921699,1324229783.7838862,-0.2189513680470536
binancecoin,2025-03-14 00:00:00,578.7156213732173,1833466480.3402655,0.013911130853770486,0.03565528762997579,1336178181.2187853,-0.20801017256783738
binancecoin,2025-03-15 00:00:00,586.9702499764328,845308240.2144562,0.014162934951448885,0.03204672863366039,1282839942.9332955,-0.19671346371545775
binancecoin,2025-03-16 00:00:00,618.7666348359702,1045507701.2295176,0.05275406103230865,0.03304228125941932,1149245328.781961,-0.15319914955521954
binancecoin,2025-03-17 00:00:00,602.0153495286127,880757968.1631225,-0.027445255565303372,0.0332245483284181,1116350124.0406022,-0.1761237900347015
binancecoin,2025-03-18 00:00:00,630.4469540119447,1734384510.2764878,0.04614607611732627,0.03437768372730958,1144770596.1803403,-0.13721427956573842
binancecoin,2025-03-19 00:00:00,628.6214098323479,1414095284.5413723,-0.0028998353247152893,0.03415425818567413,1154444852.0290353,-0.13971259197752015
binancecoin,2025-03-20 00:00:00,619.5659214134856,1246749969.9429092,-0.014510077248705365,0.03418865941016092,1161617253.8789947,-0.15210530170453737
binancecoin,2025-03-21 00:00:00,630.2183910262637,1638896624.4903812,0.017047305654645514,0.033972723722103214,1177648402.6848745,-0.13752707492308056
binancecoin,2025-03-22 00:00:00,634.6156759206938,871273243.0492871,0.006953169155482374,0.033983575204597355,1171120029.5837257,-0.13150925757706533
binancecoin,2025-03-23 00:00:00,626.1359464582463,510080185.6961636,-0.013452066504636139,0.03400480162360309,1162387042.9451065,-0.14311402376205157
binancecoin,2025-03-24 00:00:00,622.808568853935,565395555.6061037,-0.005328315927245743,0.03390480133974737,1146535158.8603284,-0.1476676406289802
binancecoin,2025-03-25 00:00:00,635.8154787603806,1016201346.675068,0.020669195047927594,0.03353289924270522,1147461182.8713126,-0.12986729111052783
binancecoin,2025-03-26 00:00:00,630.3112214019164,1571079283.2041454,-0.008694693877764498,0.033454822840552075,1180240680.0325136,-0.13740003374693394
binancecoin,2025-03-27 00:00:00,617.8855000907927,753910960.6847237,-0.019910534273736003,0.03080033031553433,1166952982.829552,-0.1544050090983259
binancecoin,2025-03-28 00:00:00,637.6132125269871,2057147067.1925929,0.03142868418509917,0.031140262643919427,1173470543.7574468,-0.12740703808987294
binancecoin,2025-03-29 00:00:00,619.5224559274657,1035501259.6012462,-0.028782900660553997,0.03135479637331967,1160528574.9569654,-0.1521647855364936
binancecoin,2025-03-30 00:00:00,604.0434442333641,842143967.4297414,-0.025302825995886718,0.03167132630469584,1152370900.8542473,-0.17334828110438996
binancecoin,2025-03-31 00:00:00,601.4706478405623,627788963.5666428,-0.004268386932831052,0.031184659770737883,1122380077.628688,-0.17686923076584574
binancecoin,2025-04-01 00:00:00,605.503011770793,971533504.847768,0.006681801049551246,0.030547088735760595,1125177344.0902567,-0.17135081879405697
binancecoin,2025-04-02 00:00:00,611.0283776490112,1657684601.5836525,0.00908386568692195,0.030233879799297005,1133971875.7450182,-0.16378918851007432
binancecoin,2025-04-03 00:00:00,589.8692678191657,1345311302.234874,-0.03524247031069671,0.026881873196643515,1128726544.3521268,-0.19274607013527298
binancecoin,2025-04-04 00:00:00,592.4642522121785,1425802222.9961252,0.00438960499023883,0.0267548316316454,1133030444.3619726,-0.18919475552459306
binancecoin,2025-04-05 00:00:00,597.7592047746326,757406570.5501016,0.008897467887294721,0.02640986584904757,1139438245.467376,-0.18194845283062264
binancecoin,2025-04-06 00:00:00,594.0888077893536,352847322.8179597,-0.006159189007001695,0.026427729554685173,1123198718.2450018,-0.1869715020928508
binancecoin,2025-04-07 00:00:00,554.4379559214581,768924462.5165749,-0.06907390765631508,0.029277374517177577,1112728806.015236,-0.2412348918625574
binancecoin,2025-04-08 00:00:00,554.1601019762941,2333452106.558698,-0.0005012708600788646,0.02927925048618107,1173551164.4547343,-0.24161514338844434
binancecoin,2025-04-09 00:00:00,553.3962669418149,932386850.4083754,-0.0013793160818094975,0.026618286760873015,1178134331.5794246,-0.2426604747304743
binancecoin,2025-04-10 00:00:00,582.2597810033054,1253107793.6282015,0.050842385602941964,0.027040665110192263,1178063530.5560987,-0.20315988294343604
binancecoin,2025-04-11 00:00:00,577.2921769307156,1043288449.4822325,-0.008568196413333609,0.026335238231268574,1148197449.9829795,-0.2099581993304486
binancecoin,2025-04-12 00:00:00,586.1297244063287,590735620.7426767,0.015192626943018107,0.025827954641727074,1130738980.6757154,-0.19786374837450924
binancecoin,2025-04-13 00:00:00,596.9496743252538,481290566.3951808,0.018291674441982403,0.025916350839953355,1085666450.2108793,-0.1830563197297108
binancecoin,2025-04-14 00:00:00,583.6441112439634,492926645.2392504,-0.02254141371211918,0.026140593448814375,1073920397.0450392,-0.20126538514880893
binancecoin,2025-04-15 00:00:00,584.5130373558429,530197263.3245282,0.0014876872913563326,0.024160940368656424,1056743382.4482062,-0.2000762334895435
binancecoin,2025-04-16 00:00:00,579.7117342988385,431419209.1282797,-0.00824811564540355,0.023711025494381813,1041765423.8137115,-0.20664696190800827
binancecoin,2025-04-17 00:00:00,582.9884895445316,590793445.4085172,0.005636472503665689,0.022010830580537183,1003645721.6514457,-0.20216262326960072
binancecoin,2025-04-18 00:00:00,590.1449424870344,523349165.51611936,0.01220072929704736,0.02217598680847467,973954184.3506039,-0.19236880101626294
binancecoin,2025-04-19 00:00:00,591.7558249048697,560183796.0745611,0.002725919907608443,0.022066528860118225,951068645.2216591,-0.19016425971653528
binancecoin,2025-04-20 00:00:00,592.1191922418601,359734262.96070373,0.0006138609956931278,0.02179170175442077,908429899.8373364,-0.18966698052812372
binancecoin,2025-04-21 00:00:00,592.9015532596577,427574407.8731377,0.001320417611992521,0.021735393346002014,893639938.6647983,-0.1885962958177216
binancecoin,2025-04-22 00:00:00,596.742721454172,608725679.9225554,0.006457697691326721,0.02168597894418415,896928121.8056779,-0.18333954099176292
binancecoin,2025-04-23 00:00:00,617.6497009116878,924934985.74546,0.034435401578906025,0.022644424926164974,908912769.4769897,-0.15472770740518135
binancecoin,2025-04-24 00:00:00,606.1742820090113,1089223877.3345106,-0.018753930950449516,0.02253055925435323,911346853.8323045,-0.17043216517474502
binancecoin,2025-04-25 00:00:00,602.1970676660677,775858994.180891,-0.006582792129431974,0.022510890305747315,884839510.8648628,-0.17587510326868191
binancecoin,2025-04-26 00:00:00,600.1913883958081,941984394.0665632,-0.003336161654598211,0.022245826402988052,891108625.3109242,-0.17861993599907883
binancecoin,2025-04-27 00:00:00,607.8085377229048,632964213.2153282,0.012611342299832922,0.021555428950451094,843635863.511682,-0.16819563681258456
binancecoin,2025-04-28 00:00:00,603.5371460135477,548378967.0336518,-0.007052337693518041,0.020967421998149594,827398453.7594287,-0.17404116552798662
binancecoin,2025-04-29 00:00:00,606.1285517158251,532276423.2081352,0.0042845054982390334,0.020468527526658675,817069535.6187085,-0.17049474846379303
binancecoin,2025-04-30 00:00:00,600.5889575399475,779335060.0841132,-0.009181325451028273,0.020524383862697965,822121072.1692908,-0.17807585060336723
binancecoin,2025-05-01 00:00:00,599.6302002732988,717769059.8961756,-0.0015976373387120275,0.02048638820987937,813662257.3375713,-0.1793879389143077
binancecoin,2025-05-02 00:00:00,599.5796914410877,586779850.2435153,-8.42368505962867e-05,0.020409432033596017,777965432.2929,-0.17945706177850784
binancecoin,2025-05-03 00:00:00,601.3244678537958,609320858.6024743,0.0029057733323255065,0.0193389088169521,753432417.5051533,-0.17706928249802206
binancecoin,2025-05-04 00:00:00,599.2468842902798,383958586.5287981,-0.003460994856597137,0.01933955239059998,718704296.2895757,-0.17991251842802952
binancecoin,2025-05-05 00:00:00,585.8899216562841,541509182.9932485,-0.022541749023631194,0.019710321826810054,711507716.7043473,-0.19819192568925834
binancecoin,2025-05-06 00:00:00,597.9661578698278,712215748.698297,0.02040223522968358,0.020048836894700953,723486664.2336918,-0.1816652312618644
binancecoin,2025-05-07 00:00:00,603.0175211984405,821085162.8042526,0.008412092860569114,0.015225361861010988,725225354.243281,-0.1747522878002172
binancecoin,2025-05-08 00:00:00,603.144369158166,717897444.1413444,0.0002103332250957279,0.015220595377989277,671373532.1627027,-0.17457869253162095
binancecoin,2025-05-09 00:00:00,628.2798237375861,1315286906.535402,0.04082906018326874,0.016697830748801445,684136867.3669368,-0.14018006287730633
binancecoin,2025-05-10 00:00:00,666.6606824091106,1717143713.0552378,0.059295548020107135,0.017560556153059303,699604731.347838,-0.0876546971997216
binancecoin,2025-05-11 00:00:00,662.3379085253329,1549618220.9985394,-0.0065053328995302315,0.017511541476670285,716482390.3983817,-0.0935705439745462
binancecoin,2025-05-12 00:00:00,650.8664613901699,1186159482.5022006,-0.017471368813884395,0.01784134918611827,736329852.4570326,-0.10926956626016679
binancecoin,2025-05-13 00:00:00,660.9533536861077,1968342045.487355,0.015378775317646247,0.017765795657823737,785898235.0934383,-0.09546534913910414
binancecoin,2025-05-14 00:00:00,666.2402578411695,1513422041.332075,0.007967084944332719,0.017090288860130576,819914748.2965323,-0.08823006093402304
binancecoin,2025-05-15 00:00:00,651.6490150180347,1223304236.5479276,-0.022144256540262842,0.017761181140976467,843018314.0706457,-0.10819861795706344
binancecoin,2025-05-16 00:00:00,651.1362648113163,1206761924.2527664,-0.0007871600042355256,0.017641036892982468,868863071.2414619,-0.1089003321198349
binancecoin,2025-05-17 00:00:00,647.3412018782846,900231018.9448881,-0.005845421020373336,0.017725805413959874,879177657.0260075,-0.1140939905012935
binancecoin,2025-05-18 00:00:00,639.5979769763185,679492837.9963502,-0.012033697427592947,0.017866808393839438,884382446.1086819,-0.12469082792435246
binancecoin,2025-05-19 00:00:00,649.3806686821907,835970956.2085127,0.015179273255160025,0.01801193390856315,893575351.4464804,-0.11130291850941167
binancecoin,2025-05-20 00:00:00,651.0389804540937,825481514.59589,0.0025504269670223925,0.018006195243585398,909100259.83432,-0.10903346870444235
binancecoin,2025-05-21 00:00:00,650.951301036078,763647929.5303316,-0.0001346852113947879,0.018013285546699582,920302710.5562264,-0.1091534606393046
binancecoin,2025-05-22 00:00:00,674.7138326551593,1565136776.7436197,0.0358538163434093,0.018975313023844254,952183080.4502618,-0.07663371757155947
binancecoin,2025-05-23 00:00:00,686.0302393255067,1382711893.5086522,0.016633058046141774,0.018258540907064857,967442310.709035,-0.061146872850254344
binancecoin,2025-05-24 00:00:00,655.3681110510369,1217926335.781693,-0.0457246280276584,0.019975359710424904,971732392.6572744,-0.10310892257543233
binancecoin,2025-05-25 00:00:00,667.9647953294073,693430871.7905037,0.01903839116905338,0.020116385451561844,968984788.5775948,-0.08586997923367289
binancecoin,2025-05-26 00:00:00,670.0121393931087,768619050.9190482,0.0030603601728672603,0.02007578027084098,963205943.8060108,-0.08306812697356351
binancecoin,2025-05-27 00:00:00,673.7837605333261,666132639.4545316,0.005613398648029954,0.020008828966671815,964311558.0139843,-0.07790654939441963
binancecoin,2025-05-28 00:00:00,687.4363026293119,1078653384.123821,0.0200599451613014,0.020130734046063935,981987371.91699,-0.0592226327015317
binancecoin,2025-05-29 00:00:00,687.631059296252,824780509.8660014,0.0002832685490690917,0.020144355951022184,991737508.1389188,-0.0589561023136441
binancecoin,2025-05-30 00:00:00,675.4110812815895,995474417.0429968,-0.017930928268772482,0.020406487321597624,998942153.3708818,-0.07567951174242796
binancecoin,2025-05-31 00:00:00,656.2031380761879,923659967.2299036,-0.02885111209737305,0.021249516207587266,1005805183.6153393,-0.10196616284141773
binancecoin,2025-06-01 00:00:00,658.5726942750157,589938636.7962121,0.003604506115876811,0.02124169363594365,1005910476.5004292,-0.09872335353112581
binancecoin,2025-06-02 00:00:00,661.3452261434389,513744446.15491945,0.004201073268628947,0.021242542352812383,1002724596.0855106,-0.09492905983154966
binancecoin,2025-06-03 00:00:00,666.0561104906627,550346321.1131796,0.007097934882726852,0.02121632072997211,1008270853.90499,-0.08848207215156009
binancecoin,2025-06-04 00:00:00,661.17332497159,717080413.430261,-0.007357895202636351,0.02074904491678577,1014123228.2528903,-0.09516431178328545
binancecoin,2025-06-05 00:00:00,663.70338541173,585654885.1918986,0.003819319180195208,0.020517421836421013,1009904532.8026773,-0.09170184756532515
binancecoin,2025-06-06 00:00:00,634.1479715861758,1050942219.4544812,-0.04555302008088969,0.02235331875182992,1017566434.6910182,-0.1321493251016039
binancecoin,2025-06-07 00:00:00,643.7566841456504,828491539.5454317,0.015038514188708359,0.022483311000730477,1021252904.537821,-0.11899951140940393
binancecoin,2025-06-08 00:00:00,650.7937997932994,464282809.21614456,0.01087201318264951,0.021343573037695823,992886101.2938459,-0.10936900585267312
binancecoin,2025-06-09 00:00:00,652.274428548494,277471527.06296444,0.002272527808140754,0.01831294196815235,944897028.4274366,-0.10734272062896487
binancecoin,2025-06-10 00:00:00,666.3374143222443,720838499.864964,0.021330794305468487,0.018710951141259185,917271037.7229842,-0.08809709935179076
binancecoin,2025-06-11 00:00:00,673.4760595844963,915030301.0453428,0.010656278585512548,0.018498403787238094,908233398.3410889,-0.07832764744735658
binancecoin,2025-06-12 00:00:00,667.7388930109494,926482996.0464324,-0.00855523054716732,0.018378786979937212,873504763.3597248,-0.08617913338746512
binancecoin,2025-06-13 00:00:00,656.4804964003403,833602957.1016513,-0.01700423354937799,0.018585777091811796,850844127.2187107,-0.1015865895878721
binancecoin,2025-06-14 00:00:00,654.9095462616511,1091022440.7624466,-0.0023958560596579093,0.01813674419069572,846434734.0258614,-0.10373648235608986
binancecoin,2025-06-15 00:00:00,645.8086677048335,465113546.6999152,-0.013993848899325402,0.018320039750968402,821713121.4407665,-0.11619130985943577
binancecoin,2025-06-16 00:00:00,648.2042600997396,342983199.2537816,0.003702582996228072,0.01830283823905023,803138194.1177294,-0.11291286922751112
binancecoin,2025-06-17 00:00:00,651.4813571171453,677081516.7980691,0.005042917947209364,0.018179380826134246,803057816.7444534,-0.10842806286418022
binancecoin,2025-06-18 00:00:00,648.799470473488,919084069.2175108,-0.004125094194660698,0.017986664025692028,805828253.8447533,-0.11209830583267438
binancecoin,2025-06-19 00:00:00,643.7728727892951,805534251.3963257,-0.0077777047447066885,0.01803435248131587,805163345.0714345,-0.11897735676105335
binancecoin,2025-06-20 00:00:00,644.3626647131019,530108876.6028053,0.0009157296695114016,0.018035853003006808,797378709.9738503,-0.11817020867880826
binancecoin,2025-06-21 00:00:00,641.4660754156638,566416175.4191926,-0.004505412123399053,0.016698753692820183,764088023.2630361,-0.1221342787213213
binancecoin,2025-06-22 00:00:00,626.5687672231079,506048055.8076519,-0.023497767003781644,0.016787939919902437,734865895.3396693,-0.14252169545742
binancecoin,2025-06-23 00:00:00,615.9200839908369,1152325722.5588028,-0.017141311099303683,0.014996351162917273,732679208.2322396,-0.15709474046265778
binancecoin,2025-06-24 00:00:00,640.2543180324582,1018106255.6202904,0.03874824801186316,0.01632579442289586,743501721.0265659,-0.12379260534215351
binancecoin,2025-06-25 00:00:00,643.4133640920619,541068316.461594,0.0049219162887475885,0.01634690475901084,735916696.5446508,-0.119469355284277
binancecoin,2025-06-26 00:00:00,645.8665732235779,827204901.7289867,0.0038055538152352033,0.016323664241658514,741285771.9537994,-0.11611206440604896
binancecoin,2025-06-27 00:00:00,642.4572030728536,624553271.4953628,-0.005292734904612621,0.01582235725784535,726149101.5328506,-0.12077789055208817
binancecoin,2025-06-28 00:00:00,645.9995550778237,506712411.6691133,0.005498610500856212,0.015879761888212333,715546831.5929544,-0.11593007471732092
binancecoin,2025-06-29 00:00:00,648.766805209224,346225669.1301844,0.004274523079639853,0.015631102557507555,693905206.6625272,-0.11214300923457336
binancecoin,2025-06-30 00:00:00,655.0764136195659,422629715.3384968,0.009678552717386974,0.014856550986575309,677204198.2661471,-0.10350811933093883
binancecoin,2025-07-01 00:00:00,657.0109566115938,695153815.9147367,0.0029488042301580603,0.01485145950999807,680711370.9034312,-0.10086063874836754
binancecoin,2025-07-02 00:00:00,646.1777891600059,581547247.9770566,-0.016626013739779066,0.015128677387250041,682971464.2975025,-0.11568615598629546
binancecoin,2025-07-03 00:00:00,660.0254823640146,758146950.3828626,0.021203762581832968,0.015593803069259034,689898151.9398253,-0.09673516910097077
binancecoin,2025-07-04 00:00:00,663.0154690088326,713062571.7212918,0.004519877834454756,0.015559257530872403,689764223.8828597,-0.09264328196435805
binancecoin,2025-07-05 00:00:00,653.1616270479346,635866546.3146216,-0.014973708480652848,0.015780785303272732,691437945.9202837,-0.10612856265478966
binancecoin,2025-07-06 00:00:00,655.9253698398683,367646275.0716652,0.004222403712912879,0.013307058497812259,668661414.4408566,-0.10234629707215942
binancecoin,2025-07-07 00:00:00,663.0185149322261,562060051.2427313,0.010755898802931105,0.013174973062550532,659780364.8307664,-0.09263911352608938
binancecoin,2025-07-08 00:00:00,661.2876967099644,646920102.0613401,-0.002613925982595367,0.01305544326140746,665868274.592273,-0.09500779060087235
binancecoin,2025-07-09 00:00:00,660.7042150664093,659569899.7140087,-0.0008827310912350201,0.013053657352371174,678604887.0139745,-0.09580630287377845
binancecoin,2025-07-10 00:00:00,669.2613994307441,641678068.1682327,0.012868456684687642,0.012672251453368392,675966205.9574168,-0.08409553731342737
binancecoin,2025-07-11 00:00:00,685.1054482111715,1137433259.720816,0.02339805001115745,0.013237582472473773,683379637.9132658,-0.06241247745466298
binancecoin,2025-07-12 00:00:00,689.8418420972016,1909585413.5492668,0.0068895915565536795,0.013170590500792756,716149718.4966937,-0.05593057919944278
binancecoin,2025-07-13 00:00:00,685.4703165458919,1045215775.103744,-0.006357160803402967,0.01280469356256271,723203479.0967635,-0.06191314410546982
binancecoin,2025-07-14 00:00:00,692.0429275667424,827022284.8266991,0.009542791587227381,0.012866725083431356,714403473.8989052,-0.052918327176508684
binancecoin,2025-07-15 00:00:00,689.3152771073793,1871816396.541036,-0.003949234883859464,0.012567747515617698,761293568.8936093,-0.056651199310632484
binancecoin,2025-07-16 00:00:00,689.863427315096,1508842031.6879208,0.0007948937071340801,0.012566758069166004,800155529.9747472,-0.05590103917604627
binancecoin,2025-07-17 00:00:00,708.5580809732663,1723439341.1205275,0.02673838657722104,0.01334361337041264,835034124.1188291,-0.030316840343628935
binancecoin,2025-07-18 00:00:00,722.3981283678474,2159930031.483713,0.01934437809637614,0.013608990054601271,876395656.1943692,-0.011376316979704875
binancecoin,2025-07-19 00:00:00,729.5149107763856,3421946485.4001718,0.009803396228342079,0.013480895722486286,963609397.3278309,-0.0016367850516814356
binancecoin,2025-07-20 00:00:00,732.9272514055848,1435654835.547203,0.004666641745073668,0.013467081042249153,993794262.6259774,0.0
binancecoin,2025-07-21 00:00:00,758.1392224608369,1798602738.0495224,0.03382059034970667,0.014389918783060136,1034867148.0469884,0.0
binancecoin,2025-07-22 00:00:00,766.3958790528078,2452658270.4492984,0.010831810053798066,0.013324162787601521,1099754155.20171,0.0
binancecoin,2025-07-23 00:00:00,786.4807204757146,2644910595.3765583,0.025869359511166933,0.012978225601064635,1149506984.295635,0.0
binancecoin,2025-07-24 00:00:00,776.2226902262614,4430495787.544528,-0.013128758178876864,0.012192778607426225,1263253302.026443,-0.013042951953416594
binancecoin,2025-07-25 00:00:00,771.2312622168195,2578577950.386883,-0.006451171374104566,0.012415706341224077,1331170289.8239527,-0.01938948770374347
binancecoin,2025-07-26 00:00:00,784.7856013546323,2074059703.484386,0.01742228160347852,0.012579026631175256,1372732116.5491326,-0.0021553219003983375
binancecoin,2025-07-27 00:00:00,794.2867236239222,892831867.5658532,0.012033947752969973,0.012415903228135041,1381674736.418149,0.0
binancecoin,2025-07-28 00:00:00,843.449638843771,2256704380.679607,0.06005568627892179,0.015730622083830217,1440007802.051832,0.0
binancecoin,2025-07-29 00:00:00,822.2765976915088,3011452631.6826835,-0.025423363220065096,0.016920534198148946,1528848700.803582,-0.02510291092339192
binancecoin,2025-07-30 00:00:00,805.1438193193468,2130673065.5019736,-0.021055912996139434,0.017720659813646917,1585783479.1423647,-0.04541565703547533
binancecoin,2025-07-31 00:00:00,793.8734614175534,1929266771.61827,-0.01409683894588513,0.01811968947142163,1626920577.6658158,-0.058777874982765245
binancecoin,2025-08-01 00:00:00,783.0023910772859,1662327372.5984204,-0.01378833033018979,0.018002872840200287,1662946581.8198614,-0.07166669470550517
binancecoin,2025-08-02 00:00:00,756.4574114847068,2187208851.563726,-0.0344895148626217,0.019252080847497258,1710581978.5258899,-0.10313861474683433
binancecoin,2025-08-03 00:00:00,736.6587769385911,937931586.043018,-0.02652143911384595,0.020070287644838307,1718077612.3366141,-0.12661201924464913
binancecoin,2025-08-04 00:00:00,751.4001548118117,843114690.7269527,0.019813543422780387,0.01997018049422511,1724985883.8170252,-0.10913453488241909
binancecoin,2025-08-05 00:00:00,768.5544340737234,1043307913.106174,0.022573052885054574,0.02023526492495382,1747507938.4181755,-0.08879629715974086
binancecoin,2025-08-06 00:00:00,754.7878000846929,1003756388.5618858,-0.018074741802128393,0.02064677299510762,1762231149.6621473,-0.10511811811386718
binancecoin,2025-08-07 00:00:00,769.8555506826906,990264468.5504694,0.01976625047938509,0.020791368456952446,1773675961.8784516,-0.08725368388557932
binancecoin,2025-08-08 00:00:00,787.1948285374559,1091813946.3690848,0.022272875543941507,0.020991716876794148,1788084096.7669542,-0.06669611049147058
binancecoin,2025-08-09 00:00:00,793.1777287850201,1187794735.3928044,0.007571542295201698,0.020952792730810313,1806287985.6744397,-0.05960274063033013
binancecoin,2025-08-10 00:00:00,799.1991047067497,1105210829.293122,0.007562788524457458,0.02068838295417339,1805213904.6601832,-0.052463753731261796
binancecoin,2025-08-11 00:00:00,804.8956334719561,1056685905.213822,0.007102514055712163,0.020689042307971056,1776783921.0490022,-0.045709907973481435
binancecoin,2025-08-12 00:00:00,806.8312185132748,1821705477.5453289,0.0024018784193740018,0.02058270413039164,1802666911.130388,-0.04341506433116023
binancecoin,2025-08-13 00:00:00,834.446637547768,1904274487.3355465,0.03365429606619979,0.021209891059943815,1838575317.8806832,-0.010674023535471144
binancecoin,2025-08-14 00:00:00,849.5528663342336,2344964710.7509003,0.017941375832000936,0.021223903935500735,1854346928.354345,0.0
binancecoin,2025-08-15 00:00:00,842.2643191559952,3658447977.417383,-0.008616288252373556,0.02138720320859859,1926000459.8786607,-0.008579274424307531
binancecoin,2025-08-16 00:00:00,827.2916811192079,3425180338.790325,-0.017936552530719106,0.021495538317984335,1982725159.800987,-0.026203413698174378
binancecoin,2025-08-17 00:00:00,839.0566611983465,1194989933.08169,0.014120907705182466,0.021397649153161453,1950560489.854253,-0.01235497583708654
binancecoin,2025-08-18 00:00:00,856.9424560582937,1237130937.218746,0.021092532161484673,0.021583674801205967,1877733304.9148722,0.0
binancecoin,2025-08-19 00:00:00,848.2298792758197,1704077250.468268,-0.010219087446843373,0.021770611386143796,1886680718.7455745,-0.010167049982036748
binancecoin,2025-08-20 00:00:00,823.4566682430556,1577237801.835062,-0.02964075388635153,0.02194307599438734,1879301887.5384257,-0.03907588844327288
binancecoin,2025-08-21 00:00:00,870.0388548973078,2208912960.725439,0.055026942232285575,0.023900289304093505,1871177043.8809636,0.0
binancecoin,2025-08-22 00:00:00,838.3671602294102,1808794551.825588,-0.037081728226938546,0.024685286338696672,1843306509.0959313,-0.036402620974480424
binancecoin,2025-08-23 00:00:00,899.0447590707095,2403982643.652437,0.06987667762669415,0.027416785364518574,1775756070.966195,0.0
binancecoin,2025-08-24 00:00:00,880.2145462822662,1414960204.0565426,-0.021167140501910604,0.027756358032184982,1736968812.7551837,-0.020944688902816148
binancecoin,2025-08-25 00:00:00,876.0729413672346,1862920203.9639416,-0.0047163264798238186,0.027692585262384526,1729930829.4378357,-0.025551361566491362
binancecoin,2025-08-26 00:00:00,840.2868104582814,1739476008.2601202,-0.041706079289487503,0.02884682878098113,1758152300.794311,-0.06535597701849993
binancecoin,2025-08-27 00:00:00,864.1213024474413,1565511904.048617,0.02796988071921306,0.02716094090622873,1735112551.573278,-0.03884507002673208
binancecoin,2025-08-28 00:00:00,856.0552312979237,1274918054.4266574,-0.009378258696059853,0.02678194674848633,1677228065.664744,-0.04781689380762484
binancecoin,2025-08-29 00:00:00,874.7487534677291,1665085112.0571768,0.021601809626769646,0.026684006780314254,1661708467.2165837,-0.027024244741823238
binancecoin,2025-08-30 00:00:00,863.6575485254209,1531055975.6867678,-0.012760371870375892,0.02665598812644721,1648434774.018867,-0.03936089965294527
binancecoin,2025-08-31 00:00:00,861.923469050824,732100562.508858,-0.002009850642384806,0.026489326965437356,1617427213.6825485,-0.041289701814463155
binancecoin,2025-09-01 00:00:00,857.819601972643,721993472.2873288,-0.004772660448235193,0.02557100686079213,1568586701.0400019,-0.04585439899641762
binancecoin,2025-09-02 00:00:00,845.916487927506,1648305723.808358,-0.013973182570337745,0.025150468315485664,1592265838.965513,-0.05909413364259987
binancecoin,2025-09-03 00:00:00,851.6937445280856,1322521810.3871567,0.006806366730727224,0.024990942341581286,1608246076.2875202,-0.0526681392276485
binancecoin,2025-09-04 00:00:00,855.1110256828161,859226298.816796,0.004004307675447773,0.024748364036384033,1602110022.4778743,-0.04886712585178192
binancecoin,2025-09-05 00:00:00,843.6735934362805,916745033.758285,-0.013465632947233701,0.02462343343683618,1599209643.9844208,-0.06158888651068155
binancecoin,2025-09-06 00:00:00,849.7184902459278,987362929.2356554,0.007139424524622521,0.02444681659437773,1599112926.0072603,-0.0548651981195768
binancecoin,2025-09-07 00:00:00,861.6639369838142,841058634.1628499,0.01396022367537978,0.024270714862991045,1590754415.600386,-0.041578377171714614
binancecoin,2025-09-08 00:00:00,881.3845363246559,923155920.7210786,0.02262867744832027,0.024522613136623676,1581933121.777995,-0.019643318720091247
binancecoin,2025-09-09 00:00:00,878.2339242329539,1204256444.2143743,-0.0035810211465745947,0.024543574956568368,1585234642.2753701,-0.02314771831745789
binancecoin,2025-09-10 00:00:00,879.833817211316,1062899360.6770087,0.001820058900233408,0.024533138665547845,1585441757.4574761,-0.021368170678455044
binancecoin,2025-09-11 00:00:00,893.578793274879,1801977169.8109915,0.01550147012518492,0.024639074930269615,1584784147.199665,-0.006079748244659502
binancecoin,2025-09-12 00:00:00,902.876846974473,1258971255.576734,0.010351646341933779,0.02401186871925017,1563274039.4743712,0.0
binancecoin,2025-09-13 00:00:00,925.1660418381476,1589605226.0339465,0.024387064065242478,0.024181859517025943,1538095389.9838061,0.0
binancecoin,2025-09-14 00:00:00,933.8971704994946,1640112370.864308,0.00939311024962477,0.02411103430936508,1470817536.4320369,0.0
binancecoin,2025-09-15 00:00:00,926.8412817390542,1263377077.0891886,-0.007584002546341517,0.02386735355648535,1398757427.7086656,-0.007555316563028546
binancecoin,2025-09-16 00:00:00,919.2250351484704,1372293507.033996,-0.008251371831692349,0.023882858930173275,1404667546.840409,-0.015710654036114897
binancecoin,2025-09-17 00:00:00,955.3487499241552,1924151991.340504,0.03854549501937497,0.024541217231486088,1427568248.6444678,0.0
binancecoin,2025-09-18 00:00:00,991.3973181432297,2455896970.1542788,0.03703892347776411,0.025131650674197783,1452628905.967335,0.0
binancecoin,2025-09-19 00:00:00,982.076570691383,2514178578.723519,-0.009446100919893948,0.024426865498576047,1483860265.1969502,-0.009401626654894807
binancecoin,2025-09-20 00:00:00,982.6879738189484,2194041676.02945,0.0006223678547222765,0.022603145470129437,1483364555.707084,-0.008784918180526057
binancecoin,2025-09-21 00:00:00,1042.406078066426,2616933161.676639,0.05899520923566097,0.02336664455528218,1510302509.3687856,0.0
binancecoin,2025-09-22 00:00:00,1048.564985104853,3053430923.120548,0.005890970906500877,0.020153451692200966,1531950785.3510559,0.0
binancecoin,2025-09-23 00:00:00,992.3881905006706,3676969354.8492174,-0.055063475731019156,0.022492894487747734,1607351090.3774784,-0.053574928976447576
binancecoin,2025-09-24 00:00:00,1017.4645009307636,2922340144.919476,0.024954676380021072,0.022747382420961876,1642665088.4093294,-0.029660044552202298
binancecoin,2025-09-25 00:00:00,1018.067792712729,2488968495.0372467,0.0005927607255496444,0.020996927097597148,1667648171.3019004,-0.029084694630609177
binancecoin,2025-09-26 00:00:00,944.4003758447784,3413861577.3788505,-0.07511158573024568,0.025331854961376615,1729259827.0795748,-0.09934015606067409
binancecoin,2025-09-27 00:00:00,960.6805874196078,2464135246.721797,0.01709177532437945,0.025348221078366436,1768900400.1560795,-0.0838139733194094
binancecoin,2025-09-28 00:00:00,968.6806715896132,1580796543.5155156,0.008293034788270565,0.025142336580605773,1766090781.2046907,-0.07618441837179174
binancecoin,2025-09-29 00:00:00,993.2079048442276,1062584120.797686,0.025004999271578406,0.02525050865641079,1750475052.7083883,-0.05279318024823205
binancecoin,2025-09-30 00:00:00,1030.030963111487,2136154304.7482347,0.03640412947760859,0.025867144321771722,1797276844.116367,-0.017675606430356466
binancecoin,2025-10-01 00:00:00,1008.9225311714104,1848197871.390849,-0.020705902467234496,0.026255326241178857,1834816990.7531514,-0.03780638729747249
binancecoin,2025-10-02 00:00:00,1025.8187850123247,1942259015.308578,0.01660814775816274,0.026069901172789827,1844615433.8031588,-0.021692694697652552
binancecoin,2025-10-03 00:00:00,1090.3115640663682,2670147496.089171,0.0609723856360532,0.02790794744902394,1889536289.9932256,0.0
binancecoin,2025-10-04 00:00:00,1190.0540938314143,4899140228.342193,0.08753526910150534,0.031417725005178046,2024200087.6440723,0.0
binancecoin,2025-10-05 00:00:00,1149.536376093483,1730597418.8329225,-0.03464005322669026,0.032214459083437744,2051328500.4798934,-0.03404695462832552
binancecoin,2025-10-06 00:00:00,1165.4778023162069,2435796155.3750944,0.013772423815766275,0.03221469880817915,2099609608.0178747,-0.02065140706006343
binancecoin,2025-10-07 00:00:00,1224.574210222444,4284366311.1491776,0.04946206640310032,0.03298774693678402,2214386530.5840855,0.0
binancecoin,2025-10-08 00:00:00,1311.712914691701,9739890116.464443,0.06874065147316352,0.03455100653243017,2508277670.442198,0.0
binancecoin,2025-10-09 00:00:00,1306.4812320510532,5632418876.319237,-0.003996410739989108,0.0345580679800382,2655883084.8456936,-0.003988435717946206
binancecoin,2025-10-10 00:00:00,1255.8786646242372,6718668117.932197,-0.03950198203589411,0.03582903395988102,2844408710.0875325,-0.04256590709910539
binancecoin,2025-10-11 00:00:00,1110.8141755974673,8685141976.344122,-0.12274222080089453,0.043428838293359875,3073847536.9719706,-0.1531575521168456
binancecoin,2025-10-12 00:00:00,1138.124682344206,6948428633.056303,0.024288654415159157,0.04353752674159606,3263496116.2212896,-0.1323370612603097
binancecoin,2025-10-13 00:00:00,1298.790800597507,9048144207.208094,0.13205178582464827,0.049047666697009065,3512114082.260428,-0.009851327946428724
binancecoin,2025-10-14 00:00:00,1293.0722313476615,9460068400.641727,-0.004412716612509362,0.04913094153719548,3772779283.253008,-0.014210947483444302
binancecoin,2025-10-15 00:00:00,1212.283351974494,8825438559.50392,-0.06451531252672542,0.050933821115549685,4024847999.333499,-0.07580131414698797
binancecoin,2025-10-16 00:00:00,1161.734804798178,4682445531.806146,-0.04259123976300181,0.05171360973311959,4135186400.159238,-0.11433760254527428
binancecoin,2025-10-17 00:00:00,1143.731369922843,4415901608.8116665,-0.015618360434737754,0.05154859435333612,4218244720.7416096,-0.12806273605100515
binancecoin,2025-10-18 00:00:00,1071.5486432574182,5491967100.574252,-0.06519111663471674,0.052789984953807705,4319447058.422276,-0.1830920994558705
binancecoin,2025-10-19 00:00:00,1092.456873698318,2404645661.2866297,0.0193242400846066,0.05282507986731113,4315795961.174379,-0.16715246037271486
binancecoin,2025-10-20 00:00:00,1109.7463758132928,2451498835.8070607,0.015702326625298597,0.052867986341564865,4324377866.5003,-0.15397160202991322
binancecoin,2025-10-21 00:00:00,1100.594219041398,3059042679.759334,-0.00828126588022794,0.051874628500930865,4339114850.436389,-0.160948858005201
binancecoin,2025-10-22 00:00:00,1057.8502060144851,3312841993.6151514,-0.039611491882377364,0.05241362741810638,4347761886.119543,-0.19353526662263787
binancecoin,2025-10-23 00:00:00,1071.3354220022431,2524047906.406172,0.012667187047457463,0.05139576324570874,4309331171.171442,-0.1832546512252302
binancecoin,2025-10-24 00:00:00,1127.358071433892,4658465652.115295,0.05097097723401608,0.05200271496801167,4367202021.411303,-0.1405451156216898
binancecoin,2025-10-25 00:00:00,1109.178393744721,2264878475.243278,-0.01625735004103622,0.052125143771962056,4359732354.084836,-0.15440460994056973
binancecoin,2025-10-26 00:00:00,1116.6415202338756,1179990839.9169848,0.006705982285856498,0.05000222351209747,4285269996.169441,-0.14871500636530216
binancecoin,2025-10-27 00:00:00,1136.879092448019,1658756855.7714329,0.017961332296386592,0.050009375662602606,4258424049.8044286,-0.13328665158776304
binancecoin,2025-10-28 00:00:00,1140.4846092726004,3216378789.247939,0.0031663979137710493,0.050008662229615725,4312943457.995509,-0.13053794279317987
binancecoin,2025-10-29 00:00:00,1103.595300080196,3071983545.353561,-0.03287996329674107,0.05034342330620423,4379923438.814038,-0.1586609480477822
binancecoin,2025-10-30 00:00:00,1106.7871126244677,3099158245.617289,0.00288802041168213,0.049958763866454724,4412023570.176341,-0.15622763165017559
binancecoin,2025-10-31 00:00:00,1078.7188521029816,3106355168.6806374,-0.02568723611266552,0.05004639404547519,4453962146.752666,-0.17762580514310267
binancecoin,2025-11-01 00:00:00,1088.7331766998475,3113520722.1821284,0.009240708190561008,0.049991451126104494,4493004203.648452,-0.16999126523372043
binancecoin,2025-11-02 00:00:00,1094.4541628666802,1037807355.6051456,0.005240960460260798,0.04874375970089123,4438592865.632318,-0.16562980313118605
binancecoin,2025-11-03 00:00:00,1083.698416513334,1031503124.6500416,-0.00987610682471462,0.04588069665286914,4309671628.842579,-0.17382957476785874
binancecoin,2025-11-04 00:00:00,992.195531851008,3894432183.734088,-0.08821473316016223,0.048137005677142755,4381799454.339285,-0.2435878912694786
binancecoin,2025-11-05 00:00:00,938.891751599157,4592001913.653611,-0.05522000453140131,0.04885652996177123,4453672979.615235,-0.2842246644954091
binancecoin,2025-11-06 00:00:00,959.970145877664,2676495284.5851297,0.02220199388335363,0.048012438669058806,4400077278.729767,-0.2681552989792046
binancecoin,2025-11-07 00:00:00,948.6793778409456,1960406697.5914152,-0.011831297053255184,0.04576600105470563,4140761164.7673326,-0.2767629507833893
binancecoin,2025-11-08 00:00:00,990.5899790534176,2698061350.925921,0.04322981518466394,0.04680845943936663,4042949247.2542224,-0.24481190361212435
binancecoin,2025-11-09 00:00:00,989.886240398806,1880988393.990488,-0.0007106762275847454,0.04647790437404552,3881693256.456166,-0.2453484071768369
binancecoin,2025-11-10 00:00:00,996.308790029525,1718843151.6878853,0.006467211847255809,0.04115382030595458,3649483295.6342907,-0.24045209979220727
binancecoin,2025-11-11 00:00:00,991.3653787289568,1834279454.1310785,-0.00497407630538276,0.04081476011136844,3479011656.3367834,-0.24422076841260434
binancecoin,2025-11-12 00:00:00,957.149279725558,1720439846.7132306,-0.035123796917663055,0.03196727591390133,3234754844.320288,-0.27030581996631325
binancecoin,2025-11-13 00:00:00,952.917011591862,1547574582.8027587,-0.0044315478255979495,0.03196715906296641,2971005050.392323,-0.2735323401036794
binancecoin,2025-11-14 00:00:00,927.1219876913324,2123958787.804254,-0.02744266767101496,0.030475860814637667,2747622391.335667,-0.2931974845202779
binancecoin,2025-11-15 00:00:00,917.7022398201406,2858531583.3570466,-0.01021217045482856,0.029809034772226288,2686825259.720697,-0.3003787417646695
binancecoin,2025-11-16 00:00:00,931.9743286141038,1205241688.99158,0.01543228938994867,0.030068296825566724,2579803262.393361,-0.2894982444896101
binancecoin,2025-11-17 00:00:00,928.5079796470696,1919661054.375172,-0.003726295017776208,0.027975372903920586,2460726394.186724,-0.2921408570065791
binancecoin,2025-11-18 00:00:00,906.71978118311,3283503372.7441425,-0.02374552378967531,0.02780052555300489,2490021651.235308,-0.3087513502173444
binancecoin,2025-11-19 00:00:00,932.0597430569884,3005015188.212742,0.027563463530305476,0.028204337503375778,2508472196.315498,-0.28943312776938274
binancecoin,2025-11-20 00:00:00,894.7896141305321,2476207348.3480835,-0.04080829199216169,0.028918523849019762,2489044351.9351225,-0.3178464554945398
binancecoin,2025-11-21 00:00:00,866.7212975475668,2488925141.7757115,-0.03187115364485175,0.028649895023313093,2461580456.8738084,-0.3392446717266049
binancecoin,2025-11-22 00:00:00,831.1648478578168,4424065641.157903,-0.04188932093103244,0.029109740660604167,2524914381.3655324,-0.3663515556274217
binancecoin,2025-11-23 00:00:00,833.4782529297297,1537890915.9080956,0.0027794625288173084,0.02696785904353359,2420895223.491959,-0.3645879036529676
binancecoin,2025-11-24 00:00:00,843.0327408998495,1306002441.4363518,0.01139818521587304,0.027220468683602773,2388932689.0317287,-0.3573039256856047
binancecoin,2025-11-25 00:00:00,864.3540154398011,2065041400.9588752,0.02497662917560174,0.027785875508472464,2418434374.399791,-0.3410493975025359
binancecoin,2025-11-26 00:00:00,861.9171451304046,1496962340.5130074,-0.002823278270213507,0.027358219177647587,2413041223.891177,-0.34290717467473764
binancecoin,2025-11-27 00:00:00,891.7232823713881,1449103064.218506,0.03399671618895266,0.028399157526375146,2354132033.056863,-0.32018411011759024
binancecoin,2025-11-28 00:00:00,895.3979231885241,1318329005.593349,0.004112363486430944,0.02809212770035481,2295676881.731522,-0.31738270382206735
binancecoin,2025-11-29 00:00:00,887.5558493593282,1145367682.770756,-0.008796778155824806,0.02803169253556608,2230550529.6366377,-0.3233612024259627
binancecoin,2025-11-30 00:00:00,873.7626867754427,865485146.8078157,-0.015662634867937755,0.02786491896631765,2155854862.240877,-0.3338765845872548
binancecoin,2025-12-01 00:00:00,877.7990241108373,934390096.0872816,0.00460885215192049,0.027784406920665375,2083217174.7043824,-0.33079943463303385
binancecoin,2025-12-02 00:00:00,827.4880333310571,2564710118.032144,-0.05902301959389484,0.029233415638239967,2134113933.451949,-0.3691546190764264
binancecoin,2025-12-03 00:00:00,876.7469880502844,1999384470.0456865,0.057823807741552866,0.031698180519054354,2166376644.965137,-0.3316014668832082
binancecoin,2025-12-04 00:00:00,922.3452824680272,2062726216.677784,0.05070119271019961,0.029505437066195725,2105319779.3965936,-0.29683906277250377
binancecoin,2025-12-05 00:00:00,900.2311130891073,1687004005.886419,-0.024268123687018434,0.02810383840654372,2008486515.804354,-0.3136980638017934
binancecoin,2025-12-06 00:00:00,883.6707054897142,1528242896.5625634,-0.018567034541786154,0.027908139433439685,1970211436.2036016,-0.32632308823656875
binancecoin,2025-12-07 00:00:00,890.2442866831284,976591575.8687032,0.007411416344596421,0.027913605879255864,1937417598.8128445,-0.3213116401370742
binancecoin,2025-12-08 00:00:00,892.8659344513236,1267574110.8170147,0.0029405357292922062,0.026594577709560176,1889734690.8092144,-0.3193129956632479
binancecoin,2025-12-09 00:00:00,897.4003709684328,1425833774.2488616,0.005065666711018743,0.026636063249398413,1874562870.1511602,-0.3158561138514416
binancecoin,2025-12-10 00:00:00,899.4035882994448,1958799168.637301,0.0022297570646463848,0.026593851382168042,1882561404.0494738,-0.3143289372043451
binancecoin,2025-12-11 00:00:00,894.4021116794611,1842912394.8731253,-0.005576400588570279,0.026595299593438766,1882849168.7408755,-0.3181418726141937
binancecoin,2025-12-12 00:00:00,885.6320356392306,1658559102.7895744,-0.009853908721363953,0.02594923411515221,1880786477.2767537,-0.32482784478234283
binancecoin,2025-12-13 00:00:00,882.1612967807799,1215709823.9818652,-0.003926639222201998,0.025948161300819225,1869724318.6493907,-0.32747380398544057
binancecoin,2025-12-14 00:00:00,897.3110444563038,871174991.1034428,0.01702764731634114,0.025747822070204644,1827964858.7593634,-0.31592421298436046
binancecoin,2025-12-15 00:00:00,878.3885175348196,1017448639.1154498,-0.0213135641253843,0.025962335654525208,1766595427.2846437,-0.3303500272837734
binancecoin,2025-12-16 00:00:00,858.4116623377057,1757948457.1941316,-0.023005221288100435,0.02604828632809025,1785018986.2247286,-0.3455796213308894
binancecoin,2025-12-17 00:00:00,874.6720838564994,1850367940.895995,0.018765277451664283,0.02634097204785632,1782709215.7754228,-0.3331832948659514
binancecoin,2025-12-18 00:00:00,842.7888780335543,2500106186.2544427,-0.03713256941531304,0.02683105145612015,1756595976.225766,-0.35748983745300733
binancecoin,2025-12-19 00:00:00,829.1719378700606,2791384030.4837723,-0.016288947820220626,0.026330120089883044,1749474937.6348004,-0.36787087434833604
binancecoin,2025-12-19 20:56:25,860.0923304489038,5825113531.808132,0.03661220689721779,0.026381839717707918,1861105143.7501352,-0.34429834393217357
bitcoin,2024-12-20 00:00:00,97851.35377075804,100611554887.24124,,,,0.0
bitcoin,2024-12-21 00:00:00,97691.43431692652,112340864006.62828,-0.0016356470217972997,,,-0.0016343100802281485
bitcoin,2024-12-22 00:00:00,97202.82496847631,53058382639.48845,-0.00501410738243106,,,-0.0066276937138863845
bitcoin,2024-12-23 00:00:00,95094.27394862172,44619017105.36954,-0.02193101761234826,,,-0.028176205191759437
bitcoin,2024-12-24 00:00:00,94644.9108546432,64937790292.61125,-0.004736648727540294,,,-0.032768508483048284
bitcoin,2024-12-25 00:00:00,98695.714007826,49169088282.15742,0.041909412891253564,,,0.0
bitcoin,2024-12-26 00:00:00,99344.95417367227,33963749856.44743,0.006556658263139287,,,0.0
bitcoin,2024-12-27 00:00:00,95678.31244565404,45049342388.18843,-0.03760652675618751,,,-0.036908182791129056
bitcoin,2024-12-28 00:00:00,94331.94727053076,41498540807.66696,-0.014171736942142382,,,-0.05046060914556274
bitcoin,2024-12-29 00:00:00,95184.61945288602,22429850903.940086,0.008998452754268945,,,-0.04187766510529829
bitcoin,2024-12-30 00:00:00,93663.44751964069,24065314499.502277,-0.016110356418869428,,,-0.05718968518621818
bitcoin,2024-12-31 00:00:00,92627.28213113276,57595164139.4709,-0.011124290251796632,,,-0.0676196601872286
bitcoin,2025-01-01 00:00:00,93507.85874741492,45327464907.74362,0.009461761831537116,,,-0.058755831887073916
bitcoin,2025-01-02 00:00:00,94384.1761153871,23275007789.49633,0.009327949667277189,,,-0.0499348769099321
bitcoin,2025-01-03 00:00:00,96852.14681235077,45157338602.61752,0.025812122766966233,,,-0.025092440598076558
bitcoin,2025-01-04 00:00:00,98084.34279280754,35721645948.10051,0.012642193303310205,,,-0.012689234107058592
bitcoin,2025-01-05 00:00:00,98256.73876849932,20979035420.980797,0.0017560870972531057,,,-0.010953907163423413
bitcoin,2025-01-06 00:00:00,98364.58946599838,20060293834.7155,0.0010970397696319887,,,-0.009868288891251102
bitcoin,2025-01-07 00:00:00,102229.39453189744,46111387334.46171,0.03853837800298931,,,0.0
bitcoin,2025-01-08 00:00:00,96952.09886774956,60610257147.15405,-0.05300222371905226,,,-0.051622096446059536
bitcoin,2025-01-09 00:00:00,95016.71440989176,65790469838.34392,-0.02016421314397372,,,-0.07055387694539453
bitcoin,2025-01-10 00:00:00,92376.275783461,65850881574.76184,-0.028182627191436323,,,-0.09638244257978165
bitcoin,2025-01-11 00:00:00,94736.6267420969,63433655716.757095,0.02523050134733588,,,-0.07329367276515238
bitcoin,2025-01-12 00:00:00,94559.55167224212,17836423168.41627,-0.0018708789896102738,,,-0.07502580734998089
bitcoin,2025-01-13 00:00:00,94454.77089638809,19608932595.53299,-0.0011087073737421026,,,-0.07605076476397923
bitcoin,2025-01-14 00:00:00,94456.3493746993,76328330233.31137,1.671133291667632e-05,,,-0.07603532421169536
bitcoin,2025-01-15 00:00:00,96574.07768799194,51241728228.81719,0.022172541884869123,,,-0.0553198702760676
bitcoin,2025-01-16 00:00:00,100313.15239828422,57637319739.5434,0.03798645867029524,,,-0.01874453176982597
bitcoin,2025-01-17 00:00:00,100044.57926776377,50150102497.2729,-0.002680937632399997,,,-0.021371693279979037
bitcoin,2025-01-18 00:00:00,104160.69358484232,69135117732.00064,0.040318957949046705,,49453135070.624664,0.0
bitcoin,2025-01-19 00:00:00,104334.61575724394,49416447749.13053,0.0016683561207382067,0.022732687329194715,47746631499.3543,0.0
bitcoin,2025-01-20 00:00:00,101275.33714814208,72970313683.92325,-0.029760275280057365,0.0234619249931109,46434279821.9308,-0.02932179878076044
bitcoin,2025-01-21 00:00:00,101764.90860170544,120158523166.88388,0.004822417354082329,0.02344079725484894,48670951172.84399,-0.024629478307731153
bitcoin,2025-01-22 00:00:00,106182.2368201815,95344290057.8965,0.042491497764343925,0.024157449873783703,50361793604.59488,0.0
bitcoin,2025-01-23 00:00:00,103673.53509537788,55030669602.56557,-0.02390995698214905,0.024636570781840186,50031556248.260025,-0.023626378572642746
bitcoin,2025-01-24 00:00:00,104067.60991206949,102455227371.2076,0.003793906973615983,0.02352031559413272,51807760884.5617,-0.019915072157437316
bitcoin,2025-01-25 00:00:00,104835.19253555956,51418786362.7815,0.0073487389242155735,0.023526321840453113,52389595434.772835,-0.012686154718167624
bitcoin,2025-01-26 00:00:00,104796.04077738234,22740744964.719296,-0.0003735298219993273,0.02232773495767432,51645975520.6572,-0.013054877014379218
bitcoin,2025-01-27 00:00:00,102552.24874280208,20639818380.26942,-0.02164357979610718,0.022566676283938672,50950684773.07728,-0.03418639676546616
bitcoin,2025-01-28 00:00:00,101958.46953745594,93191643783.2474,-0.005806843561352745,0.022587988997670828,53309411202.387535,-0.03977847339831864
bitcoin,2025-01-29 00:00:00,101313.11264498268,45780526813.56264,-0.006349722414583251,0.022383156744136396,54033251612.8562,-0.04585629688179035
bitcoin,2025-01-30 00:00:00,103718.97939813643,47425401641.53094,0.02346927409087342,0.02254135987869612,53694259529.591545,-0.023198394532002214
bitcoin,2025-01-31 00:00:00,104781.5135100103,42122570869.034325,0.010192237871412047,0.02254811360115058,53587429728.30123,-0.013191691493025336
bitcoin,2025-02-01 00:00:00,102382.39409722164,37187819228.35328,-0.0231625933427979,0.02304790856197039,54051190109.59646,-0.035786048935801326
bitcoin,2025-02-02 00:00:00,100674.78762544956,22827776122.48367,-0.016819367950019717,0.022888184515779397,53306871360.25867,-0.05186789579559094
bitcoin,2025-02-03 00:00:00,97568.31653024876,59784234332.21204,-0.03134258222690706,0.02353555932355774,54108957639.72905,-0.08112392946214082
bitcoin,2025-02-04 00:00:00,101466.8606657039,122163969235.23686,0.03917943426400582,0.024608783875332354,57481788766.87092,-0.04440833321738203
bitcoin,2025-02-05 00:00:00,98118.43921664466,73196693057.98114,-0.03355693688523508,0.025407900622869715,59253002074.31311,-0.07594299993126713
bitcoin,2025-02-06 00:00:00,96582.88682919052,48848958931.79228,-0.015773741833467855,0.02447904544857491,59344254460.890785,-0.09040448081016952
bitcoin,2025-02-07 00:00:00,96635.41875332213,44462180396.17252,0.0005437572311544015,0.022495821660509202,58805985235.85807,-0.08990974717387812
bitcoin,2025-02-08 00:00:00,96558.4563096667,57077722340.22422,-0.0007967379680292442,0.022176065132266966,58515560319.25408,-0.09063456185060945
bitcoin,2025-02-09 00:00:00,96558.23762501092,20760850644.84597,-2.2647928702697534e-06,0.02150427987323246,57012559288.25688,-0.09063662137263802
bitcoin,2025-02-10 00:00:00,96548.57865379583,25457107581.051964,-0.00010003760001096746,0.02103150403149408,55746674350.40005,-0.09072758735248874
bitcoin,2025-02-11 00:00:00,97399.98161383196,37054987393.57789,0.008779734461183165,0.021077648652206186,56387293157.90543,-0.08270926917109682
bitcoin,2025-02-12 00:00:00,95739.9773707924,36454577154.5622,-0.017190074275501153,0.021335683092886786,56948814643.20641,-0.09834280913739792
bitcoin,2025-02-13 00:00:00,97836.18856127484,47115618235.19051,0.021658587183590938,0.02168354888489195,55975057576.60239,-0.07860117199301986
bitcoin,2025-02-14 00:00:00,96561.6639990985,29084371910.69056,-0.013112725346795652,0.021460977983998455,55236479032.664825,-0.09060435256581888
bitcoin,2025-02-15 00:00:00,97488.48148536457,32289906944.92862,0.009552422973167336,0.02032301053318949,54391565272.84434,-0.0818757976396722
bitcoin,2025-02-16 00:00:00,97569.95169430463,14215311318.346336,0.0008353416189137124,0.02032283562447632,53193738900.213455,-0.08110852986137106
bitcoin,2025-02-17 00:00:00,96149.3484548204,13634794998.739267,-0.014666878361246478,0.01891397633949259,51343728142.43807,-0.0944874459779152
bitcoin,2025-02-18 00:00:00,95776.15723852724,25324374113.08163,-0.0038889222699334375,0.018897250905326332,50540659021.23644,-0.0980020754250717
bitcoin,2025-02-19 00:00:00,95495.89153299289,38311133144.72936,-0.002930547436635366,0.018202013623202066,49385353003.26331,-0.10064155368365262
bitcoin,2025-02-20 00:00:00,96554.87156259285,27703222487.38957,0.011028238008022774,0.018316638773752433,46303509647.280174,-0.09066832217795989
bitcoin,2025-02-21 00:00:00,98384.31738240314,24175261969.81266,0.01876995118902046,0.016789153356099377,43931208711.01071,-0.0734390202288171
bitcoin,2025-02-22 00:00:00,96135.15541305284,42477472950.92155,-0.02312634492578363,0.016755339292757836,43512768822.622574,-0.09462111279632661
bitcoin,2025-02-23 00:00:00,96564.15414290236,18464415570.762142,0.004452526992228197,0.01676432167052046,40713075095.94106,-0.0905809009614975
bitcoin,2025-02-24 00:00:00,96327.46309127836,16643044374.983364,-0.002454136408961605,0.016661065703735507,39553883696.34779,-0.0928100031043054
bitcoin,2025-02-25 00:00:00,91396.76686930266,45539703844.38777,-0.05254335640561156,0.018960685922851286,40313848992.33674,-0.1392461714280692
bitcoin,2025-02-26 00:00:00,88755.7693356979,96742453402.56294,-0.029321671571153105,0.01924886407096997,42850603493.07986,-0.1641184816439226
bitcoin,2025-02-27 00:00:00,83900.11496524839,69277430795.68657,-0.05626144910470158,0.02142012248830371,42053463060.16116,-0.20984792298798197
bitcoin,2025-02-28 00:00:00,84709.14477847965,81960688217.70384,0.009596578780697617,0.02162084211584186,43259468440.2992,-0.20222866540348275
bitcoin,2025-03-01 00:00:00,84441.9012237131,80695237175.07367,-0.003159824115076059,0.02090548854886407,44368462958.083954,-0.2047455040270571
bitcoin,2025-03-02 00:00:00,86005.25629681018,30634474722.6359,0.018344675713103394,0.021185818669175942,43985526419.87068,-0.19002218381913366
bitcoin,2025-03-03 00:00:00,94261.5328653844,61859112550.80991,0.09166476934551977,0.027514508884695976,44807902863.95257,-0.11226646105586079
bitcoin,2025-03-04 00:00:00,86124.71418722175,68715362745.4567,-0.09027677271420738,0.03175163689012881,46337489084.71833,-0.1888971567525645
bitcoin,2025-03-05 00:00:00,87310.80531078295,65863356680.42408,0.013677816612893448,0.03153678757672412,46540126496.3254,-0.17772682206118073
bitcoin,2025-03-06 00:00:00,90604.08098523636,51606642859.81411,0.037025028661310085,0.0314380706079846,44188215617.144646,-0.14671150562901195
bitcoin,2025-03-07 00:00:00,90001.40087607042,47555759124.64708,-0.00667402052284155,0.030939059451502406,43333517819.36684,-0.15238740893651692
bitcoin,2025-03-08 00:00:00,86773.33597555371,63216440874.73251,-0.03652585024649933,0.03146483824082491,43812433884.131516,-0.18278858522726882
bitcoin,2025-03-09 00:00:00,86142.9833586432,18809360803.37126,-0.007290872389954077,0.0314620296735097,42957339897.7048,-0.18872510187814706
bitcoin,2025-03-10 00:00:00,80751.13893300897,32013406240.51754,-0.06463644642549807,0.033351904412204654,42121862694.38125,-0.23950425842167763
bitcoin,2025-03-11 00:00:00,78783.94057934263,49983692766.22745,-0.02466289009754066,0.033503580275714005,43095957431.760635,-0.2580308822014891
bitcoin,2025-03-12 00:00:00,82799.1080292053,56404462275.083046,0.04970811239974396,0.03504475959931951,44127535921.56167,-0.22021695427809915
bitcoin,2025-03-13 00:00:00,83884.24578828987,41782186208.59073,0.013020533422924781,0.03511125428177066,44285109215.39543,-0.20999737526393455
bitcoin,2025-03-14 00:00:00,81098.90052436228,32583592654.882656,-0.03376841816872865,0.03543899270083668,44156076398.73945,-0.23622911936106208
bitcoin,2025-03-15 00:00:00,83971.70916064628,28571483950.07465,0.034810542415063706,0.035865734556403836,43537938589.23559,-0.20917366524448447
bitcoin,2025-03-16 00:00:00,84391.69087647168,10761796127.312485,0.004989001016243628,0.03587844158617519,42927186063.12298,-0.20521837358363318
bitcoin,2025-03-17 00:00:00,82610.61750343916,21638031633.118767,-0.021330733954469952,0.035904670924669806,42572123552.72932,-0.22199211490204923
bitcoin,2025-03-18 00:00:00,84075.36559694471,19659366246.596867,0.017575392608819594,0.03613617816792697,42753592050.33767,-0.20819745265561262
bitcoin,2025-03-19 00:00:00,82780.03048688271,24557570268.85276,-0.015526751470359814,0.03614448147873998,43117684559.34145,-0.2203966222046177
bitcoin,2025-03-20 00:00:00,86815.44109470697,33871216993.304657,0.047597644032876946,0.03739916225729428,43402579322.01556,-0.1823920488534442
bitcoin,2025-03-21 00:00:00,84270.84358966233,27579127651.06656,-0.029748558349979776,0.037709880239823634,43044845805.56013,-0.20635648566742745
bitcoin,2025-03-22 00:00:00,84009.532917822,18091004975.919056,-0.003105660770374277,0.037601611351313784,42724438555.17777,-0.20881744975770986
bitcoin,2025-03-23 00:00:00,83793.30854192551,7771134681.982918,-0.002577125556254653,0.03734444546281008,42177634312.25012,-0.21085380143358068
bitcoin,2025-03-24 00:00:00,85787.70914901773,12617587530.619724,0.02352259225639348,0.037549415345624,41182304798.24006,-0.19207099305792258
bitcoin,2025-03-25 00:00:00,87327.72969669085,27270889835.1835,0.017792303034849445,0.0377290172634025,41475853940.387436,-0.17756743206889264
bitcoin,2025-03-26 00:00:00,87520.58391530563,30351832942.705597,0.002205961188157442,0.03774242929437784,41932813559.31151,-0.17575117518459496
bitcoin,2025-03-27 00:00:00,86960.8555491039,25522877558.70056,-0.006415929258497127,0.03658458226283536,41265586016.45527,-0.18102256880902598
bitcoin,2025-03-28 00:00:00,87227.27158032371,24620445368.489468,0.003058948314696347,0.03621609701205466,38861519081.98615,-0.1785135236127849
bitcoin,2025-03-29 00:00:00,84359.46915506005,31674486232.097317,-0.0334299665239076,0.035232157095046394,37608087596.53318,-0.20552183037995395
bitcoin,2025-03-30 00:00:00,82679.17255385047,16837439419.924389,-0.02011933602807924,0.035375774635920315,35437312636.60719,-0.2213464791303391
bitcoin,2025-03-31 00:00:00,82356.38111183756,13428975108.070734,-0.003911785629917921,0.03537776443111779,33195103901.040432,-0.22438645504042992
bitcoin,2025-04-01 00:00:00,82514.09365397849,30326148749.91535,0.0019131696014113883,0.03519734470846014,33184826368.616413,-0.22290115442081673
bitcoin,2025-04-02 00:00:00,85237.5876052852,29172899851.734768,0.032473394705004495,0.031237974239665497,32095285945.31391,-0.1972519118274542
bitcoin,2025-04-03 00:00:00,82526.4221526433,46332905657.77597,-0.03232399504241284,0.027209470105430466,31349204042.39122,-0.22278504744253105
bitcoin,2025-04-04 00:00:00,83163.98757387721,36594464539.14662,0.007695901881532026,0.027116755474741145,30373574304.34864,-0.21678060225163132
bitcoin,2025-04-05 00:00:00,83852.00765399594,35647289400.47406,0.008239018917415642,0.026195722523004873,29841595855.703968,-0.2103009866330238
bitcoin,2025-04-06 00:00:00,83595.88550177493,14910400035.531416,-0.0030591289879183547,0.026184560138106862,28753417219.40011,-0.2127130864332451
bitcoin,2025-04-07 00:00:00,78211.48358199988,36140377231.68329,-0.06657781674883545,0.02804168742424953,27850881764.63181,-0.2634221511602717
bitcoin,2025-04-08 00:00:00,79179.29226757778,82909748172.59216,0.012298317720762697,0.028177220451380762,29987561343.605835,-0.2543075505023775
bitcoin,2025-04-09 00:00:00,76329.090356324,47812787635.22632,-0.0366606748758822,0.026471829966824484,30514207390.09613,-0.2811500996575678
bitcoin,2025-04-10 00:00:00,82622.17029546302,87408220482.11568,0.0792239215371125,0.029954243466251255,31761691647.2924,-0.2218833133513396
bitcoin,2025-04-11 00:00:00,79596.35732250768,41213520154.25157,-0.03730972050353861,0.029340519077174863,31255326909.93135,-0.2503797272861818
bitcoin,2025-04-12 00:00:00,83439.28818043756,39813566443.76779,0.047150950217792836,0.030552230385296895,31189706251.103924,-0.2141878841586176
bitcoin,2025-04-13 00:00:00,85305.09728392666,22428929482.06912,0.022114930109943746,0.03013429995269062,30851217478.676804,-0.19661612112777443
bitcoin,2025-04-14 00:00:00,83600.82010054543,28731125717.93436,-0.02018087999321789,0.029719535267036825,30856538870.938797,-0.21266661351161265
bitcoin,2025-04-15 00:00:00,84523.4524914945,33155578229.343517,0.010975710275204819,0.029775262028959935,31602998274.339832,-0.2039774728551435
bitcoin,2025-04-16 00:00:00,83656.49248858042,25084671427.622566,-0.010310000785685756,0.02956962663852906,31717886267.489956,-0.21214230370516857
bitcoin,2025-04-17 00:00:00,84105.77942167096,26948109141.803364,0.005356246098968539,0.02940888222572458,31960844363.996838,-0.20791102221642577
bitcoin,2025-04-18 00:00:00,84930.90857600998,19323821375.14309,0.009762800228128057,0.02931040301463389,31786386067.53985,-0.2001401447227036
bitcoin,2025-04-19 00:00:00,84433.75017215389,9550691272.782003,-0.005870880448176356,0.027964856641673818,30975701876.855762,-0.20482226876476942
bitcoin,2025-04-20 00:00:00,85126.66244301842,12635983530.804457,0.008173088486266326,0.02746984288940577,30477597072.847023,-0.1982965796135984
bitcoin,2025-04-21 00:00:00,85073.16544858096,12625843856.313684,-0.0006286374887911351,0.027462860649297725,30295425035.526848,-0.19880040206111435
bitcoin,2025-04-22 00:00:00,87452.04699068287,40070025414.28289,0.027578952522045695,0.027897845145396866,31372054726.60351,-0.17639664025177781
bitcoin,2025-04-23 00:00:00,93576.1658857398,53841992235.36636,0.0676851043392908,0.030176222091589714,32746201550.09507,-0.11872109038152913
bitcoin,2025-04-24 00:00:00,93605.45230873208,39901515879.65954,0.000312919863753267,0.030047168920220527,33167222418.244267,-0.11844527755379711
bitcoin,2025-04-25 00:00:00,93872.81422867288,30031246761.09345,0.0028521930155209234,0.030047320425116427,33156536212.19053,-0.11592732419410688
bitcoin,2025-04-26 00:00:00,94773.11200643536,39336184715.04292,0.009544914442469252,0.03002831828409632,33616979784.068607,-0.10744852581197145
bitcoin,2025-04-27 00:00:00,94644.06637120109,15445392739.787264,-0.0013625549309158923,0.03003819574791139,33311144696.445198,-0.1086638480645325
bitcoin,2025-04-28 00:00:00,93809.33781968225,15926259371.05796,-0.00885878410193843,0.029345513797229612,32786203801.07722,-0.11652513048347839
bitcoin,2025-04-29 00:00:00,95030.60645474444,31913814736.53902,0.012934611547916138,0.029045589564228525,33288749644.96438,-0.10502350204132754
bitcoin,2025-04-30 00:00:00,94256.35946318062,25882629766.278942,-0.008180714459504218,0.02909934295268512,33703871466.90465,-0.11231518297356295
bitcoin,2025-05-01 00:00:00,94235.75331048168,26541700309.366142,-0.00021864206918586983,0.02910847613391895,33577723185.553013,-0.11250924700268895
bitcoin,2025-05-02 00:00:00,96426.94522273028,30207566405.468838,0.022986020925097373,0.02884360190625906,33612212070.67748,-0.09187310316293014
bitcoin,2025-05-03 00:00:00,96855.5681343944,23276376191.483967,0.004435203235307884,0.028011186456021905,32843661088.46775,-0.08783643069774195
bitcoin,2025-05-04 00:00:00,95922.86842404422,13797554863.642817,-0.009676465943906915,0.028140007944391476,32083764099.284283,-0.09662038306380197
bitcoin,2025-05-05 00:00:00,94326.62048529249,14903122945.616686,-0.01678096909976812,0.028402809311606787,31392291884.12237,-0.11165348075089408
bitcoin,2025-05-06 00:00:00,94758.8237105546,24086456278.20385,0.004571520349550133,0.028372271009806466,31698160425.54479,-0.10758308971181618
bitcoin,2025-05-07 00:00:00,96854.53198815876,23348052607.071877,0.021875216787975653,0.025182500149661148,31271749604.724407,-0.08784618888580303
bitcoin,2025-05-08 00:00:00,97026.493769668,64376174032.08048,0.0017738902084881538,0.025181274377872608,30653963800.040684,-0.08622669219163892
bitcoin,2025-05-09 00:00:00,103076.27555512934,50020047720.65604,0.06048518068005203,0.025644939285540833,30727539136.221676,-0.029251232202916127
bitcoin,2025-05-10 00:00:00,102962.540456923,40800894903.23446,-0.0011040163398324803,0.022120913368560854,29173961616.925636,-0.030322363322511446
bitcoin,2025-05-11 00:00:00,104630.8792994166,21558992540.04244,0.016073484055516073,0.02049288767450268,28518810696.452,-0.014610330006440766
bitcoin,2025-05-12 00:00:00,103994.061616746,27389436049.454792,-0.006104923579388808,0.01935978793008362,28104673016.641563,-0.020607733166717452
bitcoin,2025-05-13 00:00:00,102876.8304286011,43090605819.36596,-0.010801346088585517,0.019426222916736628,28793395561.21813,-0.03112956074920583
bitcoin,2025-05-14 00:00:00,104184.49039270742,33861432519.50822,0.012630822057524423,0.018800810556187788,28964405787.937252,-0.018814318546116527
bitcoin,2025-05-15 00:00:00,103594.42575090707,28398245846.798244,-0.005679750756432622,0.018935091089214172,28805828041.85241,-0.024371412269802283
bitcoin,2025-05-16 00:00:00,103708.8513642364,31823340473.339912,0.0011039441975302764,0.018692943516992706,29030450343.376324,-0.023293778036845764
bitcoin,2025-05-17 00:00:00,103556.03493982446,25887953182.14765,-0.0014746004962817281,0.018757193188122797,28995111811.3878,-0.0247329681404667
bitcoin,2025-05-18 00:00:00,103212.36483885496,18950056010.479057,-0.0033242063856000364,0.018841143192933115,28982652965.899,-0.02796957448123815
bitcoin,2025-05-19 00:00:00,106030.6376831359,30744060179.802963,0.02693942689584817,0.019049506602216253,29689098596.133034,-0.0014277259698562829
bitcoin,2025-05-20 00:00:00,105629.41580436694,43339734153.75087,-0.0037911958607870153,0.019161829936930063,30712556950.231247,-0.005206341779658953
bitcoin,2025-05-21 00:00:00,106786.71995834044,36393687094.25122,0.010896682599910116,0.019115080240307735,31504818391.49583,0.0
bitcoin,2025-05-22 00:00:00,109665.86371625264,60722883113.84,0.02660456649890004,0.01908071945612536,32193246981.481064,0.0
bitcoin,2025-05-23 00:00:00,111560.356938144,52218408239.45193,0.017127621937255984,0.015478490080341863,32139127514.95058,0.0
bitcoin,2025-05-24 00:00:00,107216.66856870624,49251745837.96465,-0.0397140353423682,0.01755849024193985,32450801846.89409,-0.03893576973625292
bitcoin,2025-05-25 00:00:00,107831.36374380375,27128230116.51716,0.005716833049975038,0.017556866179339065,32354034625.40821,-0.03342579117425945
bitcoin,2025-05-26 00:00:00,108861.81037744328,29652659665.048733,0.009510723216171774,0.017556536622067843,32031250457.07507,-0.024189117306221624
bitcoin,2025-05-27 00:00:00,109377.71513263127,27950577137.918888,0.004727885244243369,0.017520150187833025,32448089937.012794,-0.019564672123834465
bitcoin,2025-05-28 00:00:00,109068.45694901443,38978783508.88622,-0.0028314379444699957,0.01739193716674702,33216507408.273735,-0.022336787524902167
bitcoin,2025-05-29 00:00:00,107838.18431100152,29794278037.284943,-0.011343920351408023,0.017575034844783,33145856184.965263,-0.03336465326304297
bitcoin,2025-05-30 00:00:00,105745.41660358038,38279231892.56757,-0.019597334966570602,0.017971806914794757,33559076255.841553,-0.05212371575494141
bitcoin,2025-05-31 00:00:00,104010.91956242644,39680060337.61021,-0.016538585754727143,0.018341892537482463,33997021590.116356,-0.06767132683076159
bitcoin,2025-06-01 00:00:00,104687.50742934884,20432694555.09522,0.006483903564035228,0.017974610388649233,33671192528.437237,-0.061606557180575304
bitcoin,2025-06-02 00:00:00,105710.00593822816,17721500507.53389,0.009719758968978599,0.01801764121163622,33486030005.638897,-0.05244112837645042
bitcoin,2025-06-03 00:00:00,105884.74263221148,26313843058.73954,0.001651616922300562,0.01786267385872188,33903239612.142124,-0.05087483100362828
bitcoin,2025-06-04 00:00:00,105434.47745144973,25925661121.080395,-0.004261475714240968,0.017520476392767978,34270657551.324245,-0.05491089895033991
bitcoin,2025-06-05 00:00:00,104812.9182188067,25812143562.79796,-0.0059126634263259314,0.017607065138216294,34328180460.81072,-0.060482405260486004
bitcoin,2025-06-06 00:00:00,101650.7387545425,39711941132.0234,-0.030634222059525623,0.018299506901677608,34873643411.64243,-0.08882741554059397
bitcoin,2025-06-07 00:00:00,104409.74967959142,29897390978.090103,0.026780251146240962,0.018867873617128356,33724350643.17609,-0.06409631032748779
bitcoin,2025-06-08 00:00:00,105681.4546141758,17749731308.73042,0.012106365623548682,0.015503647944327284,32648673429.445232,-0.05269705552508969
bitcoin,2025-06-09 00:00:00,105692.24740699006,16044679696.270103,0.00010212048821996495,0.01550001773831782,31823466255.879757,-0.052600311546220524
bitcoin,2025-06-10 00:00:00,110261.57485948496,38222993297.50514,0.042323951268289965,0.01705110420819721,32378932947.795177,-0.011641967759023673
bitcoin,2025-06-11 00:00:00,110212.73252109604,36303839182.734825,-0.00044306604037645233,0.01699242941023811,32676079718.904514,-0.012079778642113605
bitcoin,2025-06-12 00:00:00,108679.9760916168,30338936631.626648,-0.01400486559408855,0.017085046793830633,32251024079.313198,-0.025819035772037407
bitcoin,2025-06-13 00:00:00,105979.22902375912,35865159511.38857,-0.025164442264518166,0.017645385521892657,32317814979.042545,-0.05002787789106308
bitcoin,2025-06-14 00:00:00,106045.56440819205,49471015505.74361,0.000625732354444051,0.0176058925919967,33020240634.340725,-0.04943326358313554
bitcoin,2025-06-15 00:00:00,105482.90611628916,17916412455.866283,-0.005319942204722257,0.017640840833662776,32556676367.091606,-0.054476796136682853
bitcoin,2025-06-16 00:00:00,105554.49383061715,16568441852.649668,0.0006784363064731151,0.017636634511734826,32246025989.441673,-0.05383510121661652
bitcoin,2025-06-17 00:00:00,106951.2720181497,32095957011.724205,0.013145980274528214,0.017764951648522723,32684222689.483177,-0.04131472008959121
bitcoin,2025-06-18 00:00:00,104683.42479835715,38603212010.88944,-0.02143253507310026,0.017540682764028138,32946194417.186058,-0.06164315289525155
bitcoin,2025-06-19 00:00:00,104722.695052907,30339326410.154945,0.00037506310740202637,0.017529611988106163,32512847492.39953,-0.06129114385164818
bitcoin,2025-06-20 00:00:00,104690.65002458123,18063282658.152294,-0.0003060457160840174,0.01740200701051089,31901834011.19623,-0.061578387718602946
bitcoin,2025-06-21 00:00:00,103290.105144757,30632751225.407444,-0.01346822737892604,0.016763228008961125,30898829614.915146,-0.07413253256237373
bitcoin,2025-06-22 00:00:00,101532.5683847329,21644463198.71953,-0.017161966175448812,0.016582325263669442,29879698113.5574,-0.08988666609386277
bitcoin,2025-06-23 00:00:00,100852.58264648831,51287142390.02526,-0.006719744936878766,0.015100888783018613,29947544665.29275,-0.09598189343901745
bitcoin,2025-06-24 00:00:00,105511.62437933136,50011797128.6837,0.045161257674200955,0.017349326904922246,30710330232.364975,-0.054219372587400685
bitcoin,2025-06-25 00:00:00,105976.06929808448,31704641076.941063,0.0043921767486252445,0.017270183799496894,30778729612.761387,-0.050056200906167796
bitcoin,2025-06-26 00:00:00,107238.53045016268,30468274982.034847,0.011842302614463137,0.01739843498491821,30862652874.231915,-0.038739805129680706
bitcoin,2025-06-27 00:00:00,106984.01253775664,24320699663.15122,-0.0023762021364688306,0.017396672776111996,30374050079.37408,-0.04102124200736261
bitcoin,2025-06-28 00:00:00,107078.91560644074,25194306261.888832,0.0008866838898696394,0.017280177623723043,30220717686.860878,-0.040170553901938924
bitcoin,2025-06-29 00:00:00,107331.58548463575,8960877693.57604,0.0023568807858938704,0.01689246537405676,29243439213.561157,-0.037905682355004855
bitcoin,2025-06-30 00:00:00,108396.61631317894,14881078675.366829,0.00987390125620853,0.016660716941917095,28416806491.48638,-0.02835900414624203
bitcoin,2025-07-01 00:00:00,107132.79910701896,22489515582.41552,-0.011727695627927815,0.016799416458945986,28485367192.397053,-0.039687555262842664
bitcoin,2025-07-02 00:00:00,105613.39974163056,25033160828.30909,-0.014283923352522434,0.016929560916083754,28729089203.08956,-0.053307082907692746
bitcoin,2025-07-03 00:00:00,108824.44423167944,36395184773.06136,0.029950725719260725,0.017792907684331637,29065133926.90029,-0.024524058380178168
bitcoin,2025-07-04 00:00:00,109602.20483914016,29892049537.628605,0.00712151102291658,0.017800130394717385,29197346874.11857,-0.017552400805687294
bitcoin,2025-07-05 00:00:00,108040.8919400104,24248906784.57383,-0.014347706920517077,0.017983537105041567,29145238981.511093,-0.031547631208145084
bitcoin,2025-07-06 00:00:00,108217.46849992426,10042942280.966904,0.0016330152396878113,0.01696149358574977,28156272353.14254,-0.02996484172306161
bitcoin,2025-07-07 00:00:00,109215.19771840284,14638669497.351295,0.009177427096375885,0.016372024907646974,27647648303.784584,-0.021021438834598463
bitcoin,2025-07-08 00:00:00,108300.71675785031,25493246475.80407,-0.008408454624810834,0.016342142265456265,27905765476.020374,-0.029218624516422407
bitcoin,2025-07-09 00:00:00,108953.19187727802,20488865138.27645,0.00600658543038583,0.016368780566386926,28053904990.753918,-0.02336999569041858
bitcoin,2025-07-10 00:00:00,111327.53054245668,37078460440.66385,0.021558224395983698,0.01493815484036858,28015753895.525875,-0.0020869993793263
bitcoin,2025-07-11 00:00:00,115879.65030112496,56204086624.04028,0.04007557305518048,0.016605406945541346,28679095476.90272,0.0
bitcoin,2025-07-12 00:00:00,117571.02510036016,64185145923.88688,0.014490464776393826,0.01649238901493106,29807302453.311398,0.0
bitcoin,2025-07-13 00:00:00,117418.95745007684,24351256098.393543,-0.0012942481195153408,0.015660476735710898,29423505672.87823,-0.0012934109416288247
bitcoin,2025-07-14 00:00:00,119117.55666327637,27310851454.97692,0.014362504821765217,0.01577644763931161,28684833537.852673,0.0
bitcoin,2025-07-15 00:00:00,119833.67446712356,68915956378.80447,0.005993858616387011,0.015684029417412888,30384818335.283943,0.0
bitcoin,2025-07-16 00:00:00,117678.19493404306,80299520980.2335,-0.01815099781456171,0.016200228862999686,32509187639.53674,-0.017987260614893884
bitcoin,2025-07-17 00:00:00,118748.1627367753,50374263848.76278,0.009051233694986961,0.016134354697994048,33118464534.10469,-0.00905848656627883
bitcoin,2025-07-18 00:00:00,119445.36520434044,49282617205.72662,0.005854100778584036,0.01543503239884533,33474444707.26593,-0.0032404018695901204
bitcoin,2025-07-19 00:00:00,117988.94664455787,58896449260.69391,-0.012268124308958512,0.015718642082922087,34426348802.2839,-0.015394068743771968
bitcoin,2025-07-20 00:00:00,117901.62655900871,23934511126.349533,-0.0007403440362342218,0.015722921018471128,34622056417.89047,-0.0161227461037666
bitcoin,2025-07-21 00:00:00,117256.9208222684,36702153882.06748,-0.005483171751014114,0.01548345102398281,34824369839.77914,-0.02150275084456417
bitcoin,2025-07-22 00:00:00,117482.46977767294,46344384345.39471,0.0019216972851407545,0.014957465275592125,35647700544.66831,-0.0196205674231885
bitcoin,2025-07-23 00:00:00,119955.79570607652,58939000420.94166,0.020834176729180337,0.015067231669218034,35902762479.032196,0.0
bitcoin,2025-07-24 00:00:00,118629.05588130427,45225685167.61703,-0.011121858675621276,0.013407482530583202,35743225413.6633,-0.011060239457067243
bitcoin,2025-07-25 00:00:00,118354.43517438594,51940414419.3327,-0.002317636799261307,0.013454974410585524,36417751191.74303,-0.013349588673600496
bitcoin,2025-07-26 00:00:00,117540.8083708574,91617702596.10349,-0.006898231754978171,0.013498033984239127,38456065445.54531,-0.02013231058161191
bitcoin,2025-07-27 00:00:00,117959.54234360624,25145925063.881348,0.003556125608774862,0.013459081258723244,38483572958.90298,-0.016641574929498422
bitcoin,2025-07-28 00:00:00,119418.91405141471,30220402191.467663,0.012295893373563613,0.013550721648262347,38651109489.88895,-0.004475662484681489
bitcoin,2025-07-29 00:00:00,118003.30201607826,43433742203.62158,-0.0119249902926788,0.013844880520986445,39800204973.55713,-0.01627677661179776
bitcoin,2025-07-30 00:00:00,117853.30892863822,42860287143.68828,-0.0012719008134642613,0.013807990430298206,40732845255.83451,-0.01752717961698117
bitcoin,2025-07-31 00:00:00,117833.24087995924,43054424656.58649,-0.00017029439095079036,0.013547805617229606,41418342224.97354,-0.017694474982418544
bitcoin,2025-08-01 00:00:00,115700.00243915782,45238249453.35885,-0.01826975677545645,0.013743047323411084,42091845179.14187,-0.035478012895237845
bitcoin,2025-08-02 00:00:00,113234.6051343189,65794680822.25255,-0.021538837162310046,0.013479079040333075,43071828380.78158,-0.05603056135967213
bitcoin,2025-08-03 00:00:00,112554.90232221724,33543439044.09785,-0.006020694876003733,0.013497717370741994,43193541364.33055,-0.06169683874210987
bitcoin,2025-08-04 00:00:00,114199.10966460756,24689273719.085533,0.01450237766656225,0.013402330645788676,43208220262.147606,-0.04799006173552768
bitcoin,2025-08-05 00:00:00,115138.68613070175,32488023582.82734,0.008193867214237689,0.013452141567907725,43956389638.87629,-0.04015737253061086
bitcoin,2025-08-06 00:00:00,114128.35408881678,37316213251.97167,-0.008813640034313843,0.01352502869164116,44712307764.0303,-0.04857990881523155
bitcoin,2025-08-07 00:00:00,115022.09576830892,32052509631.058872,0.007800518933461039,0.013440422585030786,44930949869.20546,-0.04112931691817933
bitcoin,2025-08-08 00:00:00,117463.47451085236,38289687095.00489,0.021003183008916057,0.013866435575825323,45524310601.09641,-0.020776996897515495
bitcoin,2025-08-09 00:00:00,116688.36663186055,33017415812.97353,-0.006620581810712454,0.013480454199342698,45388942446.840065,-0.027238609480962735
bitcoin,2025-08-10 00:00:00,116510.08393213755,27638785406.21056,-0.0015290216039244111,0.01135476506787629,44436765739.57908,-0.02872484612900132
bitcoin,2025-08-11 00:00:00,119266.92516880557,37157754754.85189,0.023386223216768687,0.011846833353640025,43535852700.61124,-0.005742703245109284
bitcoin,2025-08-12 00:00:00,118773.79960860992,61739781527.95854,-0.004143209243545913,0.01187291467941751,44782136881.59673,-0.009853597239793285
bitcoin,2025-08-13 00:00:00,120202.53485503166,46941089789.57991,0.011957269932425033,0.011783036471772724,45436478159.41685,0.0
bitcoin,2025-08-14 00:00:00,123560.99363577303,61818118105.53991,0.02755679922198937,0.012759413365154144,45199883550.30802,0.0
bitcoin,2025-08-15 00:00:00,118405.59579823952,73822008367.99681,-0.042618926602367734,0.014666638482554105,44983966463.23347,-0.04172350582361242
bitcoin,2025-08-16 00:00:00,117339.79190213275,44268714220.021,-0.009042053107019143,0.014662352594234027,44780448142.275406,-0.05034923684717872
bitcoin,2025-08-17 00:00:00,117501.21653394958,23202714236.542347,0.0013747569755012778,0.014619237073186336,43911118043.3026,-0.0490428000254365
bitcoin,2025-08-18 00:00:00,117542.83687778088,20906566026.645443,0.0003541493065845258,0.014450936728921508,42644788602.16765,-0.04870595955008405
bitcoin,2025-08-19 00:00:00,116256.41276740946,47337926940.98573,-0.011004629780993555,0.014586847361866957,43424902462.655525,-0.05911720724661418
bitcoin,2025-08-20 00:00:00,112778.34483555844,46156885037.403885,-0.030373864311054568,0.015557506239560865,43740060167.8334,-0.08726579871961171
bitcoin,2025-08-21 00:00:00,114252.39755195397,42166369117.006935,0.01298567246600658,0.015766204312078147,43600792993.55381,-0.07533604101030851
bitcoin,2025-08-22 00:00:00,112414.39987336512,32048202090.65466,-0.016217972685370185,0.015450650031286758,42704433049.210915,-0.0902112667956142
bitcoin,2025-08-23 00:00:00,116834.24948202296,50878158870.82928,0.038564217270488914,0.01703874546211316,42892848839.317986,-0.05444067707628537
bitcoin,2025-08-24 00:00:00,115359.98346714744,27306719885.257973,-0.012698729055367963,0.017181575761767737,42071725688.18216,-0.06637216104622892
bitcoin,2025-08-25 00:00:00,113399.54847314973,40682656776.69001,-0.017140120653864332,0.017406096812916466,40373890827.53504,-0.08223829271377268
bitcoin,2025-08-26 00:00:00,110185.35443900424,52854872363.93656,-0.028753421508166465,0.01808814753200367,41297522404.20356,-0.10825130814500279
bitcoin,2025-08-27 00:00:00,111842.70999260596,43023800053.0546,0.014929521110869405,0.018167508013224243,41724302332.92311,-0.09483804960090923
bitcoin,2025-08-28 00:00:00,111216.08479629167,36957904262.99581,-0.005618490365456494,0.018087226682896893,41508441068.23559,-0.09990943319759202
bitcoin,2025-08-29 00:00:00,112525.59740669793,34222495087.20689,0.011705709462147317,0.018258987472812648,41220514666.35288,-0.08931132636894051
bitcoin,2025-08-30 00:00:00,108480.30666639366,51702115726.38959,-0.03661207713930276,0.019344508340732525,41508771035.34631,-0.1220505478762454
bitcoin,2025-08-31 00:00:00,108781.95727925688,27799981330.792213,0.002776835711973373,0.019143100799318094,40927495431.26076,-0.11960923849545159
bitcoin,2025-09-01 00:00:00,108253.36092385623,26140904019.246822,-0.004871072643467572,0.01879686928875241,39605702871.16056,-0.12388725811836605
bitcoin,2025-09-02 00:00:00,109162.68557992298,42999610648.39302,0.008364883575988174,0.018860938982851464,39920908591.30374,-0.1165279400252532
bitcoin,2025-09-03 00:00:00,111190.18209845416,50235464642.84596,0.018402789665067483,0.01898466666007245,40772448288.76242,-0.10011906810805474
bitcoin,2025-09-04 00:00:00,111711.51977725116,36406080683.42747,0.004677744719203824,0.018937447102534442,40903050192.11576,-0.09589979418141589
bitcoin,2025-09-05 00:00:00,110724.736377486,38708366685.43147,-0.008872563226067583,0.018938287701593066,40949455306.56442,-0.10388599897573758
bitcoin,2025-09-06 00:00:00,110662.18112628513,56020470627.40665,-0.0005651214947209147,0.018865546497603,41748387339.77601,-0.10439226919387187
bitcoin,2025-09-07 00:00:00,110209.1888247784,19340758702.07633,-0.004101871027946603,0.018393556986523445,41116756393.34506,-0.10805841243355833
bitcoin,2025-09-08 00:00:00,111131.9923868407,22147049159.335133,0.008338339062985823,0.018470082624672087,40754410838.22378,-0.10059000727664849
bitcoin,2025-09-09 00:00:00,112025.12878118773,37159847899.8603,0.00800459477640238,0.01855363997635307,41071779588.0121,-0.09336170352101697
bitcoin,2025-09-10 00:00:00,111547.43956434788,45338021458.38368,-0.004273242887375839,0.017961979627786076,41344455144.7965,-0.097227723069613
bitcoin,2025-09-11 00:00:00,113975.32489468766,52205187155.05567,0.02153200931436778,0.01847213332632628,41026635332.36641,-0.07757843684343893
bitcoin,2025-09-12 00:00:00,115503.16663193036,43752917632.95067,0.01331596963871686,0.018507579251078585,40920362927.145424,-0.06521335549951252
bitcoin,2025-09-13 00:00:00,116160.14344594492,51192951485.8644,0.00567183966270053,0.01774535071072385,40566190706.48958,-0.05989633113216918
bitcoin,2025-09-14 00:00:00,115970.58488443034,30063858747.76022,-0.0016332056080045128,0.0160076411752345,39107585719.14835,-0.06143046060083754
bitcoin,2025-09-15 00:00:00,115373.55555886828,26889399414.610912,-0.0051614071558390715,0.015953432185631663,38528275225.63468,-0.0662623198146114
bitcoin,2025-09-16 00:00:00,115397.25272727507,46947581231.08198,0.00020537405632958024,0.01594996182958012,39319770792.11935,-0.06607053462650704
bitcoin,2025-09-17 00:00:00,116762.8496864193,39964451595.09973,0.0117644047787177,0.01610880817992048,39955033644.40115,-0.05501852768676306
bitcoin,2025-09-18 00:00:00,116455.9464822532,54740952295.37868,-0.0026318923377027926,0.015987626536369162,40201801156.21425,-0.057502347176518635
bitcoin,2025-09-19 00:00:00,117145.49508952006,43642467075.25838,0.005903650297425776,0.014944480405477323,40117987224.14273,-0.0519217137826219
bitcoin,2025-09-20 00:00:00,115655.81046441344,34296721252.33001,-0.01279808078883773,0.014988611980106868,39855665628.65351,-0.06397798317049874
bitcoin,2025-09-21 00:00:00,115715.51536781774,18774953731.290398,0.0005160959726948292,0.014656275121415428,39413224016.67469,-0.0634947812987147
bitcoin,2025-09-22 00:00:00,115304.47999407038,18659113982.495464,-0.0035584435609744393,0.012834465339711982,38339255853.73023,-0.06682136003244513
bitcoin,2025-09-23 00:00:00,112696.74101711863,69152342029.46799,-0.022875778329719713,0.013295877505814745,39734109925.203896,-0.08792623221110947
bitcoin,2025-09-24 00:00:00,112022.16587861197,46154878824.043465,-0.006003741955445578,0.012974907433592796,39916517326.78234,-0.09338568279221394
bitcoin,2025-09-25 00:00:00,113320.56908541008,46677543220.334526,0.011523935538344125,0.011986888168124127,39710606355.32895,-0.08287748624415538
bitcoin,2025-09-26 00:00:00,108963.53013595636,74481796351.47305,-0.03920745654824241,0.013752466631829779,40759206231.942894,-0.11813973868522255
bitcoin,2025-09-27 00:00:00,109710.20874667744,55257214020.568245,0.006829183206768381,0.0137919615313407,41369183223.86198,-0.11209674251992705
bitcoin,2025-09-28 00:00:00,109654.81021075726,23294896964.31016,-0.0005050808680543746,0.013599558299204935,41004929953.09875,-0.11254509223200104
bitcoin,2025-09-29 00:00:00,112142.57362752674,31274654338.51212,0.022433697888870507,0.012473190925994517,40324014573.50284,-0.09241120253455508
bitcoin,2025-09-30 00:00:00,114309.15041119448,57833295882.65785,0.019135583125670055,0.01289902928097319,41325125058.565025,-0.07487673053075856
bitcoin,2025-10-01 00:00:00,114024.22783550054,57718901820.70616,-0.002495673000291898,0.012864852125085797,42377724985.28034,-0.07718265708015021
bitcoin,2025-10-02 00:00:00,118503.24451752484,69920179085.4708,0.038529389407992304,0.01447875754234156,43275077266.51626,-0.04093321823841246
bitcoin,2025-10-03 00:00:00,120611.71911591051,71252850672.75252,0.017636112909058924,0.01445080206319919,43975656800.84648,-0.023868977037820243
bitcoin,2025-10-04 00:00:00,122250.15186842805,83155430408.51796,0.013492917627592985,0.014581203751884807,45533968458.349495,-0.010608863920348698
bitcoin,2025-10-05 00:00:00,122380.93708463266,35161626561.80918,0.0010692445447119847,0.01441396578305787,45415743787.562096,-0.00955039706639849
bitcoin,2025-10-06 00:00:00,123506.18520027678,72011486031.26575,0.009152622230823172,0.014432445553221712,45948777634.35739,-0.0004435739296319517
bitcoin,2025-10-07 00:00:00,124773.50823074432,69605991064.72382,0.01020892220266919,0.014403514293202276,47624285379.77897,0.0
bitcoin,2025-10-08 00:00:00,121518.75593575073,76087884719.80028,-0.026431538901569237,0.01541705792693866,49422313231.79448,-0.026085283175452313
bitcoin,2025-10-09 00:00:00,123352.50487523204,62576032795.36722,0.014977529115787452,0.015547459316048774,50269519394.97804,-0.011388662350379776
bitcoin,2025-10-10 00:00:00,121698.03066778315,72097306668.91356,-0.013503331820415855,0.01579010174273839,51161495568.66237,-0.024648481929943584
bitcoin,2025-10-11 00:00:00,113201.74064138904,151002213089.8765,-0.07237127566216818,0.02055753821645394,54454729766.48973,-0.09274218344454617
bitcoin,2025-10-12 00:00:00,110853.11663883904,108643865752.17674,-0.02096549085276774,0.02073083409052073,56617761370.463936,-0.11156528167952308
bitcoin,2025-10-13 00:00:00,115189.5714637257,93857100744.12454,0.03837316718680881,0.02193841320819613,58039899679.07261,-0.07681067001253979
bitcoin,2025-10-14 00:00:00,115222.28302116522,68935270367.04033,0.00028393988436427125,0.02193712676546906,59335613399.71528,-0.07654850252279492
bitcoin,2025-10-15 00:00:00,113156.56943826911,91211854988.91518,-0.018090728614178483,0.022163476236031633,61479695252.19209,-0.09310420903603944
bitcoin,2025-10-16 00:00:00,110708.66960879424,68877328886.40259,-0.021870277048500846,0.02249815152176049,62210686840.702774,-0.1127229555487043
bitcoin,2025-10-17 00:00:00,108076.72862033188,84773160808.27399,-0.02406072783509437,0.02272588475800395,63704310481.141914,-0.1338167039395494
bitcoin,2025-10-18 00:00:00,106443.61194984637,94325236794.78165,-0.015226045388614511,0.022842959365143516,65023786631.12202,-0.1469053530738302
bitcoin,2025-10-19 00:00:00,107156.00337647724,34412835719.61292,0.006670368455095513,0.02285368694041626,64716132252.600494,-0.1411958764651142
bitcoin,2025-10-20 00:00:00,108621.134857428,45373692612.3944,0.013580252383546548,0.02296970977288237,65085364631.26931,-0.1294535482920433
bitcoin,2025-10-21 00:00:00,110608.5714932665,60452111148.14008,0.018131585512150224,0.023261970235962916,66474603211.83096,-0.11352519407631409
bitcoin,2025-10-22 00:00:00,108486.1026271664,105841401713.00195,-0.01937550763319829,0.023488273798742736,69380679469.51451,-0.13053576704325356
bitcoin,2025-10-23 00:00:00,107618.4266715404,83996418125.93103,-0.008030193731144265,0.023188458999061693,69875482006.0633,-0.13748977489259134
bitcoin,2025-10-24 00:00:00,110048.51827291628,56192643013.57058,0.02232945909562495,0.02357404238683507,70210074145.71419,-0.11801375281199149
bitcoin,2025-10-25 00:00:00,110997.80437129698,49120903424.344864,0.008589076922262627,0.02352807194130619,70291519485.84787,-0.11040567869560787
bitcoin,2025-10-26 00:00:00,111620.3093731354,23214874411.21217,0.005592596342511165,0.022393457070262753,68582622087.83918,-0.10541659879663429
bitcoin,2025-10-27 00:00:00,114476.01227508576,42483268634.18711,0.025262284244795305,0.022813453887116242,68156823908.29313,-0.08252950567531814
bitcoin,2025-10-28 00:00:00,114182.79442806762,63764801510.65889,-0.0025646771446725266,0.02282253604773065,69505820726.50476,-0.08487950649821628
bitcoin,2025-10-29 00:00:00,112950.34863259472,66299512352.17796,-0.010852294601360404,0.02256984308071321,70673315993.62695,-0.09475697017579224
bitcoin,2025-10-30 00:00:00,110046.66925837284,64235327509.05742,-0.026043787716947448,0.022771900053494814,70886717047.84027,-0.118028571779332
bitcoin,2025-10-31 00:00:00,108240.76528725718,72648897659.94229,-0.016546487683334967,0.022941908051672375,71384383575.8148,-0.13250202849881446
bitcoin,2025-11-01 00:00:00,109573.90555629117,58800487940.5146,0.012241204057502147,0.021825859174630556,71013727204.31627,-0.12181754676917834
bitcoin,2025-11-02 00:00:00,110014.13556776088,24938475577.84992,0.004009604521371749,0.021529741335690984,69469914701.15285,-0.1182893137515125
bitcoin,2025-11-03 00:00:00,110650.2092823146,35098774843.7742,0.0057650951875724684,0.021370435054944764,67868026182.32806,-0.1131914871088776
bitcoin,2025-11-04 00:00:00,106521.0867382576,75068433317.86293,-0.03803099479249195,0.022266835833113806,69198253074.1965,-0.1462844296942619
bitcoin,2025-11-05 00:00:00,101635.2740227234,108965721650.60307,-0.04695230294032858,0.023397044381334973,70430060928.17442,-0.18544188214401455
bitcoin,2025-11-06 00:00:00,103877.9596595516,77083907216.62631,0.021826085127884066,0.0237761342879523,70679324799.90451,-0.16746782924906195
bitcoin,2025-11-07 00:00:00,101322.6402945857,64118217249.57436,-0.024906861519002177,0.02373278699244161,70280335884.2303,-0.18794749196913504
bitcoin,2025-11-08 00:00:00,103396.084215925,93627003785.31018,0.02025720734362501,0.02391304957192443,71315368250.56174,-0.17132983049002626
bitcoin,2025-11-09 00:00:00,102290.13714655169,51095924202.31797,-0.010753833874973867,0.0238880909759631,70615322168.34189,-0.1801934673714072
bitcoin,2025-11-10 00:00:00,104709.67861656273,59952468437.71812,0.023378297792901,0.020894561646848726,67580330679.936615,-0.16080199954847343
bitcoin,2025-11-11 00:00:00,105909.07272321742,67546556819.52642,0.011389366466321865,0.020748387456220055,66210420382.1816,-0.15118942935098686
bitcoin,2025-11-12 00:00:00,102960.77564500563,71008299178.73956,-0.028232824770159967,0.01987763593906479,65448793663.335434,-0.17481862051518407
bitcoin,2025-11-13 00:00:00,101521.70859453591,63332414142.58827,-0.014075443327216037,0.019950126044153377,65262031789.187035,-0.18635205474233144
bitcoin,2025-11-14 00:00:00,99730.4533956204,100463341916.4732,-0.017801572757459305,0.019943262091242028,65570414686.7723,-0.2007081085578813
bitcoin,2025-11-15 00:00:00,94456.39368235336,113198323665.38872,-0.05433279514691255,0.021734730272678207,67047781179.40517,-0.24297717502921662
bitcoin,2025-11-16 00:00:00,95508.31019889197,39062120798.23745,0.011074976002743254,0.021634923658173003,65524079845.73729,-0.23454656719062567
bitcoin,2025-11-17 00:00:00,94411.32947182968,72645149972.7847,-0.01155217994872486,0.021580225440754403,64801410285.00405,-0.24333834312621633
bitcoin,2025-11-18 00:00:00,92036.7255045672,95794596045.06412,-0.02547339388073802,0.021828789021354163,66847468962.5191,-0.2623696583543744
bitcoin,2025-11-19 00:00:00,92819.759215009,103837258806.01602,0.008471852042050322,0.021697819307909948,68796254502.30647,-0.25609401762306044
bitcoin,2025-11-20 00:00:00,91363.27838693369,82897875507.45229,-0.01581591016872362,0.021318807746365093,69544446647.6169,-0.26776701495020017
bitcoin,2025-11-21 00:00:00,86649.97257918229,99171039191.1295,-0.052966929827507184,0.022852338874315134,69322101230.22115,-0.3055419070293349
bitcoin,2025-11-22 00:00:00,85051.8019295002,135093457122.46468,-0.018616194381400844,0.022942495797154083,71025335863.43893,-0.3183504805185613
bitcoin,2025-11-23 00:00:00,84682.62429147748,42644968955.2184,-0.00435006885058571,0.022238835553390998,70573746728.16052,-0.3213092627413069
bitcoin,2025-11-24 00:00:00,86783.84766839583,60446592409.29218,0.024510081105708792,0.022848096125849555,70951269694.32542,-0.3044689622102635
bitcoin,2025-11-25 00:00:00,88229.35740719768,77606296173.43544,0.016519240471695434,0.023160549325877085,72764317086.39955,-0.29288389291711947
bitcoin,2025-11-26 00:00:00,87310.33159950442,67956444142.18749,-0.010470956280959969,0.022302471172601257,73613422936.66623,-0.30024944527454533
bitcoin,2025-11-27 00:00:00,90474.22677969698,69690430587.90018,0.035596221410582427,0.023726716294921547,73810943905.90761,-0.2748923384250565
bitcoin,2025-11-28 00:00:00,91279.06057176425,59295194347.668594,0.00885639059878798,0.023910223402487458,73577466639.09062,-0.26844198046462403
bitcoin,2025-11-29 00:00:00,90950.37695910994,62833195066.53989,-0.003607364139842771,0.02364672217072608,73530728891.0067,-0.27107622243886165
bitcoin,2025-11-30 00:00:00,90841.45258193676,39253888201.69327,-0.001198341977007514,0.023584527539839924,72417561909.06506,-0.2719491992327156
bitcoin,2025-12-01 00:00:00,90406.28448571144,40334819409.84348,-0.004801924034563501,0.02333791166997026,71802039624.70937,-0.2754368634203776
bitcoin,2025-12-02 00:00:00,86281.49519776918,92988982967.24596,-0.046698632659649346,0.024370721223476645,74070389871.02255,-0.30849507703022705
bitcoin,2025-12-03 00:00:00,91344.73275150164,83138039128.81346,0.057025470110102595,0.02702840555866771,75671698680.52388,-0.26791564934940093
bitcoin,2025-12-04 00:00:00,93619.43750817105,81429135004.88295,0.02459740653007526,0.026918759396907164,75883722070.09122,-0.24968497852092036
bitcoin,2025-12-05 00:00:00,92140.70419795792,67878296355.02588,-0.015921225435594204,0.02579623204429098,74514141226.9053,-0.26153631885094053
bitcoin,2025-12-06 00:00:00,89307.09154512963,50193142876.74388,-0.03123590484513074,0.025835314224788998,73617782415.57588,-0.28424636918941526
bitcoin,2025-12-07 00:00:00,89244.7620814118,24818678152.49986,-0.0006981665547982597,0.02557002609684778,72307797779.00674,-0.284745910034276
bitcoin,2025-12-08 00:00:00,90162.90714007126,33912893266.90874,0.010235382670875148,0.02530314055405188,70317327428.39336,-0.2773874164591693
bitcoin,2025-12-09 00:00:00,90618.0535204608,45466493941.40448,0.005035345983354336,0.0253341616829556,70129679753.02957,-0.2737396358778312
bitcoin,2025-12-10 00:00:00,92723.21372069632,54575121853.64529,0.022965399493213415,0.025318860810081546,69950434866.89381,-0.25686778359054563
bitcoin,2025-12-11 00:00:00,92005.13714957412,52189659395.756485,-0.007774444849068409,0.025157064904507212,69438538286.10149,-0.2626228239136426
bitcoin,2025-12-12 00:00:00,92494.17691640416,53232377699.4084,0.005301276209260862,0.024817692250855,68846007570.12378,-0.2587034040482842
bitcoin,2025-12-13 00:00:00,90307.26028567804,67750393558.62937,-0.02392783125607619,0.025025774058952597,68993273550.65848,-0.2762304950288619
bitcoin,2025-12-14 00:00:00,90257.4292885891,35222775785.402145,-0.0005519462135314809,0.02489321475262964,66818588012.95611,-0.27662986664063693
bitcoin,2025-12-15 00:00:00,88230.77409367911,33808538697.04244,-0.022710098028467827,0.023275902944550945,64172261847.344574,-0.29287253885245046
bitcoin,2025-12-16 00:00:00,86413.9190195637,50630498834.055145,-0.020807052185332096,0.023373089879481376,64557874448.53849,-0.3074337634255023
bitcoin,2025-12-17 00:00:00,87821.88919109134,48317754254.70281,0.01616201438645497,0.023583874052701403,63746961257.93576,-0.2961495558121052
bitcoin,2025-12-18 00:00:00,86064.94716216,48886793507.656334,-0.02020856619095159,0.02342540389018746,62183367840.02217,-0.3102306059792787
bitcoin,2025-12-19 00:00:00,85450.3312009302,58649139178.511856,-0.007166925277985994,0.023352792578516128,60677097185.772026,-0.3151564589904257
bitcoin,2025-12-19 20:55:20,88110.19209278638,54463623937.408455,0.030652928507827526,0.023989213545522074,59729288800.1039,-0.29383894592557475
cardano,2024-12-20 00:00:00,0.8856294008673282,2484376764.6355844,,,,0.0
cardano,2024-12-21 00:00:00,0.95061505400963,2967142400.5806985,0.07081062072384822,,,0.0
cardano,2024-12-22 00:00:00,0.9046599113089584,1619520801.5214942,-0.04955011591374642,,,-0.04834253624202131
cardano,2024-12-23 00:00:00,0.8827956119261179,1251460951.2097306,-0.024465380726525304,,,-0.07134269733837506
cardano,2024-12-24 00:00:00,0.9228752612988012,1373635719.5136724,0.04440037677664516,,,-0.02918088935560641
cardano,2024-12-25 00:00:00,0.9368563828179975,1049748351.4339588,0.015035916569306943,,,-0.014473441308970743
cardano,2024-12-26 00:00:00,0.916751541184192,695113060.3027651,-0.021693508995196426,,,-0.035622739912022194
cardano,2024-12-27 00:00:00,0.8593419351414681,860400720.7111105,-0.06466958344604738,,,-0.09601480481839424
cardano,2024-12-28 00:00:00,0.8741699171287979,949972681.1647332,0.017107865307594516,,,-0.08041650146228138
cardano,2024-12-29 00:00:00,0.8875851081613702,588899480.7586905,0.015229643321062797,,,-0.06630438428510445
cardano,2024-12-30 00:00:00,0.8591433475186276,705652916.2069426,-0.03256862800538769,,,-0.0962237091714263
cardano,2024-12-31 00:00:00,0.8591305888515354,1026988638.0611954,-1.4850562325901941e-05,,,-0.09623713065790335
cardano,2025-01-01 00:00:00,0.8442610184323533,759319278.391332,-0.01745922437464696,,,-0.11187918298651227
cardano,2025-01-02 00:00:00,0.9147583319262166,995785773.081401,0.08019820194747845,,,-0.03771949742661045
cardano,2025-01-03 00:00:00,0.961848097335144,1274967600.399281,0.050196622942932666,,,0.0
cardano,2025-01-04 00:00:00,1.0904865469624805,2671600901.30405,0.1255227137686136,,,0.0
cardano,2025-01-05 00:00:00,1.0719205077612817,1280366764.8039055,-0.017172063314808906,,,-0.017025463773866805
cardano,2025-01-06 00:00:00,1.0939767111827936,1363420254.9543183,0.02036750931473714,,,0.0
cardano,2025-01-07 00:00:00,1.0941475413501178,1364197241.7503395,0.00015614302293258983,,,0.0
cardano,2025-01-08 00:00:00,0.9933347400068778,2194412773.8246,-0.09666313106652798,,,-0.09213821494205668
cardano,2025-01-09 00:00:00,0.9478995284282536,1952408426.0212688,-0.0468191929768011,,,-0.13366388662849088
cardano,2025-01-10 00:00:00,0.9060582113414768,1342595372.3981748,-0.04514495906008412,,,-0.1719049057831352
cardano,2025-01-11 00:00:00,0.9316713148155308,1236328893.3650613,0.027876531069433497,,,-0.14849571963037117
cardano,2025-01-12 00:00:00,0.996136878939902,953404924.5156404,0.06690459081947316,,,-0.08957719019253663
cardano,2025-01-13 00:00:00,0.969186964876666,1089023652.0670302,-0.027427137308475753,,,-0.11420815909274662
cardano,2025-01-14 00:00:00,0.9450610027794694,1540261745.4274852,-0.025208060872128197,,,-0.136258167145067
cardano,2025-01-15 00:00:00,0.9944214498919838,1126688332.0067604,0.05091163203563122,,,-0.09114501261418322
cardano,2025-01-16 00:00:00,1.084480992215901,2204538167.7741003,0.08669569268976492,,,-0.008834776635597726
cardano,2025-01-17 00:00:00,1.0906700675315832,2056463725.021453,0.005690723860638208,,,-0.0031782494472761607
cardano,2025-01-18 00:00:00,1.1369537229272808,1822084268.4989784,0.04156026468871506,,1426692686.0568585,0.0
cardano,2025-01-19 00:00:00,1.1009310555353091,1488331235.013274,-0.032196276987774664,0.05043473171578948,1393491168.4027817,-0.03168349482090194
cardano,2025-01-20 00:00:00,0.9917829386728936,2803616184.038354,-0.10440724338264301,0.0529057498934546,1388040294.5180366,-0.12768398689141044
cardano,2025-01-21 00:00:00,1.0068201561876229,2690733265.730721,0.015048011591642903,0.052067955606779105,1423747376.6583443,-0.11445810336467074
cardano,2025-01-22 00:00:00,1.0046310219001418,1696335264.1544523,-0.002176672420046237,0.051812569653695496,1438576520.4231682,-0.11638354170339646
cardano,2025-01-23 00:00:00,0.9802503420918104,969709594.2925464,-0.024567620535360823,0.05150151370254779,1425112316.2491307,-0.1378274046475796
cardano,2025-01-24 00:00:00,0.988034095654144,1201302650.175804,0.007909216767190665,0.051455776581853574,1430164126.2071922,-0.13098125655432824
cardano,2025-01-25 00:00:00,0.9715690918885032,882394098.0963601,-0.016804821861596177,0.051386592258262885,1436406827.4669788,-0.14546293987495532
cardano,2025-01-26 00:00:00,0.9775990304899744,516244144.91543305,0.006187211629957173,0.0498242796059369,1424934941.6071231,-0.14015934793460247
cardano,2025-01-27 00:00:00,0.9541780430020652,512626380.0972311,-0.024249314771947538,0.050029346151322485,1410356731.5715396,-0.1607591199531222
cardano,2025-01-28 00:00:00,0.9331646231189152,1403786414.465773,-0.02226865170829593,0.050179380885243485,1437519629.3617756,-0.1792413320778579
cardano,2025-01-29 00:00:00,0.9162358892529788,757826711.7739474,-0.01830777767211751,0.049910681693585916,1439258755.8806758,-0.19413088608921247
cardano,2025-01-30 00:00:00,0.9416326058959792,823633204.3938981,0.027341330988501156,0.05011933167327144,1432480241.4250991,-0.17179337478082587
cardano,2025-01-31 00:00:00,0.9609684445044404,627908707.9566039,0.02032638879925436,0.050060735204264434,1428099889.077275,-0.15478666798305243
cardano,2025-02-01 00:00:00,0.9425307818897108,689867624.8457649,-0.01937299370879875,0.048119397921753695,1417902617.4694204,-0.1710033901265524
cardano,2025-02-02 00:00:00,0.8982630053120425,560834002.3078455,-0.0481056742306099,0.04800041911645974,1394098164.199706,-0.2099388152762176
cardano,2025-02-03 00:00:00,0.7981056815290045,1557168341.9223769,-0.11822188271309313,0.04621757983884663,1356950412.2203166,-0.29803151576464726
cardano,2025-02-04 00:00:00,0.8095252800415622,4656842166.005161,0.01420698016013611,0.04641380079148983,1469499592.2603586,-0.28798748469963964
cardano,2025-02-05 00:00:00,0.7469703594022901,1559657813.9470117,-0.08042249700465211,0.047814581997237905,1476040844.2267816,-0.343007244411771
cardano,2025-02-06 00:00:00,0.7332663432877611,819973385.3931305,-0.018516508387075453,0.047762717653752514,1457900049.0148747,-0.35506051961390117
cardano,2025-02-07 00:00:00,0.7039815460494513,827082260.6220323,-0.04075685362694519,0.04543349671976919,1412322365.2414558,-0.3808177660591752
cardano,2025-02-08 00:00:00,0.7068603366492864,886632725.1011336,0.004080959929634241,0.045016668806633284,1376796508.544118,-0.3782857451494559
cardano,2025-02-09 00:00:00,0.7021784786978031,543524434.6478864,-0.006645487875411655,0.04451977129892563,1350160810.6191087,-0.3824036418211243
cardano,2025-02-10 00:00:00,0.6829085131547858,668955885.3942552,-0.027826712800739294,0.044110146090398775,1331248377.0200813,-0.39935241040724007
cardano,2025-02-11 00:00:00,0.7092884772777551,738581245.7484099,0.03790142080340842,0.04265220314173154,1324087587.7278404,-0.37615009039103964
cardano,2025-02-12 00:00:00,0.7798744439436354,1756852350.9792051,0.09487061455022823,0.04671104630145527,1346348544.358246,-0.31406667816196077
cardano,2025-02-13 00:00:00,0.7979754265851546,1221550295.0491712,0.022944865799075356,0.046899422213397914,1335724829.3456357,-0.2981460806244329
cardano,2025-02-14 00:00:00,0.8102560488773543,820914030.7597127,0.01527250421672834,0.045857385037249836,1325532352.6374009,-0.2873447418851735
cardano,2025-02-15 00:00:00,0.800915838420313,757456263.8820649,-0.011594436527720811,0.04231991892675349,1277296289.1743329,-0.2955598611716413
cardano,2025-02-16 00:00:00,0.7814783063035197,483682696.9894568,-0.024568480484097387,0.042291091550424355,1224870254.9065998,-0.31265601181069114
cardano,2025-02-17 00:00:00,0.7713503011207024,448632802.4718909,-0.013044773588357941,0.04110438084693691,1179088539.3723636,-0.32156403064961186
cardano,2025-02-18 00:00:00,0.8072872842141813,1010963440.4130156,0.045536978433278134,0.04228134593531657,1163176279.552355,-0.28995589887714796
cardano,2025-02-19 00:00:00,0.7534573390949694,883986850.5318347,-0.06900719580288371,0.039997909864728225,1099188635.1021376,-0.3373016650536442
cardano,2025-02-20 00:00:00,0.7720538356854337,684519606.5840904,0.024381883467527097,0.040228355468810734,1032314846.4639167,-0.320945241555083
cardano,2025-02-21 00:00:00,0.8048194414479836,675952428.9428601,0.04156367298526295,0.0412580283899528,998302085.2901969,-0.2921264733837724
cardano,2025-02-22 00:00:00,0.7616380207672204,864866893.813699,-0.05514655146551934,0.042066799622594624,994807328.6075686,-0.330106401511001
cardano,2025-02-23 00:00:00,0.7742502077307336,516332439.3447684,0.016423682695627075,0.04220918860332557,971974988.2465341,-0.31901343729514803
cardano,2025-02-24 00:00:00,0.7709438007684473,479984499.41313046,-0.004279607596862528,0.042182334537426605,958561334.9570931,-0.32192156530037014
cardano,2025-02-25 00:00:00,0.6799958032161385,972262987.6922622,-0.12552885314558007,0.04723784421081842,973761963.0496541,-0.4019142648432747
cardano,2025-02-26 00:00:00,0.6826325380000318,1287399753.2045634,0.003870076667438616,0.04726743757276024,999587742.1532319,-0.39959514249843153
cardano,2025-02-27 00:00:00,0.6446208040699569,849327155.7918012,-0.05729445982989217,0.04797843737700756,981105766.8640995,-0.4330281074147231
cardano,2025-02-28 00:00:00,0.6461286944605975,669250243.5471394,0.0023364581250293827,0.04803776346467796,978153217.923206,-0.43170185256350696
cardano,2025-03-01 00:00:00,0.6340718656426285,1118264046.534234,-0.018836400610795976,0.04748215928993012,987974245.9945505,-0.44230635525771217
cardano,2025-03-02 00:00:00,0.6582602004111846,536866330.7242426,0.03743799375146086,0.04799853135985382,984939500.0868051,-0.42103166809957604
cardano,2025-03-03 00:00:00,1.1383401347214197,8117103714.129525,0.5477261636706396,0.1129577738771515,1232514036.3962636,0.0
cardano,2025-03-04 00:00:00,0.8568079668844821,6121517602.290976,-0.28411264067577585,0.12450500249756609,1417870156.3957014,-0.24731814266202212
cardano,2025-03-05 00:00:00,0.9435445759037008,4805730104.1507845,0.09642979144528828,0.12373580864445961,1526155548.4699817,-0.17112245529794157
cardano,2025-03-06 00:00:00,0.9757471161760348,3408614285.660695,0.033559841608117987,0.12383274577459098,1484547952.4584997,-0.1428334234961991
cardano,2025-03-07 00:00:00,0.907346039088462,2330044713.952941,-0.07267955271250091,0.1236538630133482,1510227515.7920303,-0.20292185840349705
cardano,2025-03-08 00:00:00,0.8172312446982826,3167511497.123035,-0.10460180179138999,0.1252426528440962,1588478786.1830275,-0.2820851872201805
cardano,2025-03-09 00:00:00,0.804467726740253,1059663491.0446924,-0.015741246352600224,0.12502012882282665,1596231493.8637824,-0.2932975810985296
cardano,2025-03-10 00:00:00,0.721388146040346,1470024544.8182783,-0.1090035132526912,0.12672474947861584,1615677887.8543541,-0.3662806712715197
cardano,2025-03-11 00:00:00,0.6750987117510554,1891276771.2102652,-0.06631841664071202,0.1273106314751918,1660602965.7397666,-0.4069446458406134
cardano,2025-03-12 00:00:00,0.7229736562075002,1748603194.8700173,0.06851386490240421,0.12783272293011086,1696591209.3889587,-0.36488784489318743
cardano,2025-03-13 00:00:00,0.736666917455641,1252379796.262997,0.018763061566997787,0.12769454569132396,1713717827.739445,-0.3528586975140591
cardano,2025-03-14 00:00:00,0.7017276884338084,1127266267.0440097,-0.048590425725143015,0.12675088223624711,1692731624.941605,-0.38355183391162895
cardano,2025-03-15 00:00:00,0.7386527093718266,1018976977.5613898,0.05128244320979016,0.12706011692584998,1685979181.0253456,-0.3511142348041753
cardano,2025-03-16 00:00:00,0.7477933206994789,662909255.5064604,0.012298766802954782,0.1270468725417813,1680712355.1835706,-0.34308446316664165
cardano,2025-03-17 00:00:00,0.7063226566895222,751357270.2720457,-0.05705447667102442,0.12742747641150431,1680509055.39657,-0.37951528269502943
cardano,2025-03-18 00:00:00,0.7182475371685878,712181990.225473,0.0167421150223935,0.1274228679757739,1688125698.5044372,-0.3690396084081135
cardano,2025-03-19 00:00:00,0.7028326612501901,668445029.95217,-0.021695440650323233,0.12745660571240777,1695452772.75378,-0.3825811461684158
cardano,2025-03-20 00:00:00,0.7454676924079612,1064981080.1987456,0.05889296818567972,0.12765552399473212,1697253360.7466378,-0.3451274626362921
cardano,2025-03-21 00:00:00,0.7177817989305744,892747061.1771692,-0.03784617480548572,0.12722306317184798,1697545367.768149,-0.36944874643620157
cardano,2025-03-22 00:00:00,0.7042253265879588,611407466.4808869,-0.019067250526125654,0.12716418620503137,1695108296.431375,-0.3813577285840841
cardano,2025-03-23 00:00:00,0.7004888130724237,431734884.85975,-0.005319975392351997,0.12688458726950755,1686967711.6286051,-0.384640151299022
cardano,2025-03-24 00:00:00,0.708589878997602,559800879.933612,0.01149851350104279,0.1265525844632278,1676798844.4992685,-0.3775235912498055
cardano,2025-03-25 00:00:00,0.7299608913945431,911524424.8464736,0.029714050042637084,0.12664400391585356,1689971910.682659,-0.35874975402392995
cardano,2025-03-26 00:00:00,0.7456209405094492,1057345092.4490488,0.021226389149018594,0.12671351451112112,1709217263.7838562,-0.3449928384613082
cardano,2025-03-27 00:00:00,0.7280096173884845,908223545.0922288,-0.023903089616322138,0.12461374902449017,1707082615.6971884,-0.3604638937142925
cardano,2025-03-28 00:00:00,0.7381307766619702,561347037.4894052,0.013806754242789846,0.12463134154775891,1682880858.506683,-0.35157273810554934
cardano,2025-03-29 00:00:00,0.7054500054704209,774769179.0151162,-0.04528510823700374,0.12445146759664157,1680395592.614127,-0.3802818824067359
cardano,2025-03-30 00:00:00,0.6740559356529756,621436559.1898086,-0.04552280676185028,0.12476669152238491,1678801803.1355493,-0.40786069550474563
cardano,2025-03-31 00:00:00,0.6601152181346328,478487682.2075428,-0.020898705336176913,0.12477879930103485,1657475924.3246598,-0.420107226302638
cardano,2025-04-01 00:00:00,0.6611376773087757,739596439.8428652,0.001547711844976701,0.12459269910646315,1664233594.6286137,-0.41920902448847364
cardano,2025-04-02 00:00:00,0.6782918986781525,685084959.2043678,0.025615619752561977,0.06994930796361297,1416499636.131108,-0.4041395203515797
cardano,2025-04-03 00:00:00,0.6416810199741727,907260521.324572,-0.05548639771867518,0.04927126782130748,1242691066.7655616,-0.4363011542844283
cardano,2025-04-04 00:00:00,0.650635234098672,850771125.3544065,0.01385784229353939,0.045287046508687666,1110859100.8056822,-0.42843512738141426
cardano,2025-04-05 00:00:00,0.6605590488885138,858616116.5915514,0.01513735136376832,0.044764380036883794,1025859161.8367108,-0.41971733338720496
cardano,2025-04-06 00:00:00,0.6562187375321188,384994433.078377,-0.0065923455270128425,0.043329524104458284,961024152.4742254,-0.42353017563356676
cardano,2025-04-07 00:00:00,0.573016902460604,948643369.166113,-0.1355789602590885,0.04593283908695471,887061881.5423279,-0.496620662855891
cardano,2025-04-08 00:00:00,0.5846653688337909,1902830957.1750555,0.020124450013263184,0.046292962079599945,915167463.7466735,-0.4863878106372194
cardano,2025-04-09 00:00:00,0.5576109268777084,1236707673.730275,-0.04737820895905776,0.04302989985332856,907390234.7104067,-0.5101543819201545
cardano,2025-04-10 00:00:00,0.6320092192400434,1601016157.2231832,0.12524252592566662,0.04808348818413673,897714880.9108372,-0.4447975609726597
cardano,2025-04-11 00:00:00,0.6099453101466736,890738740.5438374,-0.03553468379478797,0.04653468348851184,869119399.0999645,-0.4641800885849092
cardano,2025-04-12 00:00:00,0.624013663949495,823024435.6207166,0.02280296783383777,0.046613595631050414,854807553.7452219,-0.4518214328776111
cardano,2025-04-13 00:00:00,0.658135992436163,658708096.7725409,0.053239319921146035,0.04707529285476826,839188948.0695062,-0.4218459207737366
cardano,2025-04-14 00:00:00,0.6370042586934123,644314435.2323939,-0.032635244309016785,0.04627803757596713,826700196.6585397,-0.44040955838800927
cardano,2025-04-15 00:00:00,0.6347389438662727,680079736.1791881,-0.003562538755414778,0.046164824414095446,827272546.0142974,-0.4423995741645275
cardano,2025-04-16 00:00:00,0.6080639244271904,709020814.1750429,-0.042933787041383606,0.04569022147939461,825861330.8110639,-0.46583283336838616
cardano,2025-04-17 00:00:00,0.6106653469788688,591359664.0730368,0.0042690802028515365,0.04554212792644356,821833919.939316,-0.46354755634763434
cardano,2025-04-18 00:00:00,0.6168950161106203,448807472.6198462,0.010149761754244835,0.04552054853926443,814512668.0282385,-0.4580749660894721
cardano,2025-04-19 00:00:00,0.6273043794612541,374649872.12397456,0.016733019267540318,0.04413040500897388,791501627.7590796,-0.44893063125216864
cardano,2025-04-20 00:00:00,0.6280852975713835,331430508.4467672,0.001244104878575323,0.043725362750138545,772791076.0013995,-0.44824461651341874
cardano,2025-04-21 00:00:00,0.6202087731824584,354987761.1249453,-0.01261982910573957,0.04366684415751841,764243752.4895347,-0.45516392309734477
cardano,2025-04-22 00:00:00,0.6226371412727918,632027422.0139718,0.003907759042862432,0.04369142947543246,770920170.3946755,-0.4530306695852671
cardano,2025-04-23 00:00:00,0.6821362911471233,834269402.8814627,0.09126556692939768,0.046966935800852684,780069121.1596038,-0.4007623289904831
cardano,2025-04-24 00:00:00,0.6972646472481486,967029539.1144488,0.021935555185617416,0.04681121128582568,781919291.635203,-0.38747249088359104
cardano,2025-04-25 00:00:00,0.7220676397924738,1035019627.1012884,0.03495378497253081,0.04710745592519613,781175109.4569443,-0.3656837549971988
cardano,2025-04-26 00:00:00,0.7138859038055668,949069153.9271946,-0.01139566744906946,0.046953503556026115,782536629.7514431,-0.3728711814415007
cardano,2025-04-27 00:00:00,0.7075935331519487,659341778.5746859,-0.008853327864441993,0.046895098127325306,785803121.1209526,-0.37839885323456984
cardano,2025-04-28 00:00:00,0.704070171794187,567359217.6728809,-0.004991796079592826,0.04616645717763223,778889455.742878,-0.38149402773496116
cardano,2025-04-29 00:00:00,0.7052906740354157,889987578.2822492,0.0017319944000798667,0.04536112539581215,787841156.3792927,-0.38042185062022965
cardano,2025-04-30 00:00:00,0.6957354792970168,817939169.992459,-0.013640491822237921,0.045256720582634295,799156205.9721234,-0.3888158221995039
cardano,2025-05-01 00:00:00,0.6820275063998128,592053391.6761067,-0.019899540617907926,0.0454291261887026,794238104.3665646,-0.40085789335125044
cardano,2025-05-02 00:00:00,0.7048540559063339,586072580.7401356,0.03292077948863859,0.04558472547880137,790937691.7510903,-0.3808054074463172
cardano,2025-05-03 00:00:00,0.6974986414291682,606872856.4955413,-0.010490202561501853,0.04437677038938784,780924769.5901225,-0.38726693353400604
cardano,2025-05-04 00:00:00,0.7013467253059199,752443709.4776694,0.00550181410330806,0.04433104389990931,777647189.060898,-0.3838864993743219
cardano,2025-05-05 00:00:00,0.6763756494805502,661246645.056914,-0.036253763825322985,0.04481621516901376,771068206.6764101,-0.40582289172640285
cardano,2025-05-06 00:00:00,0.6631639151504879,664925434.1708654,-0.01972642406635706,0.04495474445760926,780399240.0461596,-0.4174290311631851
cardano,2025-05-07 00:00:00,0.6787761903074216,552471849.9156157,0.023269264458553728,0.037052695105809066,767193522.7378098,-0.4037140836877063
cardano,2025-05-08 00:00:00,0.671376495581957,582536184.2563542,-0.010961380728635,0.037068494408274054,723183696.973853,-0.4102145087362139
cardano,2025-05-09 00:00:00,0.7651537464755499,1355272025.0992892,0.13074671355527206,0.04234436789742761,727135842.0194869,-0.3278338142203849
cardano,2025-05-10 00:00:00,0.7773024778174161,1491055749.585572,0.015752774535874706,0.036422233855951516,723470495.0982331,-0.3171614932055071
cardano,2025-05-11 00:00:00,0.8400596557571808,1390682398.3795056,0.07764334411967977,0.03771412374361603,740135283.6927555,-0.2620310659935008
cardano,2025-05-12 00:00:00,0.8048629924679394,1096359924.9786,-0.042800840832562914,0.03887059631282171,749246466.6713517,-0.2929503512015682
cardano,2025-05-13 00:00:00,0.8191103769126542,1891364013.690922,0.01754677787585115,0.03798972476395985,790334997.2352977,-0.280434422077975
cardano,2025-05-14 00:00:00,0.8312541090164433,1249623977.9694462,0.014716690018039042,0.03725004431685334,810511981.9931992,-0.2697664927540555
cardano,2025-05-15 00:00:00,0.7985815955519888,1166899569.1134908,-0.040098386662284276,0.03825431762570347,826739309.757676,-0.29846838287273275
cardano,2025-05-16 00:00:00,0.760909266948887,1032947704.5832616,-0.04832302643354379,0.03851185579031273,837536872.7712835,-0.33156247088213175
cardano,2025-05-17 00:00:00,0.7605802350885046,777814627.6177915,-0.0004325128304482636,0.03853490897394427,843752038.2227751,-0.33185151617742303
cardano,2025-05-18 00:00:00,0.7424784161936966,906498912.2572886,-0.024087808054304598,0.038952868156305415,859008419.5440233,-0.3477534582619283
cardano,2025-05-19 00:00:00,0.7518394820880364,949005467.3644464,0.012529045340043383,0.03892113059401496,878153606.0520389,-0.33953002344766636
cardano,2025-05-20 00:00:00,0.7426046048097757,855716668.7541951,-0.012359103842365202,0.03905788678660731,895629811.39562,-0.34764260508875966
cardano,2025-05-21 00:00:00,0.7456441858290309,690998975.7792397,0.004084781072583855,0.038908220825241084,906830185.2174298,-0.34497241809759377
cardano,2025-05-22 00:00:00,0.772065003489696,1077168981.202006,0.03482022416635575,0.039254859212583246,921668237.1903644,-0.3217624680529782
cardano,2025-05-23 00:00:00,0.8077548195843751,1069425848.6042526,0.0451898234735207,0.03666722055516187,929506785.3811239,-0.29040996188537893
cardano,2025-05-24 00:00:00,0.748254247966839,1417851508.940276,-0.0765157474457957,0.0394574752267139,944534184.375318,-0.34267955144184076
cardano,2025-05-25 00:00:00,0.7460261925160765,630031485.6921482,-0.002982113720524187,0.038981661685602104,931034579.6616801,-0.34463683589734123
cardano,2025-05-26 00:00:00,0.7589761692612583,673782320.823423,0.01720966915620709,0.039015609445493454,921858351.8915544,-0.33326064318464993
cardano,2025-05-27 00:00:00,0.7582470752465925,588809796.8894885,-0.0009610900352689134,0.03896619068774424,919507285.835381,-0.33390113190364273
cardano,2025-05-28 00:00:00,0.7578018172885506,652902725.7086877,-0.0005873926270276016,0.03894604386713522,922358736.1032414,-0.33429227857805116
cardano,2025-05-29 00:00:00,0.7465205662397495,546997351.279757,-0.014998729872230231,0.03907627230328352,910925728.5364916,-0.3442025423952554
cardano,2025-05-30 00:00:00,0.724272085506191,649806532.9053063,-0.03025603632292185,0.039420277872599316,905321307.3002532,-0.3637472110359717
cardano,2025-05-31 00:00:00,0.6912614352706643,935627012.618067,-0.04664903491076935,0.04021183770003477,916773761.3316518,-0.39274614485956494
cardano,2025-06-01 00:00:00,0.6863035406713839,721005660.5061203,-0.007198086613074604,0.03975923964583084,921271530.6571847,-0.397101516727828
cardano,2025-06-02 00:00:00,0.6853559510305921,524853161.2361533,-0.0013816691347536766,0.03971814992043746,918537540.8152051,-0.397933947749004
cardano,2025-06-03 00:00:00,0.6900620402912112,570636794.5706515,0.006843167175933943,0.03972599298499147,912477310.3183045,-0.39379977983462155
cardano,2025-06-04 00:00:00,0.684833771475063,494639383.1641215,-0.007605367581078249,0.03917846422482227,906923734.9218781,-0.398392667897404
cardano,2025-06-05 00:00:00,0.6662352525151268,400096118.0279466,-0.02753329926043013,0.03934243865690051,898096091.0504475,-0.4147309471099591
cardano,2025-06-06 00:00:00,0.6279989717216173,759754191.8443644,-0.05910431109244831,0.04053013023439075,905005502.4480724,-0.4483204513602568
cardano,2025-06-07 00:00:00,0.6564156318236438,579132039.6493936,0.04425564432991081,0.04138175959846981,904892030.9611738,-0.4233572095002298
cardano,2025-06-08 00:00:00,0.665097118031322,345182718.07783103,0.013138898734291795,0.033270693257160575,871222387.3937918,-0.41573076645137536
cardano,2025-06-09 00:00:00,0.6696475032429187,445907844.3835906,0.006818387230274738,0.03312121851984401,836384123.8870591,-0.41173338019325995
cardano,2025-06-10 00:00:00,0.7051927875959849,556699781.999879,0.051719763637140204,0.03117240148645481,808584703.3410715,-0.3805078411220534
cardano,2025-06-11 00:00:00,0.7161084051691045,816441834.7804779,0.015360336355185158,0.030597308850931162,799254100.3344674,-0.37091877609643087
cardano,2025-06-12 00:00:00,0.6978609557770317,650490779.2528718,-0.025811680206866847,0.030573606621096188,757891659.1865325,-0.3869486505034669
cardano,2025-06-13 00:00:00,0.6645616396607636,644736788.8081536,-0.04889224434528704,0.031330979989766264,737728752.8811561,-0.41620116923717315
cardano,2025-06-14 00:00:00,0.6415287116259395,967144196.2984972,-0.03527369474514783,0.03116963755682166,731070240.4539896,-0.43643495291243717
cardano,2025-06-15 00:00:00,0.6249531411165467,377703624.0100241,-0.026177267358230026,0.030417742536839945,709228771.1015483,-0.45099612843793097
cardano,2025-06-16 00:00:00,0.6338091675682362,306474152.5964094,0.014071238889767744,0.03063301067032464,693517421.9341689,-0.4432163566618468
cardano,2025-06-17 00:00:00,0.6348092267777333,634345979.704381,0.0015766118812536468,0.03047063744217797,684445657.5157387,-0.44233783259070714
cardano,2025-06-18 00:00:00,0.6114224843190872,668780456.8391515,-0.037536339565113284,0.030833740574792778,675104823.8315622,-0.46288243235075116
cardano,2025-06-19 00:00:00,0.6031520541269734,649432905.7020996,-0.013618856247270794,0.030842300652392494,668228698.3964922,-0.4701477741759674
cardano,2025-06-20 00:00:00,0.6022517506298001,411526119.6336923,-0.0014937793642763987,0.03079035474328582,658912936.5249741,-0.4709386656412794
cardano,2025-06-21 00:00:00,0.5768480561772417,655089381.7343858,-0.04309665065852133,0.030414629986599377,644843616.5427201,-0.49325510136879186
cardano,2025-06-22 00:00:00,0.5507083653541873,616320411.8508501,-0.04637351109329853,0.029288130975461443,629740101.9842733,-0.5162180893420231
cardano,2025-06-23 00:00:00,0.5411301510006504,1046673222.5903796,-0.01754556177915071,0.02672931323728762,617367492.4392769,-0.5246322830099648
cardano,2025-06-24 00:00:00,0.5832401178415064,923344856.19398,0.07493914271884279,0.03096569351212851,627144604.7893378,-0.48763985380851055
cardano,2025-06-25 00:00:00,0.5872194649270592,716773448.9598132,0.006799657974240511,0.030728491211164534,628577642.3938843,-0.48414410858774953
cardano,2025-06-26 00:00:00,0.5667721482568538,549499472.3311824,-0.03544125743240363,0.031077610760012742,627267298.2419407,-0.5021065049282857
cardano,2025-06-27 00:00:00,0.5541621947716998,546164591.2662042,-0.02249995379180185,0.03111349459794817,623709360.4271911,-0.5131839967082271
cardano,2025-06-28 00:00:00,0.5586998411211989,461343367.5389696,0.0081549578483302,0.03128302060167216,620854227.6358317,-0.5091978011845056
cardano,2025-06-29 00:00:00,0.5655976009022613,328696976.3556034,0.012270500794356765,0.03128109000917645,610150575.7508415,-0.5031383119592132
cardano,2025-06-30 00:00:00,0.5775074724180472,546299719.7888314,0.02083850867714247,0.03084754336319013,597172999.3232003,-0.4926758226271467
cardano,2025-07-01 00:00:00,0.5720180140652412,685730060.096957,-0.009550897559316016,0.030853702532508177,595997145.9762282,-0.4974981583995294
cardano,2025-07-02 00:00:00,0.5421512626893101,631715565.0969181,-0.053625439048966696,0.03203175380410773,599559226.1049203,-0.5237352649241449
cardano,2025-07-03 00:00:00,0.5846952591552708,934344132.0381688,0.07554574202665106,0.03539507136706598,611682804.0205042,-0.4863615528250172
cardano,2025-07-04 00:00:00,0.5987839336899987,723259758.2613916,0.02381003435785881,0.035793813668238944,619303483.1904132,-0.47398504592255625
cardano,2025-07-05 00:00:00,0.5728146380802783,539620249.5139698,-0.0443386507128412,0.03629510223160409,623954287.5732807,-0.49679834646218424
cardano,2025-07-06 00:00:00,0.5760131698614164,287359327.05554503,0.005568354149589935,0.03486543265334938,608207792.0803201,-0.49398852566822554
cardano,2025-07-07 00:00:00,0.5857056935866781,379742988.53059584,0.01668690926608568,0.03393101479449739,601561490.3763602,-0.4854739144113416
cardano,2025-07-08 00:00:00,0.5798100944867142,559194866.5817564,-0.010116807416344034,0.033796083948497264,608695228.6598244,-0.49065303348141354
cardano,2025-07-09 00:00:00,0.5882961516358525,487674618.9568239,0.0145298537225441,0.033914841798333935,610087454.478932,-0.48319826939966126
cardano,2025-07-10 00:00:00,0.6236218758822067,921412284.2952384,0.05831373620951431,0.034309606601033334,622244537.8887774,-0.4521656077470882
cardano,2025-07-11 00:00:00,0.6771328310749256,1062017291.4508076,0.0823232425357149,0.0376360990763853,630430386.444455,-0.40515772885347934
cardano,2025-07-12 00:00:00,0.7108207334882014,2545650162.8728247,0.04855280598964569,0.03844478725043779,693602365.8984535,-0.37556384791602115
cardano,2025-07-13 00:00:00,0.7087303921384289,1194202622.657187,-0.002945075838287861,0.0373028314529537,711917893.6934212,-0.37740015438191243
cardano,2025-07-14 00:00:00,0.7378983923650405,1350750371.5082395,0.04033094615346646,0.03724153247920983,724704766.2004126,-0.351776881216946
cardano,2025-07-15 00:00:00,0.733985780563862,1572853324.2413535,-0.005316479501514833,0.03683836838638407,764543089.5414569,-0.3552140013551515
cardano,2025-07-16 00:00:00,0.747277634667093,1354949575.963603,0.017947126404976792,0.03687674818252587,799492270.3203635,-0.3435374789364073
cardano,2025-07-17 00:00:00,0.7641507655300265,1385025802.8377533,0.022328324476262214,0.03699525489045635,824514931.0914758,-0.3287149049549823
cardano,2025-07-18 00:00:00,0.8253351061679741,2320405580.945884,0.07702438637734946,0.038219350775064984,879569101.8950336,-0.27496617136322415
cardano,2025-07-19 00:00:00,0.8161741510181671,2744061820.5816364,-0.011161740598034254,0.03816959065365428,949390065.7243515,-0.2830138144800584
cardano,2025-07-20 00:00:00,0.8304330576753646,924051674.3749667,0.01731956839994384,0.03812737251176875,966474250.8823941,-0.27048776341476155
cardano,2025-07-21 00:00:00,0.8583354631312871,1647913109.454905,0.03304768478608738,0.03693792274942496,999568375.1397445,-0.24597627989164836
cardano,2025-07-22 00:00:00,0.8904182879941529,2186221398.604713,0.036696333082749506,0.03539584334626574,1051898408.03154,-0.21779241473194608
cardano,2025-07-23 00:00:00,0.9027605176449548,1915066491.9679725,0.013765971935189943,0.03482918783249941,1080844850.3441265,-0.20695011085954299
cardano,2025-07-24 00:00:00,0.815884567414226,1761411667.1605673,-0.1011844273072813,0.03929413117772059,1108780410.7096794,-0.2832682055843587
cardano,2025-07-25 00:00:00,0.80501618368269,2046328243.613208,-0.013410502285177142,0.03954442855019999,1153098903.8647923,-0.2928157769999934
cardano,2025-07-26 00:00:00,0.8148215317217962,1632181351.1474926,0.012106728608762713,0.03858007574251711,1189188299.8253362,-0.2842020527360187
cardano,2025-07-27 00:00:00,0.8190799958273328,1141573915.9722888,0.005212644307128927,0.038051191768294516,1209035277.3155391,-0.28046111101249876
cardano,2025-07-28 00:00:00,0.831249582355049,1223441648.3256605,0.014748335453896007,0.03804113808655881,1234438553.341762,-0.269770469299603
cardano,2025-07-29 00:00:00,0.7906518877207298,1539117170.2628877,-0.05007231001797929,0.039760126077633975,1274785893.1386716,-0.3054344096246575
cardano,2025-07-30 00:00:00,0.7823246045491294,917245865.0723526,-0.010588029773497112,0.039910205224630894,1287150764.6481223,-0.31274969520372414
cardano,2025-07-31 00:00:00,0.7642835190955796,1436810681.8436756,-0.02333093112922211,0.04022246475454968,1312186785.373013,-0.32859828465714347
cardano,2025-08-01 00:00:00,0.7396045672641582,927099828.2246138,-0.03282314380871917,0.039261696507686454,1322032927.4772692,-0.35027805424328823
cardano,2025-08-02 00:00:00,0.7145221914128183,1721833578.487403,-0.034501619262544414,0.03808382949010304,1348282575.6922438,-0.3723122205581553
cardano,2025-08-03 00:00:00,0.6980981330649948,1148774439.2067535,-0.023254370884025287,0.038322651971402236,1362466398.3904226,-0.38674029688337674
cardano,2025-08-04 00:00:00,0.7262374028449563,993385819.09724,0.039517277871485595,0.03764331404755167,1377591917.3765314,-0.36202073467023566
cardano,2025-08-05 00:00:00,0.7552702347266081,1165089532.7492764,0.03919864946330163,0.03806949946959502,1406849590.899656,-0.3365162031193413
cardano,2025-08-06 00:00:00,0.7263781593451547,1171851083.2208505,-0.03900485214444773,0.039029086113714744,1433253194.055998,-0.3618970840179349
cardano,2025-08-07 00:00:00,0.7414880462752388,977023434.496232,0.0205882805893703,0.0389625342853273,1447180812.9864805,-0.3486234705616354
cardano,2025-08-08 00:00:00,0.7865689725619774,838963353.407525,0.05902137377479073,0.040043587637083176,1458890437.4681704,-0.3090211365037476
cardano,2025-08-09 00:00:00,0.7919870397270753,1523418756.045653,0.006864613481134326,0.03897647480009644,1478957319.859851,-0.30426151589490047
cardano,2025-08-10 00:00:00,0.8034979007903974,1208313252.4320035,0.014429544892628453,0.03639582314651604,1483833851.8925574,-0.29414954609587457
cardano,2025-08-11 00:00:00,0.8012979525448268,1257795443.8588612,-0.0027417189782572198,0.035507446515585864,1440905361.2587585,-0.2960821391570065
cardano,2025-08-12 00:00:00,0.7742441113077331,1580757170.1455648,-0.03434564046248224,0.036175567679321376,1453790512.8417046,-0.31984818272509563
cardano,2025-08-13 00:00:00,0.8421230587329199,2317731355.205162,0.0840389409260797,0.03853620650387792,1486023212.2982686,-0.2602184241364656
cardano,2025-08-14 00:00:00,0.9083262306993796,2732159764.0074096,0.07567744490759834,0.040612927308729486,1524666760.2904706,-0.20206078746255424
cardano,2025-08-15 00:00:00,0.9257907750447252,6262477377.006203,0.019044665255547724,0.04062352488975162,1688251020.3252237,-0.1867186732625488
cardano,2025-08-16 00:00:00,0.9417993288449932,4090456817.7946143,0.017143960938439357,0.040567676338321826,1778432054.157119,-0.17265560607201552
cardano,2025-08-17 00:00:00,0.9202323179786044,2594889554.9425573,-0.02316606747176887,0.03868164895735173,1787581519.9570081,-0.19160162247656476
cardano,2025-08-18 00:00:00,0.9632097962031908,2548707795.183864,0.0456450872722182,0.03931787943452826,1781069719.110416,-0.15384710876515628
cardano,2025-08-19 00:00:00,0.9234551905457824,2628037750.19441,-0.042148967853932295,0.040191937433038595,1837869254.971064,-0.18877041898221839
cardano,2025-08-20 00:00:00,0.844852910211689,3039130017.890459,-0.08895973567593621,0.04316586432795783,1884243151.9189157,-0.25782032589192194
cardano,2025-08-21 00:00:00,0.8814325132681368,2091187849.229252,0.042385898487651,0.04334716840982975,1881075366.9397337,-0.22568616674150266
cardano,2025-08-22 00:00:00,0.8500620636669307,1533388209.2835274,-0.03623907703979492,0.04374571456669844,1868352757.516919,-0.25324423013956004
cardano,2025-08-23 00:00:00,0.9292153711002944,2310244345.9738755,0.0890311801566354,0.042646046875099666,1886647180.1440291,-0.18371026132035956
cardano,2025-08-24 00:00:00,0.9131672024037382,1547871628.4124138,-0.017421544063512467,0.04270984175796076,1870031959.637336,-0.1978081290903329
cardano,2025-08-25 00:00:00,0.9103477002497992,2365868259.601135,-0.0030923842702974464,0.04270298639025003,1894488189.9191241,-0.20028498294792707
cardano,2025-08-26 00:00:00,0.8383085888787645,2475738564.1436143,-0.08244033753826333,0.04550245989149585,1938960344.8581684,-0.2635693293165671
cardano,2025-08-27 00:00:00,0.8667872730928795,1757480771.0628576,0.03340730973832631,0.04582643668963448,1956761648.9494083,-0.23855160100719455
cardano,2025-08-28 00:00:00,0.8500970609404207,1564491256.7458448,-0.019443054613521513,0.04497349715319209,1957607451.8321733,-0.2532134860127191
cardano,2025-08-29 00:00:00,0.8571816065931211,1447642760.5189126,0.008299273518089548,0.04491733748333415,1975287348.3470585,-0.2469899106185034
cardano,2025-08-30 00:00:00,0.8272541831683505,1819818947.7928045,-0.03553780232003232,0.045218797365009125,1988054290.5453632,-0.2732803158426806
cardano,2025-08-31 00:00:00,0.8219618530060325,696060557.701606,-0.006418017060907432,0.04475938302827629,1980352981.5279298,-0.27792948000802314
cardano,2025-09-01 00:00:00,0.8116929323571344,962834018.1431152,-0.012571879925481352,0.04429368096536262,1955052996.18312,-0.28695043985620705
cardano,2025-09-02 00:00:00,0.799421995426129,1796172919.722201,-0.015233145701050292,0.04414589003612583,1976632945.5336347,-0.2977301150663834
cardano,2025-09-03 00:00:00,0.8345690454988189,1490974794.7765045,0.04302651762599466,0.0442463624455828,1993219244.7229435,-0.2668544136827269
cardano,2025-09-04 00:00:00,0.8358193960502531,1146558111.1280096,0.0014970778698669323,0.043763576669171585,1992601530.6689012,-0.2657560156615237
cardano,2025-09-05 00:00:00,0.8103356761503423,1102148615.9189978,-0.030963979492679407,0.043518993274562545,1990278115.092173,-0.2881427515084042
cardano,2025-09-06 00:00:00,0.8308551338308517,1121578867.539977,0.02500687531787857,0.04358573653902845,1995096629.5269647,-0.27011698130613415
cardano,2025-09-07 00:00:00,0.8185531180763999,850472090.6641397,-0.014917160577414695,0.042430257045260655,1995480254.102185,-0.2809239583942806
cardano,2025-09-08 00:00:00,0.8363048012672472,1021552780.8007756,0.021454849892251875,0.042579255694877936,1978751388.260689,-0.2653296007419506
cardano,2025-09-09 00:00:00,0.8646800277854038,1691794761.1033452,0.033366386970150055,0.04291178185706304,1994867438.5497339,-0.24040275712758508
cardano,2025-09-10 00:00:00,0.8649298409057776,1990098821.1710768,0.0002888664393432964,0.04290271404073076,2019277551.1268077,-0.24018330328180199
cardano,2025-09-11 00:00:00,0.8853218749788114,1532700295.741913,0.023302884563013222,0.042482281662598674,2017675655.3133523,-0.2222694711581334
cardano,2025-09-12 00:00:00,0.8939522635864209,1271457105.8612125,0.009701097886153098,0.039761942259380005,1982799847.0018876,-0.21468791592313194
cardano,2025-09-13 00:00:00,0.9169478146623894,1454391842.8665938,0.025398184559881562,0.03754687836814426,1940207582.9638603,-0.19448696686180755
cardano,2025-09-14 00:00:00,0.9299550781941932,1981983107.1599064,0.014085720091692207,0.037472420130748044,1797524440.6356504,-0.18306044930781917
cardano,2025-09-15 00:00:00,0.8884370883146469,1700018608.6187458,-0.04567244349979829,0.03823728423392643,1717843166.9964552,-0.2195328432902266
cardano,2025-09-16 00:00:00,0.8623288816260523,2198306930.353841,-0.029827107356595123,0.03838382206088622,1704623746.176831,-0.24246817333108817
cardano,2025-09-17 00:00:00,0.8803872516725199,1535737124.6753068,0.020725138286300147,0.037574571574251286,1670858057.159879,-0.22660439984576963
cardano,2025-09-18 00:00:00,0.9126236395968256,2162211909.8838787,0.03596170233296002,0.037474188448577576,1655330529.1495283,-0.19828563382756648
cardano,2025-09-19 00:00:00,0.9252028118570796,2320855756.374952,0.01368939781449223,0.033594030604958885,1631388053.765678,-0.18723518249358756
cardano,2025-09-20 00:00:00,0.8905595744647299,1874213489.2227256,-0.03816296903248427,0.03355882378555531,1624155575.0987937,-0.2176682985154766
cardano,2025-09-21 00:00:00,0.8925758915569314,1108991095.7394426,0.002261542086965826,0.032840071091933716,1610009004.647324,-0.21589702029142016
cardano,2025-09-22 00:00:00,0.8850224534941044,835345737.619557,-0.008498526729651585,0.02841900433928052,1560845717.70218,-0.22253250456578913
cardano,2025-09-23 00:00:00,0.825573599568111,2210789664.528847,-0.06953459891715834,0.030902120022372297,1582942985.572728,-0.2747566615753651
cardano,2025-09-24 00:00:00,0.8089077971236107,1348498942.606384,-0.020393477802495844,0.031057973033836377,1549030675.0062363,-0.2893971033345225
cardano,2025-09-25 00:00:00,0.8123841509479168,1311940099.4603145,0.0042883814429771384,0.02730900445011852,1510237392.8501265,-0.28634322363875225
cardano,2025-09-26 00:00:00,0.7619264564902304,2141132625.027104,-0.06412328335264655,0.02882892163083421,1523025787.9822679,-0.3306688982931338
cardano,2025-09-27 00:00:00,0.7913610637637805,1413078427.201117,0.0379042913179327,0.029678824041185044,1517978693.6641104,-0.30481141828716574
cardano,2025-09-28 00:00:00,0.7811470666284351,833231521.9410535,-0.012990890899881353,0.029669037560370357,1497498319.0448484,-0.3137841293634074
cardano,2025-09-29 00:00:00,0.8080370823129959,707497018.9646478,0.03384451376513454,0.029757061666780955,1460420921.417243,-0.2901620019654822
cardano,2025-09-30 00:00:00,0.80713373050909,1308146095.203158,-0.0011185837323536285,0.029738183328532806,1480823772.6672947,-0.2909555712830807
cardano,2025-10-01 00:00:00,0.8068637853072127,1028756666.4014732,-0.00033450510518018815,0.02965220618434135,1483021194.2759066,-0.29119271059991886
cardano,2025-10-02 00:00:00,0.8491773015153895,1697702164.0677571,0.05111313763318506,0.030938491099466493,1479738835.754092,-0.2540214689670022
cardano,2025-10-03 00:00:00,0.8692139848155263,1721167459.1807632,0.02332133733282349,0.030238988186231202,1487411924.567567,-0.23641980256784617
cardano,2025-10-04 00:00:00,0.8664561725583831,1333990265.720089,-0.0031778095235826943,0.030250278377465366,1493659663.0539699,-0.23884246357489045
cardano,2025-10-05 00:00:00,0.8399090418000441,1202387524.704826,-0.031117925621725728,0.03025593521407024,1497000960.0134974,-0.2621633761462774
cardano,2025-10-06 00:00:00,0.8375475310775687,1583032733.6624525,-0.002815586788637782,0.029925478735128217,1512382755.5509133,-0.2642378973288704
cardano,2025-10-07 00:00:00,0.8721011125465495,1756667037.6016634,0.04042735632770766,0.0306541568667818,1542589253.782164,-0.233883541530428
cardano,2025-10-08 00:00:00,0.8210650617728257,1827010736.9137087,-0.06030301864667679,0.032456527067960296,1569437852.319262,-0.27871728604758295
cardano,2025-10-09 00:00:00,0.83882296513004,1241767946.1039858,0.021397323910433887,0.032095997193015154,1554436958.4859498,-0.2631174641529081
cardano,2025-10-10 00:00:00,0.815304028130714,1113414734.087583,-0.028438592876040045,0.03248206676027702,1525214155.5831668,-0.28377819312306046
cardano,2025-10-11 00:00:00,0.6386898030904008,4192415361.845668,-0.24414218898993992,0.05452683709133475,1613871324.453292,-0.438928854733999
cardano,2025-10-12 00:00:00,0.631959064431091,2973633773.2386045,-0.0105942747604387,0.054388352515267135,1670610546.699205,-0.44484162057086113
cardano,2025-10-13 00:00:00,0.7011687633663608,1848585986.32073,0.10392398408013415,0.05799819821768789,1683750351.4810095,-0.3840428339654787
cardano,2025-10-14 00:00:00,0.7285348662016478,2048211445.7615647,0.03828688009362893,0.0584957335933472,1685957962.7677314,-0.36000247730882434
cardano,2025-10-15 00:00:00,0.6997448119049228,2015894272.043281,-0.040319770597316985,0.05838535406034685,1696487151.5485492,-0.38529373553523366
cardano,2025-10-16 00:00:00,0.6682233140928284,1107756710.7383668,-0.04609329395157005,0.0586702802766157,1660135477.5613668,-0.4129844905658541
cardano,2025-10-17 00:00:00,0.6445410613357602,1511932115.7957428,-0.03608388948079476,0.05861122182035485,1659341977.2653813,-0.43378868786569186
cardano,2025-10-18 00:00:00,0.6252076632789738,1855449466.4904933,-0.030454674927168027,0.05805155594842228,1649116562.485602,-0.45077253783028765
cardano,2025-10-19 00:00:00,0.6340674459608995,505111912.2462167,0.014071474624682001,0.05805756586000071,1588591767.6813104,-0.44298946631090047
cardano,2025-10-20 00:00:00,0.6522873380531202,812048809.4550594,0.028329836960374968,0.058316474964220426,1553186278.3557217,-0.42698380022175775
cardano,2025-10-21 00:00:00,0.6633267576932305,1256409525.5887775,0.01678254859474088,0.05848502875830208,1558100226.0173662,-0.41728597853965405
cardano,2025-10-22 00:00:00,0.6425868505706848,1373643923.608071,-0.0317657323565871,0.05861999247649137,1576043498.8836503,-0.4355054074167895
cardano,2025-10-23 00:00:00,0.6229496606380028,1281071807.0111003,-0.03103626964073035,0.05770112358417438,1545052903.6330588,-0.4527561300555794
cardano,2025-10-24 00:00:00,0.6424736489099836,741364681.4404613,0.030860088579932547,0.05812124686462027,1524815094.927528,-0.4356048519125499
cardano,2025-10-25 00:00:00,0.655323651162058,1057107725.3010308,0.01980343494914249,0.058300154271805404,1516320682.4555516,-0.42431648399849126
cardano,2025-10-26 00:00:00,0.655259183600283,702615038.7612351,-9.837998807408121e-05,0.0573064752419084,1468370096.2466893,-0.4243731169501097
cardano,2025-10-27 00:00:00,0.6818433964586408,754305245.1699442,0.03976914999520977,0.05735564053464889,1446410990.1789834,-0.40101962879003217
cardano,2025-10-28 00:00:00,0.6677783136189024,1128518779.409593,-0.02084375489788164,0.05741142431691972,1456253898.7612681,-0.41337541104766157
cardano,2025-10-29 00:00:00,0.6462344815151022,1756532959.5627232,-0.032793840212141614,0.0571360793306721,1491221763.447871,-0.432301065556955
cardano,2025-10-30 00:00:00,0.6396415594827642,1356729248.1211936,-0.010254456253384439,0.05712552556193304,1492841201.878472,-0.4380927633379978
cardano,2025-10-31 00:00:00,0.6005020308237154,1448848330.398687,-0.0631419327492268,0.05798866945947464,1506844257.345046,-0.47247574559894323
cardano,2025-11-01 00:00:00,0.6091366463515688,1075511005.9929776,0.014276597384188563,0.05703553589741871,1486104552.0758865,-0.4648904771326192
cardano,2025-11-02 00:00:00,0.6124627436807519,724185412.8050234,0.0054454931387355725,0.056756501916382165,1452871817.196695,-0.46196859356923503
cardano,2025-11-03 00:00:00,0.6084487913662481,734062923.946984,-0.006575360558612778,0.0567423601967109,1432874239.1375916,-0.46549473851666423
cardano,2025-11-04 00:00:00,0.5515628929830783,1455443642.723285,-0.09815688131455441,0.05881236358476602,1441309443.0715404,-0.5154674106978935
cardano,2025-11-05 00:00:00,0.5221979514762445,2023235265.0644453,-0.054709138666689805,0.05923315912786277,1455982860.78494,-0.5412636912744543
cardano,2025-11-06 00:00:00,0.5463567141721513,1334395075.540095,0.0452253516968415,0.05939631820679504,1441907128.716221,-0.5200408933083446
cardano,2025-11-07 00:00:00,0.5301976718280389,1050739310.2777604,-0.03002218235715554,0.0588651558878708,1416031414.4950228,-0.5342361604795816
cardano,2025-11-08 00:00:00,0.5774284193527571,1522536423.3684998,0.0853345828158745,0.06131888900882437,1425390363.7371736,-0.4927452685360441
cardano,2025-11-09 00:00:00,0.5693083886113898,1057238243.475552,-0.014162214734773079,0.061245858510702335,1423517814.0501056,-0.4998784886463537
cardano,2025-11-10 00:00:00,0.5780669958919988,923546078.196485,0.015267500996971918,0.04290169790406303,1314555504.595133,-0.4921842968899043
cardano,2025-11-11 00:00:00,0.5928514083039514,1054764298.338172,0.025254019579227655,0.043190494742564756,1250593188.7651184,-0.47919660370313044
cardano,2025-11-12 00:00:00,0.5563268220032412,1031029185.9420816,-0.06358786046564736,0.0396934984721785,1223341295.4191635,-0.5112824321709536
cardano,2025-11-13 00:00:00,0.5449227361092355,730404055.5185716,-0.020711914910461232,0.03878703325715045,1179414382.4110637,-0.5213006029673269
cardano,2025-11-14 00:00:00,0.5299516655318876,1212570625.332832,-0.027858210728405716,0.03851334425446155,1152636927.5207152,-0.5344522701366583
cardano,2025-11-15 00:00:00,0.4997404599990273,1397940395.6840236,-0.05869692162622917,0.03899467972473797,1162309717.018904,-0.56099197001314
cardano,2025-11-16 00:00:00,0.503532576283571,683217505.0083947,0.0075595260835564886,0.03878939562698518,1134685896.6593256,-0.5576607018193223
cardano,2025-11-17 00:00:00,0.4854372175536348,1187911953.360108,-0.03659844539422765,0.03892675595564081,1112434646.221646,-0.5735569688295025
cardano,2025-11-18 00:00:00,0.4643358862381854,1319806242.5570447,-0.04444178124393048,0.039224974704724615,1139591123.8986738,-0.5920938987609182
cardano,2025-11-19 00:00:00,0.4742758437329251,1243310089.048481,0.02118091813519603,0.039002752756700725,1153966499.885121,-0.5833619238515277
cardano,2025-11-20 00:00:00,0.4623659952901655,1186593877.0305908,-0.025432326175571354,0.03874054222418612,1151639311.5998483,-0.5938243929145852
cardano,2025-11-21 00:00:00,0.4332786408580737,1104254926.7545445,-0.06497574164511474,0.039784342551686364,1142659678.3713975,-0.6193768210025311
cardano,2025-11-22 00:00:00,0.4092517353441109,1640936233.162468,-0.057050576865972674,0.04046559402972118,1154655159.2431097,-0.6404837861187552
cardano,2025-11-23 00:00:00,0.4042271118128371,693509352.1602631,-0.012353578583390132,0.039572766161690094,1153059981.6004364,-0.6448977774891846
cardano,2025-11-24 00:00:00,0.4087855830511881,785336296.6710625,0.011213893796653017,0.039339326886360035,1144000933.9794374,-0.6408932878825113
cardano,2025-11-25 00:00:00,0.4281738044072852,953657437.0446856,0.04633842645654148,0.04085984388359273,1152369013.922219,-0.6238612771813848
cardano,2025-11-26 00:00:00,0.4219896221912819,795047890.3948499,-0.014548476445485316,0.03956975005760901,1153727102.0963826,-0.6292939084550917
cardano,2025-11-27 00:00:00,0.4352971872758615,732834736.3069608,0.03104826519129544,0.04047429205285454,1140537633.9929614,-0.6176035843782407
cardano,2025-11-28 00:00:00,0.4341785061217995,638467716.8220394,-0.0025732329950984584,0.04037316113227725,1103268792.568272,-0.6185863145130573
cardano,2025-11-29 00:00:00,0.4202949844545054,590579772.729677,-0.03249894527740142,0.04052011858297404,1077730476.721888,-0.6307826003540127
cardano,2025-11-30 00:00:00,0.4155223893749126,370607062.4333928,-0.011420310466044005,0.03944306512647996,1041789101.123045,-0.6349751917720082
cardano,2025-12-01 00:00:00,0.4159030076033001,552633542.543152,0.0009155800541091135,0.03920766021532503,1024359852.3413842,-0.6346408292938894
cardano,2025-12-02 00:00:00,0.3859166718295545,1200916999.3972428,-0.07483060820570107,0.04063842358684327,1040250905.2277914,-0.6609829873704681
cardano,2025-12-03 00:00:00,0.4340839980889776,806290998.0324867,0.1176165892860067,0.04734075883928734,1042658507.6973083,-0.6186693371790771
cardano,2025-12-04 00:00:00,0.4506013983059428,1120115996.162602,0.03734507184525324,0.04517838325009955,1031480919.4786189,-0.6041592626300432
cardano,2025-12-05 00:00:00,0.4394161084525088,619788412.7636155,-0.025136311813314664,0.04441174263223453,984699357.7352579,-0.613985227218537
cardano,2025-12-06 00:00:00,0.4160575632488133,654860340.4958388,-0.054623195506103533,0.04420048247769674,962048199.9004493,-0.6345050564780157
cardano,2025-12-07 00:00:00,0.4134801451506309,354434218.5465959,-0.006214127136299887,0.04402492159162456,938838030.1760771,-0.6367692462571217
cardano,2025-12-08 00:00:00,0.416366693458186,618797400.6811795,0.006956849903188397,0.040458605606155294,908713396.0864998,-0.6342334942270297
cardano,2025-12-09 00:00:00,0.4318875749246829,635784215.7391385,0.03659896449533659,0.04136871436420337,894664928.4952861,-0.6205988335548087
cardano,2025-12-10 00:00:00,0.4696161566367247,1359200478.5056348,0.08375036188073863,0.044534256309438594,909186741.8389244,-0.5874553287610723
cardano,2025-12-11 00:00:00,0.4534735565555273,1039978623.4120744,-0.03497871486081453,0.0443909713055801,908693886.0080545,-0.6016361518637805
cardano,2025-12-12 00:00:00,0.4252128362243685,1204479699.8093407,-0.06434712347843195,0.044423410615400186,914475569.8036296,-0.6264624049924861
cardano,2025-12-13 00:00:00,0.4091664516133892,738086725.0753626,-0.038467789274586314,0.044702802554728346,914731658.788856,-0.6405587054931323
cardano,2025-12-14 00:00:00,0.4108578417683537,356792621.3756291,0.004125225477379951,0.04463246312861993,886205725.3236159,-0.6390728665040868
cardano,2025-12-15 00:00:00,0.3968162394344541,544839103.6866584,-0.034773970321989534,0.04391230440400824,857769015.5903704,-0.6514080217934467
cardano,2025-12-16 00:00:00,0.3878299487859212,672078730.3818792,-0.022906333340172016,0.043899825276992155,857397723.1028199,-0.659302227026518
cardano,2025-12-17 00:00:00,0.3851655097964455,561447525.9836688,-0.0068938297428490225,0.04358279210338221,836515575.5236053,-0.6616428622270222
cardano,2025-12-18 00:00:00,0.3665425186458596,658953122.777183,-0.04955861021029473,0.04374121261222131,814487138.19761,-0.6780026395752429
cardano,2025-12-19 00:00:00,0.3513699950904202,707615843.2120309,-0.042274741932725894,0.043821487864056964,796630663.3363949,-0.6913312775566776
cardano,2025-12-19 20:57:08,0.3788205873916918,630471527.2896919,0.07522292346865188,0.046377794578567964,778093251.678365,-0.6672166992650236
dogecoin,2024-12-20 00:00:00,0.3162217505606263,10299588179.47391,,,,0.0
dogecoin,2024-12-21 00:00:00,0.3174023079794973,11908085963.040106,0.0037263698214866072,,,0.0
dogecoin,2024-12-22 00:00:00,0.3204352612997513,6978901591.406554,0.00951018355006166,,,0.0
dogecoin,2024-12-23 00:00:00,0.3119109632636429,4326157081.905719,-0.02696249020539852,,,-0.02660224721065988
dogecoin,2024-12-24 00:00:00,0.3234015365143098,4612068974.597669,0.03617692533067991,,,0.0
dogecoin,2024-12-25 00:00:00,0.3373220061283388,3228261462.929641,0.04214328368637351,,,0.0
dogecoin,2024-12-26 00:00:00,0.334477549311157,2604485058.90388,-0.008468221785247887,,,-0.008432467391705256
dogecoin,2024-12-27 00:00:00,0.3119221157696852,2625101365.575846,-0.06981623245566969,,,-0.07529864609245164
dogecoin,2024-12-28 00:00:00,0.3111610704472971,2293373604.8945475,-0.002442838188164216,,,-0.07755478505926006
dogecoin,2024-12-29 00:00:00,0.3238352156172481,1538666440.0007308,0.03992410312521065,,,-0.039981946822525004
dogecoin,2024-12-30 00:00:00,0.314983711757173,1870842483.4356143,-0.02771386385941695,,,-0.06622246389305206
dogecoin,2024-12-31 00:00:00,0.3134342756044935,2707904119.2033954,-0.004931237881972216,,,-0.07081580830737999
dogecoin,2025-01-01 00:00:00,0.3161573771733231,2514890508.073105,0.008650427741786634,,,-0.062743101755903
dogecoin,2025-01-02 00:00:00,0.3240901261984082,1620382475.4153996,0.024781525748903622,,,-0.03922625766934497
dogecoin,2025-01-03 00:00:00,0.339021025019003,3606534898.05704,0.04504048177224681,,,0.0
dogecoin,2025-01-04 00:00:00,0.3792419097017863,5419307373.054088,0.11211215947703121,,,0.0
dogecoin,2025-01-05 00:00:00,0.3947136019982991,4943690690.039445,0.03998615804782112,,,0.0
dogecoin,2025-01-06 00:00:00,0.382652831776486,2911300930.2606125,-0.031032310023487865,,,-0.030555750196480533
dogecoin,2025-01-07 00:00:00,0.3877984263023277,3301153541.1172915,0.013357551123088321,,,-0.017519476554550523
dogecoin,2025-01-08 00:00:00,0.3490042138051966,5262187979.134054,-0.10540168871679317,,,-0.11580393470529417
dogecoin,2025-01-09 00:00:00,0.3424596033019549,4459666163.753783,-0.01893029188752729,,,-0.13238459083193527
dogecoin,2025-01-10 00:00:00,0.3212315603902833,3686394495.829188,-0.06399146918371075,,,-0.18616546588716862
dogecoin,2025-01-11 00:00:00,0.3341873593343171,3269124532.5110497,0.03953955679172542,,,-0.15334217609314313
dogecoin,2025-01-12 00:00:00,0.3414731256235199,1480544587.7329526,0.021567189024303896,,,-0.13488381475895683
dogecoin,2025-01-13 00:00:00,0.3358234445663888,1480721033.6651137,-0.01668342155540264,,,-0.14919718280233996
dogecoin,2025-01-14 00:00:00,0.3382109067938529,3781697203.425277,0.007084126223456555,,,-0.1431485890488508
dogecoin,2025-01-15 00:00:00,0.356394690318903,3174234902.468615,0.0523691119077928,,,-0.09708029185059913
dogecoin,2025-01-16 00:00:00,0.3869744801719914,4356121532.863304,0.08231995075686617,,,-0.01960692965007336
dogecoin,2025-01-17 00:00:00,0.3776524144889539,4283602033.717316,-0.024384513951631732,,,-0.04322421984692252
dogecoin,2025-01-18 00:00:00,0.4149142593534293,6526718816.983121,0.09409766072171674,,4035723667.4489455,0.0
dogecoin,2025-01-19 00:00:00,0.3964222748040019,6516773074.938818,-0.04559190129573138,0.04790252945407533,3909629830.631109,-0.04456820688265548
dogecoin,2025-01-20 00:00:00,0.3578609618648825,8685239181.345173,-0.10233545733716397,0.05193725056453742,3802201604.574611,-0.13750623460725192
dogecoin,2025-01-21 00:00:00,0.3535840726332651,8045403576.875606,-0.01202324999358226,0.052007211484862065,3837751670.756913,-0.14781412144219025
dogecoin,2025-01-22 00:00:00,0.3715124137332058,9146197049.337524,0.049460992471906474,0.052345316700143744,3998419669.671306,-0.10460437220898988
dogecoin,2025-01-23 00:00:00,0.3632014802889421,2857875569.671739,-0.0226245563587011,0.052270604313722255,3939946556.1737757,-0.12463485623529166
dogecoin,2025-01-24 00:00:00,0.3522701986678774,3050289092.7539253,-0.030559231415988618,0.05212002930135274,3934014143.8345857,-0.15098073703991668
dogecoin,2025-01-25 00:00:00,0.350574475664333,2039182933.8261669,-0.004825323021436372,0.0521003760169764,3915170739.665328,-0.1550676609412232
dogecoin,2025-01-26 00:00:00,0.3543296524535725,1469045352.756256,0.010654533469350969,0.05034029973124047,3876635539.238008,-0.14601717230511
dogecoin,2025-01-27 00:00:00,0.3359237814264993,1173608165.997368,-0.05334340819783867,0.05141983523526757,3839310024.6081023,-0.19037783384457
dogecoin,2025-01-28 00:00:00,0.3334628113857146,4457663415.539809,-0.007352944188179211,0.05095737127931593,3936609923.7927384,-0.19630910756030032
dogecoin,2025-01-29 00:00:00,0.3190461273219585,1956202115.5722096,-0.044195656963490634,0.05136458274493906,3939455244.8639584,-0.2310552840022042
dogecoin,2025-01-30 00:00:00,0.3244443041301698,1934033691.4906535,0.01677819336384717,0.051439359810408,3913659563.9402003,-0.21804494105418548
dogecoin,2025-01-31 00:00:00,0.331229318699267,1308041183.689841,0.020697055785410572,0.05154683125524492,3873431253.1274247,-0.20169212980187892
dogecoin,2025-02-01 00:00:00,0.3286011882787202,1721046773.5653727,-0.007966119453289839,0.05138443980833498,3876786729.732424,-0.20802628284988997
dogecoin,2025-02-02 00:00:00,0.3082767330501114,1498500264.8733947,-0.06384695827519768,0.05196928036038026,3806518908.6263022,-0.2570109941979186
dogecoin,2025-02-03 00:00:00,0.2649551349145101,5297256819.371471,-0.1514373540638439,0.054044030141006456,3802450556.836882,-0.3614219590153494
dogecoin,2025-02-04 00:00:00,0.2847445508715637,10665819818.499647,0.07203195616526235,0.05540558139293587,3993188194.4522223,-0.31372676534354865
dogecoin,2025-02-05 00:00:00,0.2646612964531275,4185863884.406833,-0.07314158371504749,0.05645699807449586,4035673626.257096,-0.36213014981563785
dogecoin,2025-02-06 00:00:00,0.2563093131836389,1748873845.3140545,-0.03206591214283387,0.056354471920623844,3983930969.7303214,-0.38225956952394985
dogecoin,2025-02-07 00:00:00,0.2476994026933298,1849400952.683781,-0.03416904467023233,0.05380499246921387,3870171402.1819787,-0.40301062904098395
dogecoin,2025-02-08 00:00:00,0.2466117141109805,1955547140.0705724,-0.004400833001083654,0.05380053398897031,3786700768.059205,-0.40563210699173996
dogecoin,2025-02-09 00:00:00,0.2531578984892705,947251264.8896627,0.02619830667619383,0.05325116650116858,3695395993.6945543,-0.38985490909911735
dogecoin,2025-02-10 00:00:00,0.2493492934660181,1210322937.821886,-0.015158700270766799,0.05250063158650667,3626769273.871582,-0.3990341670720476
dogecoin,2025-02-11 00:00:00,0.2548535882592439,1302577373.9580026,0.02183451808901295,0.052506154795455735,3620837033.412417,-0.3857680652952533
dogecoin,2025-02-12 00:00:00,0.2531467447359887,1681519859.8011022,-0.006719877273093661,0.05249231328571449,3627530327.6169505,-0.38988179116699134
dogecoin,2025-02-13 00:00:00,0.2640435518397491,1931125154.46359,0.04214471932936985,0.05325716491802269,3565844592.651561,-0.3636189986547717
dogecoin,2025-02-14 00:00:00,0.2623153388562416,1479090094.109654,-0.006566695174378555,0.052016443051862274,3509339765.7062616,-0.3677842278426059
dogecoin,2025-02-15 00:00:00,0.2719853777351091,2264906099.4838147,0.036200943068169525,0.049822545993672605,3439632584.593612,-0.34447811420376256
dogecoin,2025-02-16 00:00:00,0.2716411696946587,1562393659.5496552,-0.0012663402406522806,0.04979922724230708,3348925638.7880235,-0.3453077025649503
dogecoin,2025-02-17 00:00:00,0.2654573454413017,931181654.4444188,-0.023027795979866896,0.045699454098029266,3162407733.3700666,-0.36021156309505936
dogecoin,2025-02-18 00:00:00,0.2580867586101643,1334819066.6629684,-0.028158368226540824,0.045405445265837785,2989675933.0942054,-0.37797568342831367
dogecoin,2025-02-19 00:00:00,0.2508496151107746,1568385561.1678038,-0.028442185488162238,0.042368107384071936,2752447479.0882926,-0.39541818711731075
dogecoin,2025-02-20 00:00:00,0.254536611908942,1002221875.0777956,0.014591067243418054,0.0426419566330343,2517674755.6950326,-0.38653202156611244
dogecoin,2025-02-21 00:00:00,0.2548978318058891,1128230681.7987845,0.0014181214558228795,0.04117152390330575,2250409210.110408,-0.38566143230868366
dogecoin,2025-02-22 00:00:00,0.2394445898413576,2027962912.4843552,-0.06254077286064871,0.042141642742925034,2222745454.870828,-0.4229058547795157
dogecoin,2025-02-23 00:00:00,0.2467816911300589,926901594.978119,0.03018207180347032,0.042767560953439886,2151965871.6116347,-0.40522243917424133
dogecoin,2025-02-24 00:00:00,0.2431098393793032,695340046.2485528,-0.01499074911136798,0.04275014427967532,2107171108.6923807,-0.41407210309390907
dogecoin,2025-02-25 00:00:00,0.2101870624303527,2386904163.7483587,-0.1455154474275445,0.04893230988469588,2137766402.3921175,-0.49342048943342615
dogecoin,2025-02-26 00:00:00,0.2113237643977722,3294992146.5006976,0.005393478177012155,0.04861895143505046,2208479201.7422285,-0.4906808825344228
dogecoin,2025-02-27 00:00:00,0.2025677647833549,2010954339.9928348,-0.04231691439683137,0.048836746595302766,2126922232.5573297,-0.5117840367814279
dogecoin,2025-02-28 00:00:00,0.2068743514838298,1358019956.56816,0.02103713983277662,0.04901828782639125,2106982827.2571945,-0.5014045749928986
dogecoin,2025-03-01 00:00:00,0.202090703165187,2576697271.018344,-0.023394989115423124,0.04868361591144948,2128404946.5747843,-0.5129338203991597
dogecoin,2025-03-02 00:00:00,0.2063643318249469,1157646034.496794,0.020926585558610166,0.04868956388739048,2123391774.9350162,-0.5026337919874595
dogecoin,2025-03-03 00:00:00,0.2398482627012818,3097274702.4251013,0.15036327690190202,0.057371748668300956,2169266039.2303405,-0.4219329480865685
dogecoin,2025-03-04 00:00:00,0.1992080202369079,2740809895.9767084,-0.18565687807666698,0.06507151690313587,2210676360.2671175,-0.5198814797367088
dogecoin,2025-03-05 00:00:00,0.1992102181975349,2339671816.89161,1.1033433788920824e-05,0.05974243167321153,2112090193.517789,-0.5198761823515805
dogecoin,2025-03-06 00:00:00,0.2047254361049545,1407399493.6843045,0.02730910534555026,0.058175053741385784,1803476182.6906106,-0.5065837543785963
dogecoin,2025-03-07 00:00:00,0.2017954387050701,1745673856.792128,-0.014415240735976883,0.056987776940144785,1722136515.1034539,-0.5136454480510438
dogecoin,2025-03-08 00:00:00,0.1981889975405615,1799280522.96074,-0.018033396166118088,0.05684968575278447,1723816737.6916769,-0.5223374635294432
dogecoin,2025-03-09 00:00:00,0.1920085565173097,920959171.3325988,-0.03168117222160923,0.05681286152463068,1692868678.313304,-0.5372331700131946
dogecoin,2025-03-10 00:00:00,0.1678188039757389,1740953627.9304154,-0.1346550866404941,0.06129040907365297,1685715561.2419655,-0.5955337754907365
dogecoin,2025-03-11 00:00:00,0.1547380234116144,2314515671.2670493,-0.08115133415871799,0.06206202712627598,1731291041.4545448,-0.6270602421503991
dogecoin,2025-03-12 00:00:00,0.1645386274279245,2372987953.769865,0.06141184440132341,0.06366894365585174,1770046541.9861443,-0.6034394487084418
dogecoin,2025-03-13 00:00:00,0.172436934316666,1624350642.4645834,0.04688621162864179,0.06431421514289282,1780772317.6030304,-0.5844034510036398
dogecoin,2025-03-14 00:00:00,0.1649488685474606,1450396811.6367147,-0.04439603317550593,0.06455431621337761,1773068215.9975505,-0.6024507116132757
dogecoin,2025-03-15 00:00:00,0.1718195561000062,1034276360.1389004,0.04080929540462317,0.06451451600265566,1743173256.1867278,-0.5858914167766692
dogecoin,2025-03-16 00:00:00,0.1761459784539959,720298076.7908576,0.024868240602040285,0.06489895900240471,1717880188.9427679,-0.5754641483556425
dogecoin,2025-03-17 00:00:00,0.1683019539727809,927114505.6414578,-0.04555336310353502,0.0644648229923845,1673287135.8146894,-0.5943693180488667
dogecoin,2025-03-18 00:00:00,0.1736204186748998,1018336232.4544976,0.03111170321723131,0.06498889861235217,1655151888.2448506,-0.5815510921570721
dogecoin,2025-03-19 00:00:00,0.1682761099542842,1069389407.6757385,-0.03126527245609357,0.06504171479918855,1659758813.3525612,-0.5944316056611001
dogecoin,2025-03-20 00:00:00,0.1780034845693928,1320951169.93477,0.05619698438439923,0.06627369491772724,1659296550.128288,-0.5709873050717036
dogecoin,2025-03-21 00:00:00,0.1695621495268066,1038017898.997562,-0.048583602842318295,0.0665434617015842,1641617628.0559466,-0.5913320747495174
dogecoin,2025-03-22 00:00:00,0.1670057513578968,762513837.5823433,-0.015191272398118459,0.06633864544683525,1633627360.1394317,-0.5974933432797759
dogecoin,2025-03-23 00:00:00,0.1672124067991532,436636928.7216825,0.0012366501493066807,0.06633719488122988,1610574235.0368614,-0.5969952754582977
dogecoin,2025-03-24 00:00:00,0.1721776923051625,571990345.4855789,0.02926213709384324,0.06614048237787541,1562041816.1369023,-0.585028259637374
dogecoin,2025-03-25 00:00:00,0.1826162523195907,1592931137.3506715,0.05885993090051844,0.06695829372150879,1584242800.882654,-0.559869905160247
dogecoin,2025-03-26 00:00:00,0.190982071883125,1696540510.903378,0.04479258991857832,0.06769139344805164,1617616149.7044818,-0.5397071380946588
dogecoin,2025-03-27 00:00:00,0.1949322484166584,2258885477.8762884,0.020472495019126763,0.06266444904645553,1613348860.1754124,-0.5301866734577261
dogecoin,2025-03-28 00:00:00,0.1907410709770958,1368405082.3626633,-0.021735195185769003,0.06274213513663063,1549129291.3708115,-0.5402879831743259
dogecoin,2025-03-29 00:00:00,0.1802768846802782,1384586893.3114476,-0.056422941766131725,0.0630955808436897,1528250376.4814317,-0.5655081004899472
dogecoin,2025-03-30 00:00:00,0.1695562956056713,1145772000.0759876,-0.06130891807657851,0.06376160173220996,1521175444.5983593,-0.5913461834985019
dogecoin,2025-03-31 00:00:00,0.1664249255595357,830307371.9494493,-0.018640688950165196,0.06372439596348331,1462962447.9627297,-0.5988932127353743
dogecoin,2025-04-01 00:00:00,0.1665841627974831,1345691695.4520378,0.0009563537792299385,0.06353232912359659,1469230636.6612375,-0.5985094292563597
dogecoin,2025-04-02 00:00:00,0.1742689046412632,1226397943.461258,0.04509887126632996,0.05711664288680867,1406868078.0291097,-0.5799881524611119
dogecoin,2025-04-03 00:00:00,0.1642414521307601,1764099720.7163243,-0.05926192105222801,0.047637069210361226,1374311072.1870966,-0.6041556817384356
dogecoin,2025-04-04 00:00:00,0.1620194682523818,1222246072.0530603,-0.01362111177920283,0.047638491178089215,1337063547.3591452,-0.6095109661816382
dogecoin,2025-04-05 00:00:00,0.17105607575055,1761401248.3904846,0.054274928702256635,0.04855163627368582,1348863605.849351,-0.5877315086323841
dogecoin,2025-04-06 00:00:00,0.1693683466058581,641157289.4817889,-0.009915522281122826,0.048531654719147124,1312046386.9390066,-0.5917991662427105
dogecoin,2025-04-07 00:00:00,0.1489432542832566,1301616555.750496,-0.1285105191610395,0.05343285150099941,1295457588.0319984,-0.6410264267240214
dogecoin,2025-04-08 00:00:00,0.1491849702044349,3584892367.483011,0.001621557130718665,0.05330238732888347,1384255361.2370121,-0.6404438583602469
dogecoin,2025-04-09 00:00:00,0.1419815147294405,1942313541.7331955,-0.04949007563456316,0.048388325971748726,1390967358.3637712,-0.657805169312104
dogecoin,2025-04-10 00:00:00,0.1605589450458274,2380965896.56504,0.12296426283386475,0.051636132727719275,1393182365.8737044,-0.6130310264679015
dogecoin,2025-04-11 00:00:00,0.1539029884957912,1258486079.0766785,-0.042338674917060705,0.05093612507152188,1356032303.3839316,-0.6290727902781122
dogecoin,2025-04-12 00:00:00,0.1599889983841706,884950609.7365417,0.03878259368831716,0.05068756889569227,1331385635.6263304,-0.6144046757190625
dogecoin,2025-04-13 00:00:00,0.1676649778139498,878035311.5158367,0.04686275592987045,0.05082458373591088,1312306918.9556344,-0.5959045175376086
dogecoin,2025-04-14 00:00:00,0.1626693771408809,883332811.3620282,-0.03024802890314743,0.050538349871680106,1307275467.3297386,-0.6079445970491049
dogecoin,2025-04-15 00:00:00,0.1585994925425438,981131649.7028836,-0.02533767020755425,0.05045516902927261,1315969919.7601392,-0.6177535744621235
dogecoin,2025-04-16 00:00:00,0.1534660991240261,766817730.5676734,-0.03290241956646365,0.0501434570271088,1310626693.9243464,-0.6301257532985829
dogecoin,2025-04-17 00:00:00,0.1547175558338796,811820241.5800865,0.008121544205860372,0.04977729362620909,1303742827.5618663,-0.627109571806523
dogecoin,2025-04-18 00:00:00,0.1558715378753079,576830755.033105,0.007430958619960164,0.04954299650259784,1287324205.807112,-0.6243283175704634
dogecoin,2025-04-19 00:00:00,0.1576167001748388,463491541.12553006,0.011133944536877006,0.0483695819651342,1258742218.1801372,-0.6201222382174654
dogecoin,2025-04-20 00:00:00,0.1573112204332398,465683707.3180399,-0.0019399984403900136,0.047632932958847636,1239664411.7908196,-0.6208584860920866
dogecoin,2025-04-21 00:00:00,0.1550297948790203,627635503.5448277,-0.014608815473500967,0.0476276999297212,1235168467.3229024,-0.626357033087735
dogecoin,2025-04-22 00:00:00,0.1590843622716953,1073037989.6116908,0.02581731836506663,0.04790448058897166,1256381836.0192363,-0.6165849722311297
dogecoin,2025-04-23 00:00:00,0.1784682830225463,1711081936.272815,0.11497625744605221,0.052177896112585734,1294351555.712144,-0.5698670773555538
dogecoin,2025-04-24 00:00:00,0.178401008327384,1995530473.1645608,-0.0003770270941762875,0.05102867548617076,1307771533.5726068,-0.5700292185537549
dogecoin,2025-04-25 00:00:00,0.1827667552587444,1582350788.3865557,0.024176906280276352,0.050530199142330576,1303965209.4887128,-0.5595071725335394
dogecoin,2025-04-26 00:00:00,0.1820310396867526,1843701071.997428,-0.004033558204945264,0.05036111822417698,1290125729.2927508,-0.5612803474857291
dogecoin,2025-04-27 00:00:00,0.1818819719415684,1565227653.8490603,-0.0008192493742099428,0.050227130872929036,1296686481.6756308,-0.5616396210990691
dogecoin,2025-04-28 00:00:00,0.1796182711910867,1169887084.9933372,-0.0125240875069123,0.049203458108792425,1289529821.3983603,-0.5670954488983095
dogecoin,2025-04-29 00:00:00,0.1790690164012989,1425140393.9800472,-0.0030625853666714116,0.047835980107879636,1298842101.1951625,-0.5684192279138673
dogecoin,2025-04-30 00:00:00,0.1743994572029966,1024411673.6699724,-0.02642289891490392,0.047971667094987104,1305312244.5858464,-0.5796735029671735
dogecoin,2025-05-01 00:00:00,0.1724103485197474,984673872.4637718,-0.01147101645717337,0.048030680883088844,1293278317.1529043,-0.5844675264031212
dogecoin,2025-05-02 00:00:00,0.1807037410904742,1082529407.4818535,0.0469815180621932,0.04809127993460792,1288482699.2869241,-0.5644793182763371
dogecoin,2025-05-03 00:00:00,0.181388087156242,1034181805.0957792,0.0037799631320939373,0.04671550405265846,1264152102.0995727,-0.5628299508459812
dogecoin,2025-05-04 00:00:00,0.1757678516170196,588937633.3899407,-0.031474764383220354,0.04705114785707642,1243041820.810802,-0.5763754856463048
dogecoin,2025-05-05 00:00:00,0.1707123265697739,630425272.9600186,-0.02918426037166469,0.04635970564302493,1205342621.6297867,-0.5885599910791233
dogecoin,2025-05-06 00:00:00,0.1706549062111707,692750494.2443322,-0.00033641400597805203,0.04632250829875176,1207062395.1218712,-0.58869838198112
dogecoin,2025-05-07 00:00:00,0.1723247777962798,858252275.6780319,0.009737514247094887,0.03943589467931425,1192283585.7861223,-0.5846737635269089
dogecoin,2025-05-08 00:00:00,0.1721156267282522,712638970.1262684,-0.0012144399494716602,0.039447324124973336,1096541805.8742309,-0.5851778461495537
dogecoin,2025-05-09 00:00:00,0.1971864265794884,2184563689.3913965,0.13598310969100313,0.04481924884873758,1104616810.796171,-0.5247537963945402
dogecoin,2025-05-10 00:00:00,0.2051831548214533,2680468298.856808,0.039753409346762345,0.03995927433073491,1114600224.2058969,-0.5054805897941539
dogecoin,2025-05-11 00:00:00,0.2480861801096543,3646454138.724175,0.18987316782930574,0.05084488639066835,1194199159.52748,-0.4020784426733059
dogecoin,2025-05-12 00:00:00,0.2315621046312695,3947378387.203857,-0.06892807814922099,0.05293444217896037,1296280085.443057,-0.44190372007913586
dogecoin,2025-05-13 00:00:00,0.2314181376415649,5064612800.031126,-0.000621914203673574,0.05257480192196742,1435832668.3935666,-0.4422507001755272
dogecoin,2025-05-14 00:00:00,0.2406361550496534,3014744188.0036798,0.03905986872548253,0.05223316138791868,1506879714.2816215,-0.420034019981279
dogecoin,2025-05-15 00:00:00,0.2326880678038404,2454948301.1486807,-0.03358727078631869,0.05246344574200609,1556006935.9964817,-0.43918999514154144
dogecoin,2025-05-16 00:00:00,0.2188193912978982,2678224342.760629,-0.06145209953235685,0.053567931131075046,1619720489.7362468,-0.47261539856718915
dogecoin,2025-05-17 00:00:00,0.2225780495761936,1958996831.8259764,0.017031132411108485,0.05357138525621488,1657959709.41111,-0.46355651906723516
dogecoin,2025-05-18 00:00:00,0.2148831159061006,1513815302.0764408,-0.0351835913581523,0.05426062048858983,1689192527.6458879,-0.48210235955506076
dogecoin,2025-05-19 00:00:00,0.230646755875564,2570476559.8316875,0.07079311141565903,0.05535912209604202,1759425361.6027596,-0.4441098355236422
dogecoin,2025-05-20 00:00:00,0.2245051433350097,2376793956.561148,-0.026988727667277924,0.055774739350750994,1823129036.57753,-0.4589119600640832
dogecoin,2025-05-21 00:00:00,0.2262524320952927,1922612443.9864995,0.0077527150166210555,0.055557866294200536,1866294934.592252,-0.45470075565041507
dogecoin,2025-05-22 00:00:00,0.2341442300716922,3004714773.9630966,0.03428596119410199,0.05564877305038889,1930684160.7372992,-0.4356804453128107
dogecoin,2025-05-23 00:00:00,0.2448687893511797,2941230875.165313,0.044785220107169156,0.052600427392429316,1971689125.3670492,-0.4098327935685688
dogecoin,2025-05-24 00:00:00,0.2256050681389216,3637150461.689047,-0.08193652888962374,0.05522647601690194,2026409791.6511986,-0.45626099114914176
dogecoin,2025-05-25 00:00:00,0.2252660577106521,1259477163.8986466,-0.0015038021852377026,0.05516327113242122,2015647337.5016017,-0.4570780525555098
dogecoin,2025-05-26 00:00:00,0.2241005185873167,1545639564.3810167,-0.005187487448044711,0.05517160926623924,2005711953.914388,-0.459887160936484
dogecoin,2025-05-27 00:00:00,0.2257235127127771,1143793583.726899,0.007216160344333606,0.05515218975309636,1991664151.5769827,-0.4559755235587049
dogecoin,2025-05-28 00:00:00,0.2261370108907294,1456507542.766112,0.0018302032232307033,0.05503733184141372,2001218166.836075,-0.45497893650817384
dogecoin,2025-05-29 00:00:00,0.2210644377268714,1226851069.773066,-0.022686826017402104,0.05528543847188648,1994608522.6958423,-0.46720453022906144
dogecoin,2025-05-30 00:00:00,0.2158365331821545,1584406711.2735288,-0.023932902093170606,0.05523534154975384,2013275023.9492943,-0.47980449378023865
dogecoin,2025-05-31 00:00:00,0.1929389836211551,2378183690.790229,-0.11214733847084211,0.05931089743618278,2059725351.2268426,-0.5349907136915071
dogecoin,2025-06-01 00:00:00,0.1929570733681181,1504531665.3964665,9.375450538359115e-05,0.05874750336146616,2073792093.15733,-0.5349471149321123
dogecoin,2025-06-02 00:00:00,0.1939616651140137,911443941.2315272,0.005192790647685837,0.05874939066551429,2069700831.0285215,-0.5325259116997599
dogecoin,2025-06-03 00:00:00,0.1956146290710917,978658402.706214,0.008486008523733908,0.05841079546575553,2082691523.339064,-0.5285420429369609
dogecoin,2025-06-04 00:00:00,0.1932015824493309,1022043262.7615936,-0.012412433079630594,0.05816627810306624,2095745456.33245,-0.5343578146713939
dogecoin,2025-06-05 00:00:00,0.1883982990333597,747043585.3475871,-0.02517577886024639,0.05840826387497215,2097555226.0358918,-0.5459343833423675
dogecoin,2025-06-06 00:00:00,0.1718712124430595,1685747847.4578166,-0.091812902133056,0.060911164907082045,2125138411.7618845,-0.5857669179389243
dogecoin,2025-06-07 00:00:00,0.1793030276082122,1265730397.487727,0.042331834697709736,0.06140029245680234,2143574792.6739328,-0.5678552289631492
dogecoin,2025-06-08 00:00:00,0.1850166404106829,803511327.8148144,0.031368503018277094,0.056245452050393434,2097539713.9547133,-0.5540846422125895
dogecoin,2025-06-09 00:00:00,0.1842227039596668,678570070.0225133,-0.004300395863385411,0.05568673181355513,2030809772.9935706,-0.5559981374302599
dogecoin,2025-06-10 00:00:00,0.1948197885280183,1210257482.7317543,0.055929596532844524,0.04372539382057126,1949603217.7938232,-0.5304577171398964
dogecoin,2025-06-11 00:00:00,0.1978597109301792,1443670215.5619726,0.015483279043858445,0.042368127981324395,1866146278.7390938,-0.5231310892074216
dogecoin,2025-06-12 00:00:00,0.1930335430982705,1615125585.5308516,-0.024694276672080462,0.04250532290899785,1751163371.5890844,-0.5347628124444813
dogecoin,2025-06-13 00:00:00,0.1816974462150641,1226127047.8703182,-0.06052105188983479,0.04274904168229377,1691542800.2513058,-0.5620843532873333
dogecoin,2025-06-14 00:00:00,0.180136787470498,1845801962.625249,-0.008626427669519213,0.04250354302890735,1671237922.3005247,-0.5658457538885036
dogecoin,2025-06-15 00:00:00,0.1784162711217158,769990081.9494456,-0.009597070854844191,0.04131503316330553,1607630113.6068187,-0.5699924331360747
dogecoin,2025-06-16 00:00:00,0.1757790672467772,738625978.9442667,-0.01489151507088256,0.04109045420201659,1566951085.1774282,-0.5763484544476782
dogecoin,2025-06-17 00:00:00,0.1737859993456644,1199123760.8001316,-0.011403253292678193,0.04077349520600586,1556461367.1348846,-0.5811520201391024
dogecoin,2025-06-18 00:00:00,0.1699373394990755,1280430419.764675,-0.022394875540636298,0.03809856857726799,1513459829.1326509,-0.5904278157036761
dogecoin,2025-06-19 00:00:00,0.1703797194594457,1049946144.9695418,0.0025998121333990773,0.038031406261917075,1469231568.746264,-0.5893616196152129
dogecoin,2025-06-20 00:00:00,0.1709209807080244,588664783.4255879,0.0031717585230427174,0.037970158137845274,1424766646.727567,-0.5880571061250712
dogecoin,2025-06-21 00:00:00,0.1623319333361646,1237051244.9392583,-0.051558138413615257,0.03780272300309964,1365844529.0934389,-0.608757882678869
dogecoin,2025-06-22 00:00:00,0.1530800221511872,917363601.712149,-0.05868240490392243,0.03713755817810582,1298382286.6450002,-0.6310562515018514
dogecoin,2025-06-23 00:00:00,0.1511478178897417,2107400665.563507,-0.012702520859774472,0.03496449528949245,1247390626.7741487,-0.6357131275139136
dogecoin,2025-06-24 00:00:00,0.1644725669430724,1476052213.0260837,0.08448550559381315,0.039233211874625834,1254609795.0783968,-0.603598663494058
dogecoin,2025-06-25 00:00:00,0.1656151610496857,1203882777.0264912,0.006922999998041851,0.039351720447066085,1243217902.1665792,-0.6008448557353325
dogecoin,2025-06-26 00:00:00,0.1644839066154297,920508730.9793872,-0.00685405669840644,0.03922209242906857,1235775073.741662,-0.6035713333358347
dogecoin,2025-06-27 00:00:00,0.1600423291811019,1004177048.9592904,-0.027374395667924115,0.039266625175990603,1220697390.6147683,-0.6142761412189119
dogecoin,2025-06-28 00:00:00,0.1610085986478116,689269157.2256726,0.006019433682121927,0.03933491461694946,1202777993.529855,-0.6119472999103114
dogecoin,2025-06-29 00:00:00,0.1637313288044104,431899971.54874885,0.016769074137105402,0.039559289814129255,1164361102.2056959,-0.6053851485857419
dogecoin,2025-06-30 00:00:00,0.1695476097006763,610468369.8983374,0.034906925124229826,0.035239332643214015,1105437258.175966,-0.5913671177151483
dogecoin,2025-07-01 00:00:00,0.1651364795921971,945647952.4686168,-0.026361489525087104,0.03545573132260317,1086807801.078371,-0.601998543386932
dogecoin,2025-07-02 00:00:00,0.1575952425941886,740706410.3175782,-0.04674229066189363,0.036191566659494655,1081116550.047906,-0.6201739539157487
dogecoin,2025-07-03 00:00:00,0.168925810013558,1296201165.0491903,0.06942963415132421,0.03870903702823624,1091701308.792672,-0.5928657398355046
dogecoin,2025-07-04 00:00:00,0.1719704582267762,1460263401.587677,0.017863083032092154,0.038900329184521375,1106308646.7535412,-0.5855277220533182
dogecoin,2025-07-05 00:00:00,0.1628779247346829,1166672769.5388994,-0.05432171535447358,0.03980398126522422,1120296286.226585,-0.6074419688817169
dogecoin,2025-07-06 00:00:00,0.1643143397064054,504646523.890461,0.008780306602825657,0.036309338818939246,1080926242.1076732,-0.6039800127321237
dogecoin,2025-07-07 00:00:00,0.1718463077672067,1283597162.627385,0.04481921904337963,0.036415562519461986,1081521800.945662,-0.5858269416071675
dogecoin,2025-07-08 00:00:00,0.1678635660061888,1345775650.558815,-0.02344897549858292,0.036087622135625885,1099597278.3704617,-0.5954258928874255
dogecoin,2025-07-09 00:00:00,0.1709849624423695,914434551.8923894,0.018424071342671298,0.03630251942831348,1107459427.7661242,-0.587902901411922
dogecoin,2025-07-10 00:00:00,0.1808254792063135,1840121813.7065065,0.055956749140494824,0.0363040263531935,1128454905.4652827,-0.5641859128001575
dogecoin,2025-07-11 00:00:00,0.1939338351079028,4680808041.302957,0.0699846819028348,0.03852963168029805,1236359499.656649,-0.5325929858132269
dogecoin,2025-07-12 00:00:00,0.2010473247353321,11922106373.55608,0.036023282044726795,0.03881767669188363,1579925525.9241567,-0.515448504834158
dogecoin,2025-07-13 00:00:00,0.1969316863516775,4736930630.668871,-0.02068342797934684,0.03727883008211057,1696952312.0174417,-0.525367755115091
dogecoin,2025-07-14 00:00:00,0.1981830429850487,4047927478.517369,0.006334164354450879,0.037222336306870725,1770356495.8805122,-0.5223518148210138
dogecoin,2025-07-15 00:00:00,0.1972015956522924,7958901487.951687,-0.004964529486590345,0.03717707336100589,2009986876.080587,-0.5247172368585348
dogecoin,2025-07-16 00:00:00,0.1988073865760867,6150062246.882272,0.008109915668675437,0.03702505190611064,2190368085.0118537,-0.5208470615449733
dogecoin,2025-07-17 00:00:00,0.2131701986937938,8703908987.238749,0.06975445218792029,0.03877645753523859,2440527592.559808,-0.4862307238464593
dogecoin,2025-07-18 00:00:00,0.2190485448253488,10686934874.27719,0.027202469585965294,0.03854502034860853,2754077741.043558,-0.47206310728703965
dogecoin,2025-07-19 00:00:00,0.2362331047425073,22595520295.463337,0.07552567837772742,0.04041667491575869,3472263546.060018,-0.43064597222897344
dogecoin,2025-07-20 00:00:00,0.2413627337139756,13194109287.318554,0.02148187158008542,0.04043430289862537,3892445029.523117,-0.41828286622374256
dogecoin,2025-07-21 00:00:00,0.2729463420083506,19568264636.543987,0.12297430536739262,0.04348868272907255,4503485475.909942,-0.3421620591355685
dogecoin,2025-07-22 00:00:00,0.2712676656637909,19724089022.900936,-0.006169196841504766,0.041327140509328474,5130376323.282901,-0.34620789826188736
dogecoin,2025-07-23 00:00:00,0.2696530586867114,13570193608.69496,-0.005969864712807285,0.0411666144557696,5512469421.387282,-0.35009932146723965
dogecoin,2025-07-24 00:00:00,0.2406545524149083,13277090960.170126,-0.11377365216065448,0.045973614538420075,5905837379.625417,-0.4199896798198115
dogecoin,2025-07-25 00:00:00,0.231756125113587,13115780350.729208,-0.03767687880287,0.046878655290199196,6302900632.082173,-0.4414361042333468
dogecoin,2025-07-26 00:00:00,0.2364824683396843,10617550354.59215,0.020188441613529808,0.046779406728570665,6626135352.8692665,-0.4300449719221496
dogecoin,2025-07-27 00:00:00,0.2358045748473756,2550054072.1875014,-0.0028706862388957117,0.046277593019813046,6677664586.976873,-0.43167878776970586
dogecoin,2025-07-28 00:00:00,0.240516488081223,2320603450.9149795,0.019785255402712587,0.04627507046499129,6732042396.766517,-0.4203224337094957
dogecoin,2025-07-29 00:00:00,0.2251397569003692,3724637353.297932,-0.06606729355101104,0.048484394339139134,6841800309.491489,-0.45738245474809713
dogecoin,2025-07-30 00:00:00,0.2234316743871016,2278033222.709292,-0.007615691279811893,0.04837121991050361,6897385804.585189,-0.46149916675488456
dogecoin,2025-07-31 00:00:00,0.2203174498049267,2167890918.319192,-0.014036199921445662,0.04811040941998362,6938127236.780208,-0.46900487308329053
dogecoin,2025-08-01 00:00:00,0.2096463144206449,1805683883.512388,-0.04964756616896772,0.048230527579398524,6973626485.886702,-0.4947237659478329
dogecoin,2025-08-02 00:00:00,0.2010203069750151,3428039994.5355105,-0.04201596110254375,0.04774594073002046,7044687780.202912,-0.5155136213243917
dogecoin,2025-08-03 00:00:00,0.1916269540469158,2210274745.363327,-0.0478553982981943,0.048671933223568546,7069688158.328767,-0.5381528840548102
dogecoin,2025-08-04 00:00:00,0.198863287792426,1336955076.0650904,0.03706705823246794,0.04777284227773557,7075364235.212973,-0.5207123319831924
dogecoin,2025-08-05 00:00:00,0.210479556777086,1782468201.5756187,0.056770938341075224,0.048642083560650036,7117958291.135813,-0.49271553813291147
dogecoin,2025-08-06 00:00:00,0.1996421893552106,1463965752.726498,-0.05286181990065056,0.04937384087094955,7123970577.472448,-0.5188350728983917
dogecoin,2025-08-07 00:00:00,0.205244816786243,1137499719.461071,0.02767678378361888,0.049240271042270925,7117028046.435857,-0.5053319760422771
dogecoin,2025-08-08 00:00:00,0.2224259490609298,1915221615.4491136,0.08039073816170642,0.05101662518219873,7150387615.221082,-0.46392310207043397
dogecoin,2025-08-09 00:00:00,0.2303520188307014,2514417767.505087,0.0350144225291181,0.05048920428671952,7172864147.014368,-0.4448201920327723
dogecoin,2025-08-10 00:00:00,0.2407910760333934,2862262009.5341763,0.04432099755445062,0.04961379987624145,7112245945.955408,-0.4196606392640643
dogecoin,2025-08-11 00:00:00,0.2339151503650981,2105690993.7302308,-0.028971208762799294,0.04973131190116544,6785032099.961213,-0.43623255867461963
dogecoin,2025-08-12 00:00:00,0.2227966950543428,2650792083.358086,-0.0486987700679131,0.05048840910900774,6715494148.384187,-0.4630295536202295
dogecoin,2025-08-13 00:00:00,0.23628639605846,2434867946.673603,0.058784937643298056,0.0514666426658604,6661725497.322728,-0.43051753288337047
dogecoin,2025-08-14 00:00:00,0.2454991943797094,3743269059.856254,0.038249053781607985,0.051757099424077795,6521204416.386214,-0.4083134314007993
dogecoin,2025-08-15 00:00:00,0.224189918085675,5195154170.928724,-0.09080012444893525,0.05476672708440364,6489374147.187762,-0.45967169594258955
dogecoin,2025-08-16 00:00:00,0.2282126367113027,4256951653.8378463,0.017784270260887854,0.05342068238049946,6341142236.074399,-0.44997639496186065
dogecoin,2025-08-17 00:00:00,0.2310192061603835,2650090531.492213,0.012223039124905223,0.05324936527655613,6073247424.648233,-0.4432121794985157
dogecoin,2025-08-18 00:00:00,0.2354356378581495,2391323803.13488,0.01893672552083243,0.051520939955963886,5399774208.237285,-0.4325679762728945
dogecoin,2025-08-19 00:00:00,0.2224605648237359,3164132782.146252,-0.05668772698708391,0.05236099271441366,5065441658.064876,-0.46383967335708953
dogecoin,2025-08-20 00:00:00,0.2091104749948552,2846325133.964973,-0.061887148347497443,0.04773190358787852,4508043674.645574,-0.4960152121049853
dogecoin,2025-08-21 00:00:00,0.2215865077683421,3185686320.838252,0.05795036669435337,0.04926832340297917,3956763584.576818,-0.46594627016761103
dogecoin,2025-08-22 00:00:00,0.2146036803461823,2104104384.2466068,-0.03202008765224935,0.049483320367971255,3574560610.4285398,-0.4827758373968533
dogecoin,2025-08-23 00:00:00,0.2406188355681229,4456223342.6748,0.11442110645034209,0.05013606868902171,3280531689.845362,-0.4200757622958417
dogecoin,2025-08-24 00:00:00,0.2359037954047403,2481978240.0255656,-0.019790010970632703,0.0497776940025909,2926071619.4885736,-0.4314396526830513
dogecoin,2025-08-25 00:00:00,0.2317500228704948,3119480075.408564,-0.01776477219304684,0.049744737000606304,2676135943.5157876,-0.4414508114721429
dogecoin,2025-08-26 00:00:00,0.2097748556891842,3209114651.504627,-0.09962446330755524,0.05292675038513276,2698104629.4930253,-0.49441396394502973
dogecoin,2025-08-27 00:00:00,0.2184818244038971,2156426666.2800384,0.04066798774504721,0.053384332075477804,2692632070.005194,-0.473428980858931
dogecoin,2025-08-28 00:00:00,0.2194773258086598,2129501447.3323112,0.0045461003327987096,0.0520572037827101,2639460873.139673,-0.4710296865895221
dogecoin,2025-08-29 00:00:00,0.2243655386891273,1798100079.4822326,0.022027663048943186,0.05220545913662306,2623463101.6987705,-0.45924842631641194
dogecoin,2025-08-30 00:00:00,0.2141282459426314,2262984917.085615,-0.04670147532026306,0.0528479985164824,2626632901.657652,-0.4839216992052466
dogecoin,2025-08-31 00:00:00,0.2158248863195881,953490709.0340126,0.007892251765507492,0.052057914439375456,2598226462.5083723,-0.4798325643087969
dogecoin,2025-09-01 00:00:00,0.2138121881539986,980742706.5821916,-0.00936936316193869,0.05146624899775319,2516649886.2432623,-0.4846834416171013
dogecoin,2025-09-02 00:00:00,0.2101201468972093,2610554715.582383,-0.017418509038016127,0.05074332739474779,2529992551.9172306,-0.49358176500213685
dogecoin,2025-09-03 00:00:00,0.2148148433647731,1960119906.0495565,0.022096968238606313,0.05047035911023548,2550764712.9167128,-0.482266905698724
dogecoin,2025-09-04 00:00:00,0.2206086971215818,1644323428.7362218,0.026614067455624425,0.04964725105102565,2546159887.1554,-0.4683029272954814
dogecoin,2025-09-05 00:00:00,0.2124843324632277,1348159815.400276,-0.037522274829274144,0.04914379896853855,2542299689.244525,-0.4878837550814786
dogecoin,2025-09-06 00:00:00,0.217905222803472,2080964319.0678816,0.025191954410783854,0.049101242324131086,2573748509.2314196,-0.4748186694209091
dogecoin,2025-09-07 00:00:00,0.2160115789297136,1109021902.7686205,-0.008728198068797302,0.046838469142395096,2546875185.475403,-0.47938260963523033
dogecoin,2025-09-08 00:00:00,0.2284920930759329,1803098275.17244,0.05616959372563246,0.04755279781012819,2523164535.730981,-0.44930286697787264
dogecoin,2025-09-09 00:00:00,0.2420445198406799,3499691101.119174,0.057620069391645615,0.048042295524439005,2544412172.1171474,-0.4166396685959562
dogecoin,2025-09-10 00:00:00,0.240932914270613,3983679513.3099904,-0.00460314480291945,0.047737584618006076,2607011789.436473,-0.41931878975173215
dogecoin,2025-09-11 00:00:00,0.2454387645642894,2768174631.6824803,0.01852895389349292,0.04689535248095411,2610924541.0472865,-0.4084590755045092
dogecoin,2025-09-12 00:00:00,0.2556830995589613,3698334549.8680463,0.04089130069878946,0.046274020545293705,2653040094.4871006,-0.3837688298363177
dogecoin,2025-09-13 00:00:00,0.2755136427995465,4346151545.9657545,0.07469836220030296,0.04769808977313179,2673136177.3574176,-0.33597451379741466
dogecoin,2025-09-14 00:00:00,0.2893844073397744,8814134295.680807,0.04911878596718222,0.04488207747305681,2793768848.182487,-0.3025440779241259
dogecoin,2025-09-15 00:00:00,0.2784558102769998,5536012339.200093,-0.03849655715937029,0.04565066162864654,2836404204.361229,-0.32888348857683497
dogecoin,2025-09-16 00:00:00,0.2685387946986924,5596117361.866423,-0.03626398603300446,0.04629962892782417,2934605098.707036,-0.3527848497731489
dogecoin,2025-09-17 00:00:00,0.2696531218328301,4041455928.527943,0.004141008782472618,0.04622497823473028,2989609502.8868046,-0.35009916927647433
dogecoin,2025-09-18 00:00:00,0.282117441910369,4796448210.873294,0.045187045849791496,0.04530605211818684,3044020017.177706,-0.320058456535094
dogecoin,2025-09-19 00:00:00,0.2787643266477094,4321656784.85898,-0.011956727418312284,0.043535774056061315,3093197738.8741727,-0.32813992201156345
dogecoin,2025-09-20 00:00:00,0.2653067137191932,3277904141.6950765,-0.04948015053474548,0.04383746960548864,3096271666.2360673,-0.3605746061062666
dogecoin,2025-09-21 00:00:00,0.2675556740415389,1792202405.1960874,0.008441104974231783,0.04324575000073854,3085874933.6010494,-0.3551543047508725
dogecoin,2025-09-22 00:00:00,0.2613348265545181,1734698906.3081462,-0.023525226416128923,0.03854720453890968,2995157452.3888273,-0.3701473963277079
dogecoin,2025-09-23 00:00:00,0.2412838688727308,5203576972.387224,-0.07982832604731716,0.04122354974206453,3085877410.1342163,-0.41847294125603407
dogecoin,2025-09-24 00:00:00,0.2376101973359717,2774165344.545794,-0.015342614827007082,0.041188390717420954,3074366919.105457,-0.4273269911083671
dogecoin,2025-09-25 00:00:00,0.2407374057852932,3202133565.311215,0.013075232243363858,0.03659326881885469,3074134216.2323437,-0.4197899918878662
dogecoin,2025-09-26 00:00:00,0.2223938841270395,4145472954.1742296,-0.07925667432205631,0.03898805024253192,3140435759.16215,-0.4640003829379083
dogecoin,2025-09-27 00:00:00,0.2324576489429464,2901374244.867177,0.0442579907815254,0.03979279245859011,3166164852.4133124,-0.43974533604800503
dogecoin,2025-09-28 00:00:00,0.2308267057962403,1270819090.2145033,-0.007040815721879767,0.03963978445629467,3148588819.4377217,-0.44367613165201164
dogecoin,2025-09-29 00:00:00,0.2373584240120973,1503357189.300699,0.027904098678908154,0.03888042411935681,3123267895.178224,-0.4279337991854545
dogecoin,2025-09-30 00:00:00,0.2351709355607353,2294600863.467682,-0.009258701215616191,0.038938647721296266,3167971566.99268,-0.4332059449409916
dogecoin,2025-10-01 00:00:00,0.2327703853015738,2028125144.741923,-0.010260138231072753,0.03894863427611867,3202884314.9313374,-0.4389915987358319
dogecoin,2025-10-02 00:00:00,0.2480669301775012,2779083637.10888,0.06364609264058572,0.04028439364543332,3208501945.648887,-0.4021248376373717
dogecoin,2025-10-03 00:00:00,0.2617674571494343,3461397003.0761466,0.053757952005365754,0.04113893381268036,3258544515.5497737,-0.3691046975407577
dogecoin,2025-10-04 00:00:00,0.2585990689382798,3163596710.6928363,-0.01217767556942233,0.0410974431845475,3309186958.2816606,-0.3767409456082304
dogecoin,2025-10-05 00:00:00,0.2508871429506202,1913004411.6609137,-0.03027565759868043,0.040857692029958335,3328015111.490349,-0.3953277399008085
dogecoin,2025-10-06 00:00:00,0.2529628402753683,3110470554.8030787,0.008239393218939116,0.040693392327561924,3362331986.0148554,-0.39032502601967384
dogecoin,2025-10-07 00:00:00,0.2663063497515599,3799101519.920578,0.0514047353317666,0.04146884771457481,3452001306.5865874,-0.3581653468199637
dogecoin,2025-10-08 00:00:00,0.2474019998363525,3858405947.093655,-0.07363279355133025,0.04290597025227063,3520511562.317294,-0.40372741052118843
dogecoin,2025-10-09 00:00:00,0.2554779705215659,2833194614.214027,0.0321216415372668,0.04202296786028811,3498295012.75379,-0.38426321881613984
dogecoin,2025-10-10 00:00:00,0.2484437964891403,2920843495.681609,-0.027919535989596057,0.042359754937400226,3462867145.4995103,-0.40121653838483123
dogecoin,2025-10-11 00:00:00,0.1939856068078747,8100992365.578244,-0.2474326842872912,0.061895957136999066,3640627736.6293693,-0.5324682089495621
dogecoin,2025-10-12 00:00:00,0.1856330182417175,6261439168.809738,-0.044012260059977,0.061530822616669284,3726064557.260759,-0.5525990875054673
dogecoin,2025-10-13 00:00:00,0.207536597448536,4841592543.587542,0.11153599282575355,0.06362516859436432,3742579257.181485,-0.4998084718227202
dogecoin,2025-10-14 00:00:00,0.2139498983801294,4517341896.36684,0.030434170527752973,0.063121590363986,3599352843.8710194,-0.48435154117495843
dogecoin,2025-10-15 00:00:00,0.2046809979120128,4523252918.613466,-0.04428920849355133,0.06322033710938416,3565594196.5181317,-0.5066908564893092
dogecoin,2025-10-16 00:00:00,0.196125970301963,2627147443.7439065,-0.04269550099300848,0.06332238054120316,3466628532.580714,-0.5273096407735162
dogecoin,2025-10-17 00:00:00,0.1882065213549952,3241355827.074683,-0.04121728065951903,0.06350262253347676,3439958529.198939,-0.5463965937244918
dogecoin,2025-10-18 00:00:00,0.184914108192076,3111350004.410424,-0.017648440522309423,0.06258140516432562,3383788588.9835105,-0.5543317588548727
dogecoin,2025-10-19 00:00:00,0.189543257597345,1190809147.2150729,0.02472583352968995,0.0629814271819551,3279427001.062047,-0.543174876918632
dogecoin,2025-10-20 00:00:00,0.195205011249766,1874656604.6280692,0.029433075281726343,0.06304704625137873,3232652083.159813,-0.5295292777983611
dogecoin,2025-10-21 00:00:00,0.1999659587977904,1988836300.0409453,0.024096800014743246,0.06327129698280111,3239206546.3213086,-0.5180547443478996
dogecoin,2025-10-22 00:00:00,0.1944999115501505,2606141928.3068,-0.027715437746914408,0.06330747002135452,3268254647.054597,-0.5312286643191191
dogecoin,2025-10-23 00:00:00,0.1900132395615567,2371226307.507437,-0.023337956667642303,0.06198034645267519,3173842958.2252707,-0.5420421562332931
dogecoin,2025-10-24 00:00:00,0.1947769102679013,1629446544.6487565,0.02476110209514843,0.06224758939124945,3135685664.8953695,-0.5305610595995742
dogecoin,2025-10-25 00:00:00,0.1976413277985019,1406384513.70779,0.01459905849216118,0.062264839244992765,3075827363.1752553,-0.5236574223636202
dogecoin,2025-10-26 00:00:00,0.1965943046754672,1075226620.2515786,-0.00531167402691919,0.06073319776513242,2973485818.711167,-0.5261808910066751
dogecoin,2025-10-27 00:00:00,0.2058415103617231,1581145815.6572616,0.045964267302527936,0.06078083624093573,2929478204.4041696,-0.5038938630779024
dogecoin,2025-10-28 00:00:00,0.2005216884091494,1848345428.0483456,-0.026184092985461697,0.06091362442142835,2948729082.331964,-0.516715360128555
dogecoin,2025-10-29 00:00:00,0.1937624759770261,2597073599.5679064,-0.034289354213340624,0.060824293588116585,2985186296.007538,-0.5330059847088149
dogecoin,2025-10-30 00:00:00,0.1923552707807648,2375728222.566507,-0.0072890274454556515,0.06082257158824093,2987890541.310832,-0.5363975413124712
dogecoin,2025-10-31 00:00:00,0.1826649423653422,2891292517.566665,-0.051690472224843756,0.061374067924289344,3016662787.0716567,-0.559752555503893
dogecoin,2025-11-01 00:00:00,0.1864578910023846,1466701649.803549,0.020551869450920805,0.060129102796747436,2972916720.828146,-0.550611031558794
dogecoin,2025-11-02 00:00:00,0.1872703530598038,789950913.1850047,0.004347882988410277,0.05900232417664369,2883868517.831774,-0.5486528871009841
dogecoin,2025-11-03 00:00:00,0.186380519831446,900673677.7260317,-0.004762921620702521,0.05901345809299087,2808437750.0662146,-0.5507975066417646
dogecoin,2025-11-04 00:00:00,0.167088259411484,3426878777.3470144,-0.10926821716812986,0.061612074034654,2858900228.9224176,-0.597294487608448
dogecoin,2025-11-05 00:00:00,0.1628801500430134,4512763314.77479,-0.025507517730867124,0.061508526960632734,2905643320.921474,-0.6074366055848903
dogecoin,2025-11-06 00:00:00,0.1673636384817991,2113003898.9125488,0.027154266541565317,0.06076502416937445,2849440066.887873,-0.5966307864603019
dogecoin,2025-11-07 00:00:00,0.1611765350860604,1761191836.4377356,-0.03766866559595082,0.059927231807257696,2779532929.86601,-0.6115425501711472
dogecoin,2025-11-08 00:00:00,0.1789825325849445,2851625365.590065,0.10478796226005266,0.06324433409795335,2780147288.2452106,-0.5686276657161476
dogecoin,2025-11-09 00:00:00,0.1762601428042343,2106413764.2230885,-0.01532722989285196,0.06317583447449779,2752999630.529927,-0.5751889966883649
dogecoin,2025-11-10 00:00:00,0.1790892500019468,1521006933.2410104,0.015923297080224465,0.04490975507336832,2533666782.785352,-0.5683704621744603
dogecoin,2025-11-11 00:00:00,0.1820179445744617,2095025563.8574345,0.016220993837217382,0.044340238158049765,2394786329.286942,-0.5613119084938065
dogecoin,2025-11-12 00:00:00,0.1719548614515572,1988978371.391877,-0.056873269828852255,0.04010492536919248,2299699190.213753,-0.5855653124105242
dogecoin,2025-11-13 00:00:00,0.1699432438376936,1713240661.560612,-0.01176748742219208,0.039508826932770344,2206229149.053546,-0.5904135854416761
dogecoin,2025-11-14 00:00:00,0.1641984394529473,2562744822.687431,-0.0343888284958783,0.03923283895881988,2140878879.189345,-0.6042593481631081
dogecoin,2025-11-15 00:00:00,0.1578801789078301,2934556865.1146245,-0.0392393090498349,0.039130396949603574,2151125859.901702,-0.6194872185066415
dogecoin,2025-11-16 00:00:00,0.1631723205092692,1223449546.6316926,0.03297043944019148,0.03925251287167174,2083862317.220269,-0.6067324348805353
dogecoin,2025-11-17 00:00:00,0.158885342685653,1692258688.5815177,-0.02662399651584218,0.03938812633305294,2036559273.3593054,-0.6170646365992631
dogecoin,2025-11-18 00:00:00,0.1517259112655674,2717616379.730453,-0.04610714916877187,0.039663311809099246,2087452847.7764847,-0.6343198435695956
dogecoin,2025-11-19 00:00:00,0.161571559273133,2393557029.342254,0.06287245826290952,0.04117567412642099,2104749528.600291,-0.6105904879602987
dogecoin,2025-11-20 00:00:00,0.1541759459161039,2189972407.907937,-0.04685367980205861,0.041406313474650465,2111454065.5291905,-0.6284149256370222
dogecoin,2025-11-21 00:00:00,0.1493699180272315,2468814238.2201114,-0.03166855566711155,0.041475251240549627,2106876475.8596344,-0.6399981088623027
dogecoin,2025-11-22 00:00:00,0.1401365051422523,3589044220.798609,-0.06380891623188176,0.042607152504130545,2147470406.3026733,-0.6622518942573091
dogecoin,2025-11-23 00:00:00,0.1403374456502079,1492192275.7281125,0.0014328642055143647,0.04215856255055499,2142895264.0053186,-0.6617676002051628
dogecoin,2025-11-24 00:00:00,0.1450369793617749,1306921819.1593063,0.03293889148149599,0.0426713206243026,2139579840.8537023,-0.6504410824834281
dogecoin,2025-11-25 00:00:00,0.1518654522501746,1856045680.008868,0.04600620628906372,0.04389003471203923,2165607142.8456125,-0.6339835307496299
dogecoin,2025-11-26 00:00:00,0.153133415915494,1547034401.044387,0.008314594593262618,0.04280063803894384,2164470095.6918497,-0.6309275652417311
dogecoin,2025-11-27 00:00:00,0.1547707659597834,1513151991.0229554,0.010635552062686666,0.04284428040105215,2153296981.1243367,-0.6269813281400202
dogecoin,2025-11-28 00:00:00,0.152767756343935,920734455.214468,-0.013026257158831978,0.042580269879843306,2097419009.6458888,-0.631808854720981
dogecoin,2025-11-29 00:00:00,0.1503171183848299,1272576836.807874,-0.016171650723926595,0.042606578757256916,2060647296.7872674,-0.6377152267095554
dogecoin,2025-11-30 00:00:00,0.1485702185058908,653723151.0664574,-0.011689486674343726,0.041817875677006684,1986061651.2372603,-0.6419254938661031
dogecoin,2025-12-01 00:00:00,0.1466972817557756,721432628.5486178,-0.012686542669931255,0.04150498728954814,1961219350.528763,-0.6464395270859637
dogecoin,2025-12-02 00:00:00,0.1357782907726318,1969111942.4169123,-0.07734781512242724,0.04330817159805287,2000524718.1698265,-0.672755785775552
dogecoin,2025-12-03 00:00:00,0.1461077712279932,1467716733.3996437,0.07332116791606019,0.04594455547736065,2019426153.3589468,-0.6478603279249153
dogecoin,2025-12-04 00:00:00,0.1519490079014202,1463453403.0980887,0.03920048173066247,0.04254334046047299,1953978640.8839827,-0.6337821502249503
dogecoin,2025-12-05 00:00:00,0.1475067388405238,1199996534.8057668,-0.02967112843876097,0.042625449761859904,1843553081.551682,-0.6444886250224636
dogecoin,2025-12-06 00:00:00,0.1395574899025586,1214940408.8488455,-0.05539723142804484,0.04325133685624997,1813617631.882892,-0.6636474000193816
dogecoin,2025-12-07 00:00:00,0.1396119590845046,665841222.598522,0.000390223090920932,0.04284841274690664,1777105944.754918,-0.6635161218559582
dogecoin,2025-12-08 00:00:00,0.1381907071530774,1063844819.6406808,-0.010232186399056981,0.03752030172594571,1717513259.8899386,-0.6669415330087155
dogecoin,2025-12-09 00:00:00,0.1425783752679988,1129204428.9511545,0.031257183339329773,0.03819119343098657,1684939615.3808742,-0.6563666539439208
dogecoin,2025-12-10 00:00:00,0.1481420654338239,1718540912.263944,0.0382798645392938,0.03886744155694082,1691524081.3483052,-0.6429574012118138
dogecoin,2025-12-11 00:00:00,0.1435711895887641,1447500678.612225,-0.031340708052488425,0.038886147265850025,1669939918.5067983,-0.653973835913727
dogecoin,2025-12-12 00:00:00,0.1404521990424531,1496443910.420226,-0.021963796333286763,0.03787969439229159,1653522103.1410766,-0.6614910288662456
dogecoin,2025-12-13 00:00:00,0.1369938792828775,1073821005.3000586,-0.02493096248454785,0.03801586834415667,1632208114.599058,-0.6698260515404837
dogecoin,2025-12-14 00:00:00,0.1391364520130514,507076566.2001213,0.015518872704499906,0.037876068525301676,1563685839.3828146,-0.6646621588039153
dogecoin,2025-12-15 00:00:00,0.1342511327270273,832606252.9814545,-0.03574294996862329,0.03777397966583337,1493620818.9783754,-0.6764364451194471
dogecoin,2025-12-16 00:00:00,0.1296670313047204,1316670944.9694571,-0.034742303733598524,0.03742330927959221,1496728198.9229677,-0.6874847552677905
dogecoin,2025-12-17 00:00:00,0.1316334130023005,1055650226.5846184,0.015051017793249053,0.037468600430099946,1475507916.8564043,-0.6827455069694931
dogecoin,2025-12-18 00:00:00,0.126175298888732,1340216870.5505364,-0.042348683792043276,0.03733686453670343,1429594599.8837404,-0.6959003070047436
dogecoin,2025-12-19 00:00:00,0.1219894684041632,1757030418.0158772,-0.033737484615216355,0.03528879735839538,1408377046.1728613,-0.7059887298299599
dogecoin,2025-12-19 20:56:56,0.1328861745765308,1603198431.0692313,0.08555821508727357,0.03856692459264406,1388817913.611571,-0.6797261805761738
ethereum,2024-12-20 00:00:00,3434.6754695380805,64452959600.86389,,,,0.0
ethereum,2024-12-21 00:00:00,3468.658920056454,72936574193.4554,0.00984559724844235,,,0.0
ethereum,2024-12-22 00:00:00,3337.5972231166807,32479699770.041058,-0.03851688706292246,,,-0.037784544390326004
ethereum,2024-12-23 00:00:00,3275.8894274015142,25811397925.979923,-0.01866174072217385,,,-0.055574646310800245
ethereum,2024-12-24 00:00:00,3414.6414419807998,35528067791.09896,0.04148307938104485,,,-0.0155730151971169
ethereum,2024-12-25 00:00:00,3497.555287927574,24085249644.32143,0.023991742791802384,,,0.0
ethereum,2024-12-26 00:00:00,3494.5109273631047,17503804977.00058,-0.0008708043268212013,,,-0.0008704252867646482
ethereum,2024-12-27 00:00:00,3327.7897761683494,21239977785.94795,-0.048885078202665425,,,-0.048538335432523484
ethereum,2024-12-28 00:00:00,3328.6111553091764,24582312087.17412,0.0002467937714244412,,,-0.048303491642158775
ethereum,2024-12-29 00:00:00,3397.8341205085158,13861298668.649796,0.020583058740119696,,,-0.02851167721730192
ethereum,2024-12-30 00:00:00,3357.330742971463,11315432322.371536,-0.011991968736403187,,,-0.040092159640798423
ethereum,2024-12-31 00:00:00,3359.513941757392,27664137021.813133,0.000650066799303868,,,-0.03946795255722083
ethereum,2025-01-01 00:00:00,3336.6175137659498,21466394178.61746,-0.006838729908126511,,,-0.046014361722066105
ethereum,2025-01-02 00:00:00,3348.967247123586,13440599794.35101,0.0036944404553982705,,,-0.04248340013862428
ethereum,2025-01-03 00:00:00,3448.140436960939,22683249623.05199,0.02918306808223655,,,-0.014128397380078369
ethereum,2025-01-04 00:00:00,3604.291379593176,22019312215.3068,0.044290103472640036,,,0.0
ethereum,2025-01-05 00:00:00,3660.37804173532,15951962220.78043,0.01544124674912388,,,0.0
ethereum,2025-01-06 00:00:00,3635.854996180709,12542101206.558632,-0.006722136689144569,,,-0.00669959366901491
ethereum,2025-01-07 00:00:00,3687.144714058831,24440100572.59286,0.01400807281259902,,,0.0
ethereum,2025-01-08 00:00:00,3380.0211263090155,32832589510.813023,-0.0869704084316162,,,-0.08329577805253327
ethereum,2025-01-09 00:00:00,3325.130029353736,35080974963.72023,-0.01637317994694887,,,-0.09818293361927395
ethereum,2025-01-10 00:00:00,3219.09284475812,30096896683.041237,-0.03240918528181589,,,-0.12694155114554123
ethereum,2025-01-11 00:00:00,3269.1759954060667,26722437003.95787,0.015438369348187543,,,-0.11335837106123832
ethereum,2025-01-12 00:00:00,3283.591322828503,11047744222.743229,0.004399774927659624,,,-0.10944875303960991
ethereum,2025-01-13 00:00:00,3264.070968533687,9699706283.25854,-0.0059625592337037864,,,-0.11474291852771411
ethereum,2025-01-14 00:00:00,3134.5520394596483,41743898872.017,-0.04048890592545145,,,-0.14987008036114902
ethereum,2025-01-15 00:00:00,3224.8006483414138,22365842880.809456,0.02838486011876077,,,-0.12539352305715884
ethereum,2025-01-16 00:00:00,3447.034047674796,23773995063.82853,0.06664303109694077,,,-0.06512103131415198
ethereum,2025-01-17 00:00:00,3309.44661399002,25012556602.905136,-0.04073317566022232,,,-0.10243647303255389
ethereum,2025-01-18 00:00:00,3477.284285084809,27778832363.7708,0.04947062197780718,,26338670201.694736,-0.05691678663271296
ethereum,2025-01-19 00:00:00,3309.0995676199964,32195594202.13489,-0.04957549285452807,0.033793028042632824,25263424688.403767,-0.10253059637105492
ethereum,2025-01-20 00:00:00,3208.1365439891497,59678736709.7496,-0.030985865743257172,0.03415144765589365,24821496772.28024,-0.1299130376530262
ethereum,2025-01-21 00:00:00,3263.069869880814,49563768850.78339,0.016978177469599683,0.03363815221088135,25390965741.638317,-0.11501442906784985
ethereum,2025-01-22 00:00:00,3326.0285404709143,33762939512.697853,0.019110531597732267,0.033651609409281774,25656017127.86225,-0.09793924610851468
ethereum,2025-01-23 00:00:00,3237.2996671291435,21782301388.383984,-0.02703941552138621,0.03309529348962271,25197824914.438416,-0.12200363202845259
ethereum,2025-01-24 00:00:00,3332.580893146162,33863218042.431107,0.029007500556418927,0.033242308693974335,25523757194.37541,-0.09616216568900632
ethereum,2025-01-25 00:00:00,3311.8499838687,25895320216.86812,-0.006240106016927253,0.033252640999934156,25803474369.03766,-0.10178464890709554
ethereum,2025-01-26 00:00:00,3320.1314101789453,12706329663.414034,0.0024974227527333926,0.0320445755351124,25519019431.619858,-0.09953862198044171
ethereum,2025-01-27 00:00:00,3232.2767744705584,13000445022.22209,-0.026817590866555212,0.032413991757339396,25132957196.12146,-0.12336590366358346
ethereum,2025-01-28 00:00:00,3173.5346079397173,41151086046.07612,-0.018340787662195275,0.032299968136617584,26042616775.369003,-0.13929751771357213
ethereum,2025-01-29 00:00:00,3076.4937692857234,19807794444.483303,-0.031055423059781068,0.03268294719153674,26325695512.772728,-0.1656162131214263
ethereum,2025-01-30 00:00:00,3114.4358854363104,22051422147.78046,0.012257477735662803,0.03279508289367924,26138605016.971638,-0.15532583422582277
ethereum,2025-01-31 00:00:00,3248.249484352305,19504592311.356525,0.04206819136298123,0.033774207472802784,26073211621.39628,-0.11903390394009994
ethereum,2025-02-01 00:00:00,3296.390634843652,31441846706.25425,0.014711891843201087,0.03388554530159563,26673253185.126385,-0.10597741871244173
ethereum,2025-02-02 00:00:00,3125.0386801320924,18969060074.552982,-0.05338146212355721,0.03473161867460688,26549446866.843082,-0.15245022300954633
ethereum,2025-02-03 00:00:00,2862.6976188716285,38896518795.21238,-0.08768225709623485,0.03679516744375706,27112020419.5066,-0.22360041688725754
ethereum,2025-02-04 00:00:00,2877.8138239498767,96588727629.45804,0.005266513329898062,0.03662119321758522,29799912599.795856,-0.21950071203417404
ethereum,2025-02-05 00:00:00,2740.3809762760143,52737830809.63367,-0.04893396381671836,0.03737290961987952,31139770253.23169,-0.2567742280830127
ethereum,2025-02-06 00:00:00,2790.5521609256075,30026391038.27177,0.018142530223057285,0.03746979755131707,31325979935.420986,-0.24316717207072927
ethereum,2025-02-07 00:00:00,2686.662316793651,31349967107.97825,-0.03793983460435272,0.034949093670734926,31276559188.65983,-0.2713434038676077
ethereum,2025-02-08 00:00:00,2623.4507017824767,30948837988.08186,-0.023809135832668096,0.03503932529044311,31138821289.47188,-0.2884871885338706
ethereum,2025-02-09 00:00:00,2635.6011418023404,16335613332.591797,0.004620780323345424,0.03479758353717247,30680111844.4569,-0.285191836449225
ethereum,2025-02-10 00:00:00,2632.5358220552475,17155535243.908035,-0.0011637207286203431,0.03456515979560838,30361215119.121906,-0.2860231897008088
ethereum,2025-02-11 00:00:00,2660.2967996436387,18843420567.42921,0.010490122830814484,0.03465352987341413,30621070997.278103,-0.2784940635771337
ethereum,2025-02-12 00:00:00,2603.0333698049267,21212910085.211277,-0.021760249703957707,0.034756835100347355,31004844457.343197,-0.294024625646035
ethereum,2025-02-13 00:00:00,2736.27031360324,26503660438.84569,0.04991834803301931,0.03570813746810926,30496836509.57082,-0.2578890914777421
ethereum,2025-02-14 00:00:00,2675.7090007037627,18938191215.29619,-0.022381401490332478,0.03529504751293103,30382581454.05371,-0.2743140808926032
ethereum,2025-02-15 00:00:00,2724.669833587396,17416785872.704834,0.01813286656694235,0.03286958928514636,30170674481.016254,-0.2610352874953847
ethereum,2025-02-16 00:00:00,2692.8213863864253,8896321414.559013,-0.01175777230266277,0.03229029175183476,29633466641.40472,-0.26967298676428914
ethereum,2025-02-17 00:00:00,2659.9017474093457,8757895115.47748,-0.012300301438299783,0.030493008098013724,28999435399.794937,-0.2786012067095382
ethereum,2025-02-18 00:00:00,2741.9050800956124,24666373348.432693,0.030363778460713434,0.03031111711196166,28748461371.3382,-0.2563608719666154
ethereum,2025-02-19 00:00:00,2669.494500689608,24353300611.506603,-0.026763834604584456,0.03020199709065407,27570946834.730103,-0.2759995314230528
ethereum,2025-02-20 00:00:00,2714.8018364720533,13398586820.912325,0.016829833410640992,0.03019809570854161,26365440767.067734,-0.26371161237021723
ethereum,2025-02-21 00:00:00,2741.5933625994785,14550027648.522173,0.009820308266069932,0.029977143515558847,25725010371.595207,-0.25644541367037477
ethereum,2025-02-22 00:00:00,2658.3470942919384,31770375573.3895,-0.030834734054549028,0.030074918984720415,26057946177.762062,-0.2790228481795568
ethereum,2025-02-23 00:00:00,2764.355233404291,17576653979.14654,0.03910288261383705,0.030539592449152917,25515060708.98591,-0.25027210815350065
ethereum,2025-02-24 00:00:00,2827.1844084879804,21394599890.269897,0.022473888604129907,0.030986003716001662,25365036698.0993,-0.2332320460034782
ethereum,2025-02-25 00:00:00,2503.103420098605,31014455208.756138,-0.12174997769017334,0.03752492115353927,25975307549.610706,-0.321126884292216
ethereum,2025-02-26 00:00:00,2495.315451693047,42875934003.32394,-0.00311617529760391,0.03739519040711891,26971157182.3141,-0.3232390792315312
ethereum,2025-02-27 00:00:00,2325.853934699374,28109120496.698666,-0.07032789940691948,0.03902973905229112,26536424997.33485,-0.36919917305359573
ethereum,2025-02-28 00:00:00,2305.322937802984,89259450649.58,-0.008866485545420693,0.03883375387145976,28851480204.171402,-0.3747674375207067
ethereum,2025-03-01 00:00:00,2235.204208608959,32905594283.00643,-0.030888177406590753,0.03879455142814075,29213285942.01227,-0.39378451838728273
ethereum,2025-03-02 00:00:00,2212.8243514969954,16103021679.018568,-0.01006290569486296,0.037478082953141756,29099900254.267673,-0.39985421698810814
ethereum,2025-03-03 00:00:00,2517.3382391622977,37907412347.33495,0.12893240229101088,0.04534493014303045,29315419108.97036,-0.31726622240676944
ethereum,2025-03-04 00:00:00,2148.199533470228,33501080617.480988,-0.15857202398358405,0.052412350988849644,29799819793.734627,-0.4173812800785145
ethereum,2025-03-05 00:00:00,2171.496943535016,35524086282.76523,0.010786700446115512,0.05059305925196669,29687405376.65306,-0.411062729581715
ethereum,2025-03-06 00:00:00,2241.3841149187283,22236307931.758247,0.03167681803049962,0.05108109437582821,27208991386.729733,-0.39210845010436296
ethereum,2025-03-07 00:00:00,2202.3207363495417,19895800679.328133,-0.017581898957941444,0.05053960434035019,26114257049.05288,-0.4027029294640259
ethereum,2025-03-08 00:00:00,2140.7498089428914,21716710066.08888,-0.02835553885163298,0.05044578057993177,25837267683.313454,-0.41940173902576744
ethereum,2025-03-09 00:00:00,2199.9995000805707,11257666715.795546,0.027300987451724074,0.05055400353630937,25167524336.90736,-0.403332477921975
ethereum,2025-03-10 00:00:00,2017.265460184326,17577023963.685375,-0.08671427142078234,0.052554741339138546,24721797202.76081,-0.45289224681292534
ethereum,2025-03-11 00:00:00,1879.1231054991024,36577317615.21765,-0.07093762692448188,0.053689720826288666,25396520678.848343,-0.4903581900829294
ethereum,2025-03-12 00:00:00,1921.3099227587036,30046602111.89385,0.022201970065928518,0.05401001053833752,25826222907.7812,-0.47891659488360194
ethereum,2025-03-13 00:00:00,1910.6551381032464,24499314730.70381,-0.005561017360235603,0.05387425975050919,26014752713.22369,-0.4818063064305427
ethereum,2025-03-14 00:00:00,1862.7949366490388,19212414462.181557,-0.02536817350605399,0.05390305125169274,25948069525.789364,-0.4947865947473315
ethereum,2025-03-15 00:00:00,1910.6662703455045,12949972214.265629,0.02537399988968855,0.053124786408081916,25496279918.30336,-0.48180328722649146
ethereum,2025-03-16 00:00:00,1939.7856881721348,6944891086.050841,0.015125483086408355,0.053312361953765194,25096503247.328518,-0.47390573503235056
ethereum,2025-03-17 00:00:00,1887.7643429692785,9486242392.181334,-0.027184255368303635,0.05310823294428461,24832151797.977734,-0.4880145778462771
ethereum,2025-03-18 00:00:00,1929.183357761872,11251166846.249077,0.021703541088103177,0.05346868516831139,24910646645.700733,-0.47678122032855735
ethereum,2025-03-19 00:00:00,1932.7964059050655,10887619567.393353,0.001871086550624099,0.05352044021062805,24981637460.7646,-0.47580131625009325
ethereum,2025-03-20 00:00:00,2060.728601068271,20374739988.65224,0.06409174087791421,0.0547516540254521,24838583015.438583,-0.4411044966011631
ethereum,2025-03-21 00:00:00,1980.831780524645,14303790085.616615,-0.0395427624400356,0.05493982402897111,24503599331.24225,-0.46277351876863726
ethereum,2025-03-22 00:00:00,1964.5293833168291,9890112887.282017,-0.008264130614605885,0.05470864830268467,24386650200.12124,-0.4671949338396693
ethereum,2025-03-23 00:00:00,1979.5449257665969,6195605844.536302,0.007614265766500297,0.05468147707660175,24108169473.321712,-0.46312252995692654
ethereum,2025-03-24 00:00:00,2001.0470230951885,7991413702.677865,0.010803572304367258,0.05468531554588037,23315537410.964657,-0.45729089084425334
ethereum,2025-03-25 00:00:00,2077.739325831977,15676451247.546822,0.03760988494582725,0.054640250184007484,23252197319.91133,-0.436490974192117
ethereum,2025-03-26 00:00:00,2068.598435049149,12563169733.005243,-0.004409146634287299,0.054316982842384405,22957816314.669178,-0.4389700986886345
ethereum,2025-03-27 00:00:00,2009.8835432902424,14024859854.906675,-0.028794511703811275,0.05024552187055921,22391496469.54086,-0.45489431547758524
ethereum,2025-03-28 00:00:00,2003.3034241292064,12136188059.422691,-0.0032792516825453735,0.0502450607533026,21366838271.41082,-0.45667892651711034
ethereum,2025-03-29 00:00:00,1896.9173600459983,18419487648.39739,-0.05456740354150019,0.0496423339467276,21043850509.800777,-0.4855321645464085
ethereum,2025-03-30 00:00:00,1829.2745211803465,12924117064.878807,-0.036310674768730136,0.04993383315567315,18499339390.310738,-0.5038777528298666
ethereum,2025-03-31 00:00:00,1805.3378779435932,10056531345.160349,-0.013171687474695193,0.04975470323521385,17737703959.049202,-0.5103696713991281
ethereum,2025-04-01 00:00:00,1824.207136760985,17022367813.88877,0.010397682761766166,0.04985310062796121,17768348830.21154,-0.5052520911898555
ethereum,2025-04-02 00:00:00,1907.1671522994227,15899367803.5509,0.044473527718009866,0.04398423208301833,17034747345.418737,-0.4827522920303278
ethereum,2025-04-03 00:00:00,1795.761850567479,23450470660.978283,-0.060189613562095415,0.03527207226721752,16699727013.535315,-0.5129668104101361
ethereum,2025-04-04 00:00:00,1818.2844199542053,16999031833.158594,0.01246406895715176,0.035300873654727886,16082225198.548428,-0.5068584064462642
ethereum,2025-04-05 00:00:00,1814.4807753449504,19459233591.298603,-0.0020940775385884305,0.03459204239877236,15989656053.866438,-0.507890002682439
ethereum,2025-04-06 00:00:00,1809.935827172196,6780827627.545529,-0.00250796255146893,0.03454312688198568,15552490285.473686,-0.5091226497644548
ethereum,2025-04-07 00:00:00,1574.6321611455576,23485484227.161697,-0.13926969352631624,0.04207326925312045,15611449424.176113,-0.5729399621496839
ethereum,2025-04-08 00:00:00,1555.909812570873,49416724296.56089,-0.011961233518203995,0.04147166211602125,16883418010.201626,-0.578017698454228
ethereum,2025-04-09 00:00:00,1471.3608854365525,22451028357.38476,-0.05587271807020334,0.039896409167569404,17045884823.32494,-0.600948430413823
ethereum,2025-04-10 00:00:00,1662.5331604641576,41589589714.84994,0.12215469455931982,0.045055087409091324,17212960559.979347,-0.5491001060725845
ethereum,2025-04-11 00:00:00,1523.928624242526,20486375929.10568,-0.08705081781165046,0.047220667246245324,16894286353.88641,-0.5866913987856538
ethereum,2025-04-12 00:00:00,1568.131690125936,14195085224.783228,0.028593282770135287,0.04768406212565984,16550812037.02239,-0.5747029716119476
ethereum,2025-04-13 00:00:00,1645.8625733156498,11756571644.476357,0.04837970301523152,0.04857500366273019,16302283943.098883,-0.5536213788842927
ethereum,2025-04-14 00:00:00,1595.4227460001084,13775001676.60885,-0.031125861833630523,0.04848697206692447,16329784925.17699,-0.5673012941648669
ethereum,2025-04-15 00:00:00,1621.543195596693,15415724739.820593,0.016239540060099516,0.04850414143306572,16612146046.969316,-0.5602170998567376
ethereum,2025-04-16 00:00:00,1587.82222440214,11786525215.180002,-0.021014878503773708,0.04842412343561313,16688822141.069271,-0.5693626511734453
ethereum,2025-04-17 00:00:00,1577.7073516760115,13120084885.866234,-0.006390657176130871,0.048145393266457656,16751119409.056509,-0.5721059318175603
ethereum,2025-04-18 00:00:00,1583.4764497002343,9437178720.867388,0.003649964564848112,0.04815741263582697,16702771380.838978,-0.5705412799062248
ethereum,2025-04-19 00:00:00,1589.1516208270757,5254078676.877919,0.0035775874472435123,0.04632483666442873,16198749337.113165,-0.5690021021502767
ethereum,2025-04-20 00:00:00,1615.0502549158562,5148626529.402773,0.016165771760257956,0.046160540856766616,15893577218.572702,-0.561978066996454
ethereum,2025-04-21 00:00:00,1585.4600253443446,6695768150.024456,-0.018491471756434216,0.046209428747115075,15787099060.66412,-0.5700033092546941
ethereum,2025-04-22 00:00:00,1577.4465595922347,15275062279.387148,-0.005067163814772198,0.04612768072203757,16089747608.492481,-0.5721766619092712
ethereum,2025-04-23 00:00:00,1759.7064599311093,24271980430.95098,0.10933957279576051,0.05075684919066183,16632433166.101585,-0.5227454856270033
ethereum,2025-04-24 00:00:00,1793.969849485534,22099177230.61867,0.019283946178550334,0.0503438610258438,16846524032.20398,-0.5134528236319965
ethereum,2025-04-25 00:00:00,1769.3925107354407,12923295609.972548,-0.013794683788062909,0.050369893276320674,16858528228.102892,-0.5201185068790851
ethereum,2025-04-26 00:00:00,1788.7981804331257,15656748328.784924,0.01090771337792041,0.050250234376224466,16912924510.565498,-0.5148554452954992
ethereum,2025-04-27 00:00:00,1821.2695303291391,10293614895.776522,0.017989815276360056,0.05040885687804521,16851505405.110626,-0.5060488069847753
ethereum,2025-04-28 00:00:00,1793.6918440730135,9632458065.106846,-0.015257823477258878,0.049530163591102426,16558604419.000942,-0.5135282221948629
ethereum,2025-04-29 00:00:00,1799.50191449199,16777384305.88931,0.0032339338610735697,0.04910623801159328,16687046660.367956,-0.511952458054979
ethereum,2025-04-30 00:00:00,1796.9720456768928,13994558644.11867,-0.0014068608644953193,0.0490488842358183,16818314236.999903,-0.512638590282296
ethereum,2025-05-01 00:00:00,1794.0495408617828,13644627083.285889,-0.001627673568594809,0.049008792977714606,16705722879.31314,-0.5134312103289045
ethereum,2025-05-02 00:00:00,1838.8543285925757,14310565589.052694,0.024667352185918097,0.048512169811167495,16652762805.496532,-0.5012795886255428
ethereum,2025-05-03 00:00:00,1841.427590836958,11686301446.49476,0.0013984051874610633,0.047216297755104206,16260623831.680416,-0.500581687554676
ethereum,2025-05-04 00:00:00,1834.501911876416,6704990478.824657,-0.0037681283877273363,0.047171448854682524,15917489119.869284,-0.5024600187560891
ethereum,2025-05-05 00:00:00,1808.156093844096,7479845748.828526,-0.014465413657047215,0.04724707868098328,15518176191.78695,-0.5096053358172463
ethereum,2025-05-06 00:00:00,1820.00445988936,10545233503.347864,0.006531358240274662,0.04726012250696361,15643656387.647026,-0.5063919099920848
ethereum,2025-05-07 00:00:00,1816.168694381844,11950393736.527246,-0.0021097823275096792,0.03926156243954006,15259153371.292545,-0.5074322178196813
ethereum,2025-05-08 00:00:00,1810.316926928448,47111217119.49919,-0.0032272415464149246,0.03916558384048395,15182303132.057154,-0.5090192907195009
ethereum,2025-05-09 00:00:00,2197.5611893238784,35992825075.05399,0.19384626746014294,0.050630207999416074,15633696355.979462,-0.40399377845281537
ethereum,2025-05-10 00:00:00,2341.407963002621,44566779461.54657,0.06340424685488451,0.04730445044171067,15732936014.202684,-0.3649807250377258
ethereum,2025-05-11 00:00:00,2583.6829051429518,29947910159.02891,0.09846342164686359,0.04609915871353643,16048320488.533457,-0.29927271492991714
ethereum,2025-05-12 00:00:00,2507.4693107597423,26138286410.23315,-0.029941861862436327,0.046850352080909596,16446427194.715122,-0.31994279985840185
ethereum,2025-05-13 00:00:00,2492.426391077375,31524626114.978752,-0.00601731154766437,0.04659173800222354,17105362343.731869,-0.32402262879080307
ethereum,2025-05-14 00:00:00,2676.639163127913,32279895881.63781,0.07130527369086517,0.04693536358744646,17722192150.566166,-0.27406180914948347
ethereum,2025-05-15 00:00:00,2603.718088719961,28150234190.931705,-0.027621506317628948,0.04764560349972919,18146675798.936535,-0.293838921268221
ethereum,2025-05-16 00:00:00,2542.296692466797,26211434557.7159,-0.023872575513691444,0.04772450566749162,18627506110.354397,-0.31049717610128147
ethereum,2025-05-17 00:00:00,2544.3870377235667,21130441534.96637,0.0008218892643284472,0.04762750361281078,18894517998.657738,-0.30993024818852577
ethereum,2025-05-18 00:00:00,2475.0543933696918,17185510890.702347,-0.027627398477872284,0.048243944762342096,19152795737.652237,-0.328734132964058
ethereum,2025-05-19 00:00:00,2465.3409856139087,24797434472.364086,-0.003932244092554393,0.04832407269255314,19804240930.835106,-0.33136853126113225
ethereum,2025-05-20 00:00:00,2526.989643891319,25363871274.82505,0.024698601408891283,0.04835847622980136,20478082422.349186,-0.31464864011003424
ethereum,2025-05-21 00:00:00,2524.2743433146065,22871462735.416798,-0.0010750975776068488,0.04804705216244728,21017272241.86226,-0.3153850637622872
ethereum,2025-05-22 00:00:00,2558.9502343769486,32697477527.54695,0.013643477058489653,0.04789202211655233,21598019416.800922,-0.30598052617250254
ethereum,2025-05-23 00:00:00,2657.1674447566115,29592612076.50553,0.0376635753286083,0.04476745377782834,21775373804.986073,-0.279342783963696
ethereum,2025-05-24 00:00:00,2519.813809045145,30047329191.503662,-0.05307567152992261,0.04637860473110835,22040312203.68224,-0.31659481673250667
ethereum,2025-05-25 00:00:00,2529.4429842284358,10744994421.192684,0.0038141006689836757,0.04616064491037109,21967702164.056248,-0.3139832633680359
ethereum,2025-05-26 00:00:00,2546.6201163370915,13814697849.726278,0.006767921254915184,0.046169937783710695,21906300481.420956,-0.30932460919502214
ethereum,2025-05-27 00:00:00,2562.172928639224,13350148034.293625,0.006088663295917185,0.04616581783655756,22008184919.37153,-0.3051064909739415
ethereum,2025-05-28 00:00:00,2662.0940568241435,26434151855.253853,0.03825735377682232,0.04613504690686403,22568241379.043095,-0.278006624835266
ethereum,2025-05-29 00:00:00,2676.2674124507,18008588586.284103,0.00531001469686162,0.04612119742983982,22609281521.72292,-0.27416263260666857
ethereum,2025-05-30 00:00:00,2633.139206528669,27021441335.5195,-0.01624631813989479,0.04636254026361766,23043510944.76961,-0.2858595442460696
ethereum,2025-05-31 00:00:00,2524.4762348050726,22927149330.30469,-0.042143139597725594,0.0473744220622383,23352928353.003574,-0.3153303082519606
ethereum,2025-06-01 00:00:00,2532.3627853090866,13006751258.18768,0.0031191647061684117,0.04732943153927897,23309467875.30808,-0.31319137660820306
ethereum,2025-06-02 00:00:00,2538.3300584367485,11338340571.11249,0.0023536333460658586,0.047323301981403575,23297869179.461994,-0.3115729771174239
ethereum,2025-06-03 00:00:00,2609.737253959435,15623967732.418655,0.027743139783833828,0.047340828979001895,23595168421.248466,-0.2922064479843482
ethereum,2025-06-04 00:00:00,2595.4689570063,15955008730.33818,-0.005482331385963205,0.047197493389900265,23877673853.965454,-0.29607618949428427
ethereum,2025-06-05 00:00:00,2610.343189828259,16809606446.176416,0.005714487146040209,0.04720102167259296,24086486285.393074,-0.29204211055910057
ethereum,2025-06-06 00:00:00,2421.601103763502,25849573159.64817,-0.07505276852162387,0.04976324122895688,24549792266.16377,-0.3432313371020936
ethereum,2025-06-07 00:00:00,2481.4039836690267,18395107930.47655,0.024395587912686683,0.04977345758256522,23592588626.52968,-0.3270120442499578
ethereum,2025-06-08 00:00:00,2526.291995889778,9535426814.691929,0.017928090966247923,0.0358425906899448,22710675351.18428,-0.314837851018649
ethereum,2025-06-09 00:00:00,2508.784123584585,10206893115.537256,-0.006954390540123635,0.03412612947460867,21565345806.317307,-0.3195862060909185
ethereum,2025-06-10 00:00:00,2685.0001850413178,19485734665.28548,0.06788257401417279,0.03151123467918016,21216606623.19252,-0.2717941948946036
ethereum,2025-06-11 00:00:00,2808.503208314919,38281210143.95115,0.04497087847106193,0.03191717696594369,21621370747.649788,-0.2382986223441982
ethereum,2025-06-12 00:00:00,2776.1371915822333,27369030837.548595,-0.011591213326391727,0.03199230637862187,21482850905.068783,-0.24707669297681437
ethereum,2025-06-13 00:00:00,2653.158968452672,26068993569.96989,-0.04530946840064213,0.03053264442555189,21275820828.013187,-0.2804299331305446
ethereum,2025-06-14 00:00:00,2577.04861752583,38576471746.00814,-0.02910619618987862,0.03057963394697201,21623362079.849064,-0.3010720171357203
ethereum,2025-06-15 00:00:00,2534.070219535952,12077031034.29152,-0.016818004971139115,0.030419160809176855,21152215295.734924,-0.3127282989805864
ethereum,2025-06-16 00:00:00,2547.845604092044,11678912429.510712,0.005421348473113414,0.0304355957396618,20837164325.553062,-0.30899224150945775
ethereum,2025-06-17 00:00:00,2561.329843569428,24222149649.172424,0.005278452824230137,0.029993651635738906,21071718950.835403,-0.30533514624385316
ethereum,2025-06-18 00:00:00,2514.986700576147,25926506708.04021,-0.018259078261444066,0.030190641957130226,21109354692.024605,-0.31790398923408825
ethereum,2025-06-19 00:00:00,2521.3334233964915,17800721253.243202,0.0025203823521221477,0.029851462743179975,20857249691.305214,-0.3161826782163393
ethereum,2025-06-20 00:00:00,2522.1791903642184,10392473841.155851,0.0003353880679696724,0.029850943527400198,20441283394.829845,-0.315953295581993
ethereum,2025-06-21 00:00:00,2405.695434213183,20482816663.29469,-0.047284262323017134,0.030941452310393757,20034128032.688103,-0.3475451546448854
ethereum,2025-06-22 00:00:00,2270.581996055585,16155611764.84833,-0.057802839033875564,0.03161710827988653,19586228022.299534,-0.3841896176740742
ethereum,2025-06-23 00:00:00,2227.4287266371684,28181442532.31588,-0.01918830172906563,0.03043233595759331,19524031800.326607,-0.395893326848785
ethereum,2025-06-24 00:00:00,2423.899644268608,25494295400.420887,0.08452978364017989,0.03445883970208837,20015675166.300877,-0.3426079440206282
ethereum,2025-06-25 00:00:00,2446.539301545049,19669025068.963604,0.009296829543365432,0.034482647406420174,20210819406.942123,-0.3364677843490759
ethereum,2025-06-26 00:00:00,2417.2267855277296,15513055665.262428,-0.012053569349100316,0.03450701594853816,20282916327.974415,-0.34441770720009746
ethereum,2025-06-27 00:00:00,2415.031864876594,16271811388.723804,-0.0009084450816399955,0.03366431878085181,19944171645.756752,-0.345012997274492
ethereum,2025-06-28 00:00:00,2423.0302896731746,13100825617.816572,0.003306461069781274,0.03364874195205897,19780579546.807827,-0.34284372391614426
ethereum,2025-06-29 00:00:00,2437.133001780241,5787313890.541637,0.0058034065287066615,0.03359728528706948,19072775298.641903,-0.3390188910981391
ethereum,2025-06-30 00:00:00,2502.6672721177083,10236257918.833096,0.026534722796635483,0.033145210525410355,18649745584.92618,-0.32124517310774137
ethereum,2025-07-01 00:00:00,2488.190781689803,16306915984.938057,-0.005801219297884576,0.033153590895066996,18759751075.81786,-0.3251713793053738
ethereum,2025-07-02 00:00:00,2405.1045592800183,12933967031.524445,-0.033962474275817944,0.03370101897647356,18812938624.498264,-0.34770540735504124
ethereum,2025-07-03 00:00:00,2574.067718495133,21862573614.17975,0.06789403908474888,0.035655194722057165,19020892153.890297,-0.3018804744277087
ethereum,2025-07-04 00:00:00,2590.132231590221,19823369642.62606,0.006221511586704262,0.03566236190730844,19149837517.63323,-0.2975235765186477
ethereum,2025-07-05 00:00:00,2509.236345783362,16377116416.187033,-0.03173046693218226,0.03610550114065414,19135421183.300243,-0.3194635577454242
ethereum,2025-07-06 00:00:00,2517.37917835065,6801276942.284494,0.003239889604070696,0.03331358369158406,18500477976.05479,-0.31725511918421456
ethereum,2025-07-07 00:00:00,2571.358192115984,9051659015.949968,0.02121588698549181,0.033242528644818525,18189029678.903904,-0.3026153320449912
ethereum,2025-07-08 00:00:00,2543.6317028067488,15947822897.049152,-0.010841374645361269,0.03315779064383367,18402776214.98248,-0.3101351045137842
ethereum,2025-07-09 00:00:00,2615.7759888945047,14750377128.581297,0.027967934683601373,0.03350810385587874,18554225682.083942,-0.2905686671530061
ethereum,2025-07-10 00:00:00,2772.5795626609174,26626246774.244656,0.05821733814115796,0.03288748220385907,18792242752.382584,-0.24804156666559335
ethereum,2025-07-11 00:00:00,2948.4462027029053,39308824585.23128,0.06150018372960404,0.03377482419228584,18826496567.091923,-0.2003443229497662
ethereum,2025-07-12 00:00:00,2958.8514450990992,42455550664.554665,0.003522847087689827,0.03368355121690779,19329380561.325455,-0.19752229040069932
ethereum,2025-07-13 00:00:00,2942.9616055388096,17472135946.60354,-0.005384744592344053,0.032513194392590136,19042818640.54658,-0.2018318146511858
ethereum,2025-07-14 00:00:00,2974.2654952333387,18605172049.08777,0.010580693018147411,0.03194506492559062,18377108650.649235,-0.19334180622402278
ethereum,2025-07-15 00:00:00,3012.179706905928,41336421998.04408,0.012666855649113264,0.031710420266788115,19352421682.77432,-0.183058995373658
ethereum,2025-07-16 00:00:00,3133.069857747011,43416230283.76601,0.039349337313947845,0.032297457128547945,20410332277.91616,-0.1502720666751078
ethereum,2025-07-17 00:00:00,3368.126521526108,54882159731.0286,0.07234335232911242,0.03443233038386882,21432332613.978035,-0.08652174440464155
ethereum,2025-07-18 00:00:00,3481.8828152374017,45678965280.66659,0.03321652489066148,0.03430285519637225,22090747899.732246,-0.055669607444150435
ethereum,2025-07-19 00:00:00,3547.317079001209,72535524453.98022,0.018618379029540406,0.03429407605294823,23915241339.756817,-0.0379230124937784
ethereum,2025-07-20 00:00:00,3594.3185010809702,27017909119.384834,0.013162839289199445,0.03423153066621835,24469422515.697777,-0.025175635939625827
ethereum,2025-07-21 00:00:00,3758.605581813957,55175056732.09093,0.044693628059513324,0.03284748394389439,25625830517.990986,0.0
ethereum,2025-07-22 00:00:00,3765.453624023574,47245582310.60992,0.001820305745395187,0.029976876846068295,26662162869.516376,0.0
ethereum,2025-07-23 00:00:00,3746.940668731632,52357062545.19388,-0.0049286531154492455,0.029494732480472755,27468016869.94564,-0.004916527234283137
ethereum,2025-07-24 00:00:00,3630.053531480921,47655045407.89862,-0.03169229021468482,0.02795738497180929,28206708536.861565,-0.03595850754310216
ethereum,2025-07-25 00:00:00,3708.4299352383423,47332291813.01175,0.02136119386434766,0.027982158739495014,29128817428.329838,-0.015143909467220827
ethereum,2025-07-26 00:00:00,3723.05290927856,48622472830.12327,0.003935417256271738,0.027621427693104897,30232464667.158527,-0.011260453315504272
ethereum,2025-07-27 00:00:00,3742.431425865992,25352434514.72998,0.005191507808792943,0.027527161239041576,30535152104.69207,-0.006114057018442718
ethereum,2025-07-28 00:00:00,3864.124837465477,26045280361.31318,0.0319997095991877,0.02761952830355305,30966633929.475292,0.0
ethereum,2025-07-29 00:00:00,3786.303845995956,38743589826.42135,-0.020344918944719632,0.028341116075012558,32065176460.671284,-0.02013935748529399
ethereum,2025-07-30 00:00:00,3788.598371605823,34923369443.87463,0.0006058231813774586,0.028362660626810483,32888080178.17267,-0.019545555342148965
ethereum,2025-07-31 00:00:00,3807.4166010824183,28710848449.745983,0.0049547737972773795,0.02817341044119006,33301544593.666264,-0.014675570476717368
ethereum,2025-08-01 00:00:00,3696.66285308512,31312115686.896267,-0.029520420628475527,0.027922221587216058,33914149548.845325,-0.04333762272809936
ethereum,2025-08-02 00:00:00,3483.1789551579504,42431734230.15089,-0.059485111399345834,0.02915360348807568,34599788236.04436,-0.0985852937808793
ethereum,2025-08-03 00:00:00,3397.4855484143177,28164675444.895985,-0.024909756227083604,0.029841683114635,34877831762.7867,-0.12076195999848525
ethereum,2025-08-04 00:00:00,3497.573127822404,18338718249.174084,0.029033722497079233,0.029029820596642643,34943218490.55293,-0.09486021416520758
ethereum,2025-08-05 00:00:00,3715.709014855071,28536476594.95387,0.06050017593517446,0.030349662946537747,35667725145.64191,-0.03840865107964616
ethereum,2025-08-06 00:00:00,3612.442432236669,29411744198.367584,-0.028185394273806147,0.03121516465912946,36346394651.722496,-0.06513309373148754
ethereum,2025-08-07 00:00:00,3684.0459195726726,23256150904.877857,0.019627465313108793,0.030963516011181993,36590005585.31679,-0.04660276918250917
ethereum,2025-08-08 00:00:00,3911.2609462690816,31981627910.70641,0.05984823174798351,0.03204624720154722,37164380611.38762,0.0
ethereum,2025-08-09 00:00:00,4012.97697001236,37861934037.3479,0.025673537763015435,0.031011281709841763,37538903520.15773,0.0
ethereum,2025-08-10 00:00:00,4265.563258333516,37686735734.66866,0.061040885061052944,0.030986270650316575,37484833891.80564,0.0
ethereum,2025-08-11 00:00:00,4253.591618951185,26481154882.30421,-0.0028105246201430255,0.03106966450817112,36952354032.3973,-0.002806578793302926
ethereum,2025-08-12 00:00:00,4228.824213261163,43010572110.88258,-0.005839722212509268,0.031078602701377425,37803635237.87326,-0.008612941092967548
ethereum,2025-08-13 00:00:00,4606.809427709522,52840297700.59488,0.0856115286363131,0.03384903214829901,38944806092.9235,0.0
ethereum,2025-08-14 00:00:00,4763.652535322159,58870844448.59354,0.03347919405503592,0.034021211070309386,39529286841.27515,0.0
ethereum,2025-08-15 00:00:00,4554.291501538621,66924319529.18441,-0.04494473774970827,0.03541692601401401,40312889816.12243,-0.04394968613498575
ethereum,2025-08-16 00:00:00,4430.532465017841,50038927770.639565,-0.02755020349489912,0.03427087156805388,40151448750.77612,-0.06992954835270944
ethereum,2025-08-17 00:00:00,4426.826913311333,21104759591.06153,-0.0008367170765953062,0.03400882465569299,39332308561.12263,-0.07070742870377027
ethereum,2025-08-18 00:00:00,4487.118013759226,28100356151.382523,0.013527572888025672,0.033966708843092476,37851136284.36937,-0.05805094295027768
ethereum,2025-08-19 00:00:00,4317.275757328232,43935703176.22011,-0.038586036301988834,0.0349854832537346,38415062752.93054,-0.09370473070486834
ethereum,2025-08-20 00:00:00,4074.495786100515,41626342123.38552,-0.057877586042292595,0.03607958298060597,37963438932.640366,-0.14466981882318103
ethereum,2025-08-21 00:00:00,4330.491598768078,39857177022.84433,0.060934063207839374,0.03761212675942834,37717158756.38151,-0.0909304222636353
ethereum,2025-08-22 00:00:00,4224.438592580698,21703206731.83165,-0.024794694288333637,0.03796004641408764,36695363562.60277,-0.11319338233492594
ethereum,2025-08-23 00:00:00,4829.225541798332,61856673933.04883,0.1337997370106955,0.044119621303638605,37168751180.10778,0.0
ethereum,2025-08-24 00:00:00,4773.884088598777,27814037595.094646,-0.011525863597020649,0.04422356895269417,36518142706.17721,-0.01145969529079949
ethereum,2025-08-25 00:00:00,4778.10916071381,41157770217.98017,0.0008846472731504224,0.04423773839977284,36269319285.77244,-0.010584798875533118
ethereum,2025-08-26 00:00:00,4381.626176071471,48217069690.885376,-0.08662496661203399,0.04751605579223358,37031473791.64429,-0.09268553764009589
ethereum,2025-08-27 00:00:00,4602.369685333965,35263906282.176544,0.049151391277768346,0.04795013915404927,37338761322.33973,-0.046975618450798104
ethereum,2025-08-28 00:00:00,4500.1451479982325,35898825608.295586,-0.022461668470199956,0.04799151981583445,37243935848.40221,-0.06814351306473776
ethereum,2025-08-29 00:00:00,4507.560431032719,29189873860.227936,0.0016464314124169303,0.04798804400679404,37052819328.94731,-0.06660801157069796
ethereum,2025-08-30 00:00:00,4364.358521430426,38006835596.328514,-0.03228486386793453,0.048489472305265575,37362685567.16673,-0.0962611947494167
ethereum,2025-08-31 00:00:00,4373.360357620914,19199178188.10025,0.00206045525150208,0.04806524131127674,36958920983.873535,-0.09439716166324685
ethereum,2025-09-01 00:00:00,4388.931464519364,22269795530.723904,0.0035541211375768947,0.0464731954771426,36286856360.559296,-0.09117281300450691
ethereum,2025-09-02 00:00:00,4303.202222745541,31725195638.84437,-0.019726346790435403,0.04635724963511579,36405540367.02425,-0.1089249848655667
ethereum,2025-09-03 00:00:00,4325.856306225941,32990260980.34124,0.00525066215533039,0.046186018720630134,36893925124.72982,-0.10423394625402901
ethereum,2025-09-04 00:00:00,4449.8670977283255,30818352470.84173,0.028264119387869067,0.04526626852024203,36969987653.92608,-0.07855471664898456
ethereum,2025-09-05 00:00:00,4298.094660544595,29893273380.07637,-0.034702407751335713,0.045451292002587816,36986038626.649704,-0.10998262074459914
ethereum,2025-09-06 00:00:00,4306.613513100346,37950930494.82325,0.0019800451490217764,0.04538021019475109,37475864612.98122,-0.10821860030653563
ethereum,2025-09-07 00:00:00,4273.110024157841,14497961323.191992,-0.007809962429142216,0.04423776502719156,36893075726.730736,-0.11515625286645913
ethereum,2025-09-08 00:00:00,4304.032421076036,14920604279.616674,0.007210450587325182,0.04403870678233486,36128364734.80636,-0.10875307358842508
ethereum,2025-09-09 00:00:00,4309.685702772004,26393884729.75394,0.0013126230569406568,0.042620396823119126,35751936367.975876,-0.10758243418733744
ethereum,2025-09-10 00:00:00,4309.342746120013,28408982228.170376,-7.958127861074839e-05,0.042616345276152746,35816197279.50474,-0.10765345109243399
ethereum,2025-09-11 00:00:00,4347.476803670656,34848418445.62599,0.008810234288819817,0.0426259107216249,35544125490.66286,-0.09975693492838603
ethereum,2025-09-12 00:00:00,4459.31901599882,33593064568.960487,0.025400435702195162,0.03982641564261925,34902551052.94171,-0.07659748392322237
ethereum,2025-09-13 00:00:00,4708.841744149995,39138140052.58744,0.054445896214919846,0.04062973552880783,34244794239.74151,-0.024928178774501427
ethereum,2025-09-14 00:00:00,4667.699652630318,30452117451.68358,-0.008775593006260884,0.03978986469573469,33029054170.491478,-0.03344757617343842
ethereum,2025-09-15 00:00:00,4609.786110950785,23827529566.903904,-0.012484911411690565,0.03951357560273771,32155340897.033627,-0.045439880359332226
ethereum,2025-09-16 00:00:00,4524.244939102515,33863743706.69096,-0.018730760233556326,0.039681985390147105,32580640367.554607,-0.06315310810317784
ethereum,2025-09-17 00:00:00,4504.266635522813,28053763147.05997,-0.004425610140170464,0.039617585396933094,32579087267.410522,-0.06729006617373881
ethereum,2025-09-18 00:00:00,4591.768794331328,41727122821.76891,0.019240219281567692,0.039072071052872526,32505467922.26215,-0.04917077187879268
ethereum,2025-09-19 00:00:00,4590.636737213516,29381752919.13096,-0.0002465709273365355,0.037404997937902106,32097314948.786995,-0.04940518982179677
ethereum,2025-09-20 00:00:00,4470.479474009387,28156319659.26727,-0.02652306940374987,0.03620147071589851,31707286370.001095,-0.07428645953349987
ethereum,2025-09-21 00:00:00,4481.799472368209,14314030981.454111,0.0025289659671851143,0.035870758405315034,31460980511.655174,-0.07194239871860436
ethereum,2025-09-22 00:00:00,4452.87113037789,15910684640.581882,-0.006475547754017685,0.02583190240209842,29929447535.239613,-0.07793266397748189
ethereum,2025-09-23 00:00:00,4199.951774017639,52988093949.58233,-0.0584760431185895,0.027736750912273737,30768582747.055866,-0.13030531755747346
ethereum,2025-09-24 00:00:00,4166.1905498775295,29902684711.810097,-0.00807096176498276,0.027727556512050663,30393413230.18353,-0.1372963399994564
ethereum,2025-09-25 00:00:00,4148.65682762035,29988924904.58222,-0.004217455222059313,0.022996349251619436,29785808403.973427,-0.14092709240590756
ethereum,2025-09-26 00:00:00,3863.063287590725,63461265827.195854,-0.07132415929368219,0.024272007599815827,30725720388.8074,-0.2000656721963379
ethereum,2025-09-27 00:00:00,4037.097921026092,43443403793.85234,0.04406563090025654,0.025697945445090794,30977206328.325966,-0.1640278785731063
ethereum,2025-09-28 00:00:00,4018.167453105732,17011629273.367077,-0.0047001562062231736,0.025679216982213978,30571264842.097267,-0.16794785865200537
ethereum,2025-09-29 00:00:00,4141.839664086501,21656522951.624653,0.03031411118304931,0.02583027436752034,30026254420.607136,-0.1423387397756243
ethereum,2025-09-30 00:00:00,4215.61278947927,34604598514.675,0.01765491147557985,0.02606532800968343,30539768431.492966,-0.1270623513041725
ethereum,2025-10-01 00:00:00,4144.230463371581,34013325290.49775,-0.01707784675982199,0.026206698383318322,30931219423.485424,-0.1418436708946232
ethereum,2025-10-02 00:00:00,4343.951983440489,42741046618.56157,0.047067411875981305,0.02744894766136416,31298414456.142666,-0.10048682840709373
ethereum,2025-10-03 00:00:00,4484.006245909478,41104321433.11955,0.031732369106731745,0.02803277354842272,31568883137.90194,-0.07148543651583106
ethereum,2025-10-04 00:00:00,4515.759068159723,45970576945.09693,0.007056396005228677,0.027590579456882196,32073957287.04378,-0.06491029895486701
ethereum,2025-10-05 00:00:00,4487.706651673285,20597928707.86516,-0.00623149088044746,0.026817143931542973,31764112464.636738,-0.07071918409465527
ethereum,2025-10-06 00:00:00,4515.321391965295,40355486904.3112,0.00613456422882406,0.026830757771542733,31844264344.953007,-0.06500092967621963
ethereum,2025-10-07 00:00:00,4689.131734746596,41164885082.65789,0.037771066640118554,0.027561463795144646,32733161803.601868,-0.029009580488462326
ethereum,2025-10-08 00:00:00,4454.32846286666,49804861778.9329,-0.05137112242712116,0.029281534358392623,33895970386.91241,-0.07763089043715829
ethereum,2025-10-09 00:00:00,4527.578004547945,36623453162.8216,0.016310827974250278,0.02941225492503663,34236956001.348,-0.06246292177483561
ethereum,2025-10-10 00:00:00,4368.649439385323,42731695438.87988,-0.03573323111371785,0.03019423358119196,34714379775.038315,-0.09537266346882982
ethereum,2025-10-11 00:00:00,3835.632842050135,90784076986.425,-0.13011946987954146,0.03840605740190746,36578901726.398285,-0.20574576423245666
ethereum,2025-10-12 00:00:00,3749.218185954949,54140013164.198265,-0.022787104187854717,0.038133160009684565,37263800012.90621,-0.22363986657811066
ethereum,2025-10-13 00:00:00,4159.729307791921,57642806541.61372,0.10390266741246973,0.0417264309289702,37880622229.207085,-0.13863428581078463
ethereum,2025-10-14 00:00:00,4246.217461554773,46426992105.166855,0.020578575683499658,0.041957345337452996,38413118050.98986,-0.12072496411639037
ethereum,2025-10-15 00:00:00,4128.888447033946,62876294833.97642,-0.028020348003232054,0.04217179640116581,39714743559.89229,-0.14502058118900593
ethereum,2025-10-16 00:00:00,3983.1544356894233,44806571765.16941,-0.03593415243550065,0.042499311054450914,40079504495.1749,-0.17519809310746018
ethereum,2025-10-17 00:00:00,3890.1993012479857,44673230678.7307,-0.02361368658654598,0.042646242655264795,40633486746.23058,-0.19444654891820753
ethereum,2025-10-18 00:00:00,3831.244175835675,52519500424.67195,-0.01527079004407368,0.04243797203911588,40993232666.327354,-0.2066545364934486
ethereum,2025-10-19 00:00:00,3889.499030204316,19845543405.38552,0.01509076479997653,0.042602185404940984,40675359015.86917,-0.19459155582202856
ethereum,2025-10-20 00:00:00,3985.07656440468,29233928200.2202,0.024276159880283314,0.042748088057756525,40711279300.567604,-0.17480007303185588
ethereum,2025-10-21 00:00:00,3978.790155134436,35767064768.00727,-0.0015787332453736146,0.04273358952628616,41426380426.78604,-0.1761018157680013
ethereum,2025-10-22 00:00:00,3877.487197955012,46069514674.15889,-0.025790477523078077,0.04291777178290245,42431674761.23861,-0.19707887643800273
ethereum,2025-10-23 00:00:00,3801.790795238292,41712359613.706055,-0.019715096811503685,0.04180942457444194,42055816950.042725,-0.21275352283037888
ethereum,2025-10-24 00:00:00,3855.842116240121,32116755772.61905,0.014117213323419408,0.0419185939328088,42129619318.73636,-0.20156097849091922
ethereum,2025-10-25 00:00:00,3933.232269901015,30026152396.570248,0.01987211742889162,0.042116415036923406,42130860235.13597,-0.1855356027881155
ethereum,2025-10-26 00:00:00,3952.213557935584,12389144280.82482,0.004814267984342271,0.04002303153405257,40428456183.590256,-0.18160509925907542
ethereum,2025-10-27 00:00:00,4161.590896249249,25813518444.008472,0.05162161178481339,0.040327565485096216,39840793338.59547,-0.1382488019601722
ethereum,2025-10-28 00:00:00,4123.206220671679,36948961061.03095,-0.00926635853481746,0.04035847471945921,40505371064.85094,-0.14619721423566853
ethereum,2025-10-29 00:00:00,3982.312789317544,35659878225.70066,-0.034768316249713084,0.040469678614498225,40972149573.9868,-0.1753723749596112
ethereum,2025-10-30 00:00:00,3897.359267616961,33522381291.76972,-0.021563540440015006,0.04046939224344231,40936075666.55662,-0.19296391649464317
ethereum,2025-10-31 00:00:00,3802.295364533181,36685058456.47925,-0.024694285255233737,0.04058696221236806,41025133438.756,-0.21264904038479385
ethereum,2025-11-01 00:00:00,3847.298177365196,32814597904.07948,0.011766202159618154,0.039588682198779014,40694251814.93993,-0.20333019361681776
ethereum,2025-11-02 00:00:00,3872.21189619576,12518543682.642963,0.006454763344684808,0.039066463464833945,39741392556.59072,-0.19817124657346089
ethereum,2025-11-03 00:00:00,3910.094769162728,15511617607.50217,0.00973571816694625,0.03909776553156009,38726093912.00422,-0.1903267438392065
ethereum,2025-11-04 00:00:00,3600.71550248779,47914058739.68866,-0.08242903493625872,0.0415895568148089,39636631579.731674,-0.25439069446590046
ethereum,2025-11-05 00:00:00,3296.7437604313104,68784285690.87129,-0.08819733434329152,0.04403005069138651,40584258205.95034,-0.3173348952338118
ethereum,2025-11-06 00:00:00,3427.690591370681,44374527842.85683,0.038951495373644854,0.044075166013533666,40691246297.95696,-0.2902194023238228
ethereum,2025-11-07 00:00:00,3308.918164921951,33880974985.82207,-0.03526543986166483,0.04365557171217281,40160450071.51994,-0.3148139103708628
ethereum,2025-11-08 00:00:00,3434.35122852996,38972602140.84989,0.03720673938326201,0.04425096815978618,40238755037.45422,-0.28884016726809203
ethereum,2025-11-09 00:00:00,3401.4594003397083,20876971421.901554,-0.009623462035776943,0.04396721558681826,39510264236.88828,-0.2956511616823233
ethereum,2025-11-10 00:00:00,3576.2547046627064,25994213654.36895,0.050111505989922006,0.03875854695075875,37350602125.81974,-0.2594558540061556
ethereum,2025-11-11 00:00:00,3564.610595799933,31866555691.67269,-0.0032612628002992978,0.03856671044499383,36608153543.40222,-0.26186702920640054
ethereum,2025-11-12 00:00:00,3416.781328259322,36501187500.23736,-0.04235584226687754,0.03369601130544216,35903432908.689674,-0.2924784111476883
ethereum,2025-11-13 00:00:00,3409.6144555411624,31722707429.919136,-0.0020997538315533837,0.03331849240781577,35413290086.18142,-0.2939624736865215
ethereum,2025-11-14 00:00:00,3235.7276362968546,47957135381.43061,-0.0523453931391045,0.03412596893068337,34915984771.096565,-0.32996965904973713
ethereum,2025-11-15 00:00:00,3106.601287865052,45035057857.22528,-0.04072453374375918,0.034271474626363714,34923600974.165085,-0.35670818002254673
ethereum,2025-11-16 00:00:00,3170.1129807404664,19159039393.79732,0.020237932736895763,0.03452932796747086,34073127931.333977,-0.3435566524482592
ethereum,2025-11-17 00:00:00,3101.686799467,30332766567.57,-0.021821135499218096,0.03460521562403209,33333570136.097244,-0.3577258356187734
ethereum,2025-11-18 00:00:00,3021.302157630133,39723178401.3899,-0.02625817588752482,0.03451664463023873,33996157969.29739,-0.37437128759468863
ethereum,2025-11-19 00:00:00,3117.2225871583155,40531057646.65946,0.03125449245816618,0.034767188093427576,34372728950.84537,-0.3545088005979717
ethereum,2025-11-20 00:00:00,3017.7483614097955,39173261740.03148,-0.0324314313227625,0.03502036295883847,34486268849.91284,-0.37510718120528486
ethereum,2025-11-21 00:00:00,2832.068358334293,41625324784.96392,-0.06350366424480663,0.0362897390670404,34338129186.939674,-0.4135564111011323
ethereum,2025-11-22 00:00:00,2764.735218675169,49920072209.17851,-0.024062444762352656,0.03633656810001323,34611719606.78876,-0.4274992553680517
ethereum,2025-11-23 00:00:00,2768.6178294996357,15277324087.122278,0.0014033485403372717,0.03611158183882322,34050405217.272198,-0.4266952732821331
ethereum,2025-11-24 00:00:00,2799.814934092464,20170660685.07876,0.011205102881761485,0.03588972661782312,33721888826.889145,-0.4202352095881084
ethereum,2025-11-25 00:00:00,2953.327645752226,32699089921.17828,0.0533792300996824,0.037693023692841436,34398887014.90093,-0.38844694243614675
ethereum,2025-11-26 00:00:00,2955.046469321271,23359001752.78049,0.0005818262635564806,0.03594033828174757,34317069791.859997,-0.38809102127359835
ethereum,2025-11-27 00:00:00,3027.477249132549,21096541004.26908,0.024215305286432287,0.03652439653418201,33788655789.967937,-0.37309259571149356
ethereum,2025-11-28 00:00:00,3015.6118196920934,16563145331.437609,-0.003926946815873214,0.03624482029065967,33152098026.825832,-0.37554960032595125
ethereum,2025-11-29 00:00:00,3033.135645414151,20184482703.163284,0.005794216025818841,0.03626896709920426,32707501407.20562,-0.3719208972201667
ethereum,2025-11-30 00:00:00,2991.2330117032598,12634811464.603792,-0.013911269995404076,0.03615472637646139,31905826507.476437,-0.38059778202254585
ethereum,2025-12-01 00:00:00,2992.8341859495977,11969903297.072994,0.0005351458236225054,0.0360008452087,31211003353.909554,-0.3802662228040999
ethereum,2025-12-02 00:00:00,2799.0367919901605,37491168510.09445,-0.06694547157970349,0.037424519182621276,32043424181.491272,-0.42039634144984656
ethereum,2025-12-03 00:00:00,2995.751149322771,27518473791.0893,0.06791964609356722,0.03994893346064765,32443652720.94417,-0.3796621997888304
ethereum,2025-12-04 00:00:00,3195.4089919085554,30631265956.32816,0.06452008839243573,0.03962739608247319,31867559628.16549,-0.338318543159483
ethereum,2025-12-05 00:00:00,3133.698235618616,27914236368.18745,-0.019501237620671664,0.0364505850966877,30505224650.742695,-0.351097146220329
ethereum,2025-12-06 00:00:00,3022.6564205232035,27606937714.571938,-0.03607779780141017,0.03613850056414581,29946304979.799866,-0.3740908569373609
ethereum,2025-12-07 00:00:00,3039.358573133242,11344831475.877346,0.005510443273690261,0.035693559962074156,29195100196.135044,-0.37063229977007256
ethereum,2025-12-08 00:00:00,3052.976330436545,19363787894.936527,0.0044704633603135395,0.034919289874255466,28541473054.6046,-0.3678124361738421
ethereum,2025-12-09 00:00:00,3125.321462183988,25795397174.943024,0.023420184960832383,0.03525285617806356,28705420579.705982,-0.35283174597387634
ethereum,2025-12-10 00:00:00,3322.469217836626,34333058805.569298,0.061171101006163166,0.035877781730641635,28983382084.745987,-0.3120078594218262
ethereum,2025-12-11 00:00:00,3326.260211637518,31463676851.579823,0.0011403665172220637,0.03588336462693072,28969952790.07623,-0.3112228487057021
ethereum,2025-12-12 00:00:00,3236.098620857857,29805046870.5563,-0.027480138426964187,0.0354105268783603,28746748102.420193,-0.32989283833432603
ethereum,2025-12-13 00:00:00,3085.316694358101,25083388430.41613,-0.047714166610684075,0.03638914056525475,28525437469.10343,-0.36111563486654336
ethereum,2025-12-14 00:00:00,3115.225428835284,10086309656.917572,0.009647210145957017,0.03525224329328002,27263076611.619656,-0.35492235724504595
ethereum,2025-12-15 00:00:00,3065.491235556364,17335964454.11176,-0.01609368927031326,0.034581994247795005,26339773498.182545,-0.36522094298067925
ethereum,2025-12-16 00:00:00,2964.488557692104,30596317990.005627,-0.033503304776901575,0.03486447396948046,26721016118.056152,-0.3861358240501287
ethereum,2025-12-17 00:00:00,2964.2627915054686,25164041190.99286,-7.615977579337594e-05,0.03466873561610717,26548725272.170242,-0.3861825740278801
ethereum,2025-12-18 00:00:00,2827.8041755024283,26836168118.61553,-0.04712786384044071,0.035384435573568115,26119158262.744434,-0.4144394062718811
ethereum,2025-12-19 00:00:00,2826.5948465107654,30216518962.55933,-0.00042774802605684677,0.03481962055603079,25775340306.607765,-0.41468982509808744
ethereum,2025-12-19 20:55:50,2993.157916614985,30653059799.605946,0.05725623672276284,0.03605709219193833,25491333575.260246,-0.38019918707288686
polkadot,2024-12-20 00:00:00,7.000077878976265,1086124837.3431897,,,,0.0
polkadot,2024-12-21 00:00:00,7.293541883705951,1021964776.574753,0.04106800857342591,,,0.0
polkadot,2024-12-22 00:00:00,6.95339656212469,612239126.334296,-0.047759028965192775,,,-0.046636507612461825
polkadot,2024-12-23 00:00:00,6.824171601363307,449643193.4693805,-0.0187592975550927,,,-0.06435423143195146
polkadot,2024-12-24 00:00:00,7.356434044180842,539764573.1630613,0.07510435384904,,,0.0
polkadot,2024-12-25 00:00:00,7.569390707588506,433986333.659305,0.028537265977378466,,,0.0
polkadot,2024-12-26 00:00:00,7.49597096544503,315870291.77983326,-0.009746904852178946,,,-0.009699557729246392
polkadot,2024-12-27 00:00:00,6.930808341676126,347681284.73239106,-0.0783892213688833,,,-0.08436377385992044
polkadot,2024-12-28 00:00:00,6.895822608208447,345531732.7427434,-0.005060641057116203,,,-0.08898577513045933
polkadot,2024-12-29 00:00:00,7.102445975088033,230066007.5543388,0.029523419090235606,,,-0.06168854938777958
polkadot,2024-12-30 00:00:00,6.867609733029039,216122629.28481492,-0.033623110794383904,,,-0.09271300711904248
polkadot,2024-12-31 00:00:00,6.694224724913198,352231593.47555494,-0.025570944137568115,,,-0.1156190790624577
polkadot,2025-01-01 00:00:00,6.642342862506173,229365519.02511945,-0.0077804313275573085,,,-0.12247324532382031
polkadot,2025-01-02 00:00:00,7.011831925954553,247755276.023767,0.05413425529077502,,,-0.07365966471713324
polkadot,2025-01-03 00:00:00,7.172594543636895,309000049.86166275,0.02266845290849384,,,-0.052421149770193964
polkadot,2025-01-04 00:00:00,7.74302868440023,539342851.0007907,0.07652546376387305,,,0.0
polkadot,2025-01-05 00:00:00,7.696280293513227,304399076.52685183,-0.0060557805817265265,,,-0.006037481299944827
polkadot,2025-01-06 00:00:00,7.683347151713971,245541864.9651664,-0.0016818541143352077,,,-0.007707776261567843
polkadot,2025-01-07 00:00:00,7.769200365778986,402221938.4758566,0.01111196679584047,,,0.0
polkadot,2025-01-08 00:00:00,7.027906542050603,512352289.4426803,-0.10027837376391004,,,-0.09541442990626958
polkadot,2025-01-09 00:00:00,6.761526519681468,493087506.0609287,-0.03864019120949264,,,-0.12970110161349704
polkadot,2025-01-10 00:00:00,6.557542197378033,330378379.6866445,-0.03063281336540557,,,-0.15595661218082968
polkadot,2025-01-11 00:00:00,6.738149972457438,311277186.664298,0.027169534730087444,,,-0.13270997590215566
polkadot,2025-01-12 00:00:00,6.744056640344187,165093899.43001288,0.0008762168440657953,,,-0.13194970874354742
polkadot,2025-01-13 00:00:00,6.625795118019255,141543566.96166176,-0.017691236806883195,,,-0.14717154841263858
polkadot,2025-01-14 00:00:00,6.397463903700922,399012512.2777248,-0.0350687356997972,,,-0.17656082962155986
polkadot,2025-01-15 00:00:00,6.663287986428835,213141307.0934837,0.040711407597493705,,,-0.14234571478184113
polkadot,2025-01-16 00:00:00,7.186361936297216,506165482.3495175,0.07557199990605235,,,-0.07501910132849703
polkadot,2025-01-17 00:00:00,7.150950484206798,435658805.8921994,-0.004939771563741057,,,-0.07957702884011009
polkadot,2025-01-18 00:00:00,7.515682325709637,367309752.2714576,0.0497465315292896,,403462454.8041162,-0.03263116255644799
polkadot,2025-01-19 00:00:00,7.035272400500881,354931037.1694506,-0.06605540368402417,0.04480573745373476,379089328.13165826,-0.09446634540548589
polkadot,2025-01-20 00:00:00,6.239516242739936,615856568.5571425,-0.12003375639605549,0.049175732624572574,365552387.86440456,-0.1968908061345481
polkadot,2025-01-21 00:00:00,6.355432669057866,748140884.7915807,0.018407331400336593,0.048682579219772544,370082446.47964734,-0.18197081168717769
polkadot,2025-01-22 00:00:00,6.650003438485808,355769051.90993965,0.045307386158658446,0.04936769208169892,366953308.427666,-0.14405561378271398
polkadot,2025-01-23 00:00:00,6.4345177363915,215503293.6127808,-0.03294047733320873,0.04754198390321369,356144599.1093233,-0.17179150575989333
polkadot,2025-01-24 00:00:00,6.356036875608137,268918550.8118405,-0.012271844041853578,0.04714738138851126,350642339.6810745,-0.18189304222290545
polkadot,2025-01-25 00:00:00,6.313076452746947,201623527.31635815,-0.00678194067893101,0.04714198090672257,346834114.19895864,-0.1874226232400739
polkadot,2025-01-26 00:00:00,6.334525888259395,146294895.85328555,0.003391861239509486,0.045116200128409084,340121234.5696552,-0.18466179400378255
polkadot,2025-01-27 00:00:00,6.173818116908197,154059437.48463467,-0.02569750479513485,0.04530565214823453,333738824.7277182,-0.20534703364042112
polkadot,2025-01-28 00:00:00,5.934398592474619,452139396.3927904,-0.03955177555112377,0.0453149207240351,341141271.0223332,-0.23616352866713572
polkadot,2025-01-29 00:00:00,5.654045223846975,201672906.7991726,-0.04839443277500378,0.045704115587386816,340659613.60614514,-0.2722487569311045
polkadot,2025-01-30 00:00:00,5.770414948314038,229114317.7030564,0.02037273492264121,0.045812022654639004,336555704.41372854,-0.25727041694908565
polkadot,2025-01-31 00:00:00,6.127695465821283,207475144.7617954,0.06007474295812008,0.0473177938675439,335826025.27161777,-0.2112836357249896
polkadot,2025-02-01 00:00:00,6.314930644570111,347310792.4039814,0.030098037414735337,0.046519229547963364,339144542.4842916,-0.1871839639526482
polkadot,2025-02-02 00:00:00,5.925742650245715,253834326.4896416,-0.06361075211272568,0.04750293222477184,337305685.03855747,-0.2372776642050775
polkadot,2025-02-03 00:00:00,5.1223498891675625,565973916.4663827,-0.14569272449191045,0.05130521055276374,338193387.22074395,-0.34068505792050513
polkadot,2025-02-04 00:00:00,5.177344192231989,1201970826.6236064,0.01067892410305381,0.051482674952684084,368112445.5573024,-0.33360655556823476
polkadot,2025-02-05 00:00:00,4.74656882651662,467716839.7706376,-0.08687021587921176,0.05314706763653931,375518278.05081815,-0.3890531067490752
polkadot,2025-02-06 00:00:00,4.692305822775594,218308685.8650339,-0.011497896425298715,0.05290832060048363,369387836.297124,-0.39603748109730785
polkadot,2025-02-07 00:00:00,4.488024986683552,202447674.1211231,-0.044511372639065405,0.05081268549817392,359057682.45307213,-0.42233115695510115
polkadot,2025-02-08 00:00:00,4.584974629536713,322886400.49758315,0.021371836683686404,0.05102867628214718,353384312.2676273,-0.40985244122005643
polkadot,2025-02-09 00:00:00,4.747784336106698,169859745.00550616,0.03489348133438723,0.05164430240070589,348033691.1115893,-0.38889665440741183
polkadot,2025-02-10 00:00:00,4.768484213122575,220104817.8843548,0.004350425706523343,0.05123273259742891,344994612.1522579,-0.38623230337496156
polkadot,2025-02-11 00:00:00,4.835423126063689,214764530.4989752,0.013940158850427257,0.05139703301249565,346650299.8545566,-0.3776163699726052
polkadot,2025-02-12 00:00:00,4.80906655929142,276490330.2341074,-0.0054656354550537325,0.05139135319828298,351148525.29697144,-0.3810088126348336
polkadot,2025-02-13 00:00:00,5.231804807639781,431734813.7945228,0.08425330328293353,0.05399058996094442,352239268.68086475,-0.32659674595543664
polkadot,2025-02-14 00:00:00,5.12920170585531,223466503.9197794,-0.019806271870626245,0.0532838194653592,352583441.9084079,-0.339803137469859
polkadot,2025-02-15 00:00:00,5.191503606288476,221686215.68924507,0.012073333233600835,0.0510335755190839,343100799.6863988,-0.33178404959723995
polkadot,2025-02-16 00:00:00,5.02391283330915,150692647.2874577,-0.03281428845614322,0.05117602392197358,333601927.7329075,-0.3533552236034496
polkadot,2025-02-17 00:00:00,4.8763094807083895,127691841.03065348,-0.029820399149909468,0.04992457037622112,325614664.02488065,-0.3723537492755264
polkadot,2025-02-18 00:00:00,4.884356070287686,196132141.52568948,0.0016487792477113742,0.04903223034936125,320321367.50342196,-0.3713180455736706
polkadot,2025-02-19 00:00:00,4.761070407791918,238668344.67676988,-0.02556494050615204,0.04470852672868558,307748426.70740956,-0.38718655928053874
polkadot,2025-02-20 00:00:00,4.877077278265619,164700250.7311589,0.02407360350446053,0.04484014219215519,288300405.57206213,-0.37225492346063155
polkadot,2025-02-21 00:00:00,5.049532688568829,205826300.23823163,0.034749580034798506,0.04444027982739752,283302313.8496719,-0.3500576055663957
polkadot,2025-02-22 00:00:00,5.055764776364962,326841354.6520668,0.0012334300119037254,0.044247730476029354,287013582.5509814,-0.3492554525129639
polkadot,2025-02-23 00:00:00,5.045600420451044,197199332.41423583,-0.002012472402765872,0.04425352753616471,284622941.9377279,-0.35056374106717453
polkadot,2025-02-24 00:00:00,4.962965250471214,125624894.48164536,-0.016513264835220247,0.04428225022759088,282089654.17657083,-0.3611999926875875
polkadot,2025-02-25 00:00:00,4.409173135088577,277983570.78092974,-0.11831622069579749,0.04856837225578822,286479276.674159,-0.43248044489756354
polkadot,2025-02-26 00:00:00,4.630833214861277,456052622.4782715,0.049049637753996664,0.04974851072307193,296545716.1739469,-0.4039498279309775
polkadot,2025-02-27 00:00:00,4.737227814946534,313517702.667414,0.022715303528084655,0.049754121242837825,291924993.0497677,-0.39025541987401796
polkadot,2025-02-28 00:00:00,4.929793354713151,351623459.64350885,0.039844955847816936,0.049861947359282364,296923344.81124556,-0.36546965934519815
polkadot,2025-03-01 00:00:00,4.718933352338517,406798078.4782478,-0.043714281911381374,0.05012864149643289,302846136.8370852,-0.39261016189979947
polkadot,2025-03-02 00:00:00,4.663492657367923,172411504.21341795,-0.011818124691058293,0.04851868121602535,301677348.818806,-0.39974612086087785
polkadot,2025-03-03 00:00:00,5.194907662022664,351404757.2591509,0.10791418530514812,0.052595423695451275,301813814.31397825,-0.3313459020950618
polkadot,2025-03-04 00:00:00,4.4797536408689,354542177.62483937,-0.14811079596176455,0.057767282788527136,305170742.6851515,-0.4233957897905581
polkadot,2025-03-05 00:00:00,4.331014885958371,358004086.9836772,-0.03376615473888588,0.05198084813174767,298238415.03572804,-0.4425404569258888
polkadot,2025-03-06 00:00:00,4.528683380998404,197701711.15388465,0.044629353579991864,0.052711768384911935,264762777.853404,-0.4170978778014394
polkadot,2025-03-07 00:00:00,4.440327657989716,198956189.0998639,-0.019703082312657636,0.05046958296876421,255804089.49771154,-0.42847044110896704
polkadot,2025-03-08 00:00:00,4.405587736173357,286605234.2300235,-0.00785449529399996,0.05045087533294942,258080641.10987785,-0.4329419336926026
polkadot,2025-03-09 00:00:00,4.288418270311042,130249257.56892297,-0.026955711878214727,0.050042155115430816,255674027.2248045,-0.44802321108871807
polkadot,2025-03-10 00:00:00,4.017849174215634,202616257.9042693,-0.06517123523262318,0.051159215729655386,251665022.47169405,-0.48284907261330745
polkadot,2025-03-11 00:00:00,3.886090665715909,261453381.28991136,-0.03334304610478604,0.05086799613661761,254718143.68117425,-0.49980815492505754
polkadot,2025-03-12 00:00:00,4.044064391425978,277788376.2046481,0.039846541681993704,0.051541677229635374,256640928.95851737,-0.47947482353024673
polkadot,2025-03-13 00:00:00,3.976503748419388,212556427.04158705,-0.016847245680698283,0.05144782764726434,256567325.50993773,-0.48817078190765906
polkadot,2025-03-14 00:00:00,3.975280303501968,195642781.9512104,-0.0003077158330973433,0.051460085736556256,253872407.23384115,-0.48832825563208615
polkadot,2025-03-15 00:00:00,4.180392739164096,221637052.7145449,0.050309936636443967,0.04974391865519284,246869148.53117523,-0.4619275417869926
polkadot,2025-03-16 00:00:00,4.352416876189085,158730273.71130607,0.04032609567079166,0.0504367222540438,244711274.1908928,-0.43978573453193653
polkadot,2025-03-17 00:00:00,4.30092839383877,155877082.88105214,-0.011900389592451483,0.050338940577201174,242517636.4306197,-0.4464129908680076
polkadot,2025-03-18 00:00:00,4.378156359311373,177325414.8427803,0.017796808304779792,0.050266805538250636,243405395.34913045,-0.4364727187889441
polkadot,2025-03-19 00:00:00,4.4641656928903135,173999552.6785384,0.019454628729175756,0.05021884780401253,244948985.7373933,-0.4254021671839442
polkadot,2025-03-20 00:00:00,4.545125675636074,240430398.92310545,0.01797303667910096,0.050358569037394885,246425594.31730714,-0.41498153456615705
polkadot,2025-03-21 00:00:00,4.396429517938644,165791500.482504,-0.0332626403463705,0.050500085671843116,243996366.17749828,-0.43412071887042497
polkadot,2025-03-22 00:00:00,4.492833157752314,198758693.2095648,0.021690757273930907,0.05045845152851037,245131647.59344515,-0.4217122810293442
polkadot,2025-03-23 00:00:00,4.440801420945156,134612578.0779071,-0.011648635210983433,0.04997867299375886,242757856.85476765,-0.4284094614800304
polkadot,2025-03-24 00:00:00,4.497209413079835,134757520.99115974,0.012622213620364982,0.050065190089261774,236355062.39940408,-0.4211489984363509
polkadot,2025-03-25 00:00:00,4.61370109477718,212406756.34480092,0.02557330143098703,0.05035359588102528,236861976.5304229,-0.4061549609276189
polkadot,2025-03-26 00:00:00,4.6410705913636985,150821706.61648,0.005914695101078102,0.05031226016667748,237701870.26825076,-0.40263214065037733
polkadot,2025-03-27 00:00:00,4.692452329383157,200688744.7669101,0.011010260010253884,0.04531557156715176,235125376.06778342,-0.3960186237373911
polkadot,2025-03-28 00:00:00,4.632028994534124,189869115.1831621,-0.01296033066593564,0.04450605339002359,226252592.49127978,-0.40379591509354906
polkadot,2025-03-29 00:00:00,4.288950588191705,208166543.03374332,-0.07695291498665377,0.04643097635348115,222740887.17015743,-0.447954694657734
polkadot,2025-03-30 00:00:00,4.048690774702964,154746554.63838288,-0.05764852152744733,0.046717053056169425,216178323.66998658,-0.47887934612470023
polkadot,2025-03-31 00:00:00,4.0348020276508425,123335193.92868994,-0.003436326612425671,0.046188342247977916,206729560.85166797,-0.4806670136320665
polkadot,2025-04-01 00:00:00,4.0235385272362105,156442506.01143336,-0.0027954906281385783,0.04617327581970717,206197260.91160184,-0.4821167767845582
polkadot,2025-04-02 00:00:00,4.1767975254425735,157721985.3016019,0.03738306455020754,0.041820359450043754,199741168.51301682,-0.46239029387887554
polkadot,2025-04-03 00:00:00,3.966703761405211,260135998.9388796,-0.051609347640686185,0.03349677326313399,196594295.89015153,-0.4894321713110451
polkadot,2025-04-04 00:00:00,4.053293922122308,194927424.8043509,0.021594401641619333,0.0333279916952442,191158407.15084064,-0.4782868594848112
polkadot,2025-04-05 00:00:00,4.031504992184917,173903471.2592361,-0.005390111225194461,0.032133760832432974,190365132.4876857,-0.48109138619432495
polkadot,2025-04-06 00:00:00,3.963681257528397,105934824.13301788,-0.016966549503706765,0.032091140361387674,187264420.32212415,-0.4898212079859296
polkadot,2025-04-07 00:00:00,3.675281015904061,184276862.6839877,-0.07554360727910071,0.03466359748094806,183853474.60392296,-0.5269421764313635
polkadot,2025-04-08 00:00:00,3.591003489500656,427100562.6823301,-0.023197909675475182,0.034592131814348066,193748518.1077032,-0.5377898212899802
polkadot,2025-04-09 00:00:00,3.3660107363196534,193841629.9674787,-0.06470340157757277,0.034564592458223124,193456030.50981015,-0.5667493978986656
polkadot,2025-04-10 00:00:00,3.635767378034745,317717075.92116654,0.0770919114294234,0.037312641630989477,195331486.99751866,-0.5320281101193866
polkadot,2025-04-11 00:00:00,3.465610051158224,219360831.0606997,-0.047931518745117266,0.037341839466944936,193383902.15938705,-0.5539296339397805
polkadot,2025-04-12 00:00:00,3.555901707755209,154887087.36880568,0.02571999794565698,0.03768897925876822,191461590.836961,-0.5423078900863599
polkadot,2025-04-13 00:00:00,3.712469398070574,127892822.19230708,0.04308858511995211,0.03864538292829636,189203258.84499758,-0.5221555342525473
polkadot,2025-04-14 00:00:00,3.652410153330492,172374035.31874913,-0.016309995488209845,0.03741367569096505,187561158.2651377,-0.5298859623419843
polkadot,2025-04-15 00:00:00,3.670951597470301,159814261.13010684,0.005063653657573136,0.036499553704860445,187597291.17909774,-0.5274994304896874
polkadot,2025-04-16 00:00:00,3.5220541582843907,140660296.09425417,-0.04140653222523093,0.03706620914595278,187090064.95287117,-0.5466645224136591
polkadot,2025-04-17 00:00:00,3.556893075414989,140409183.4525263,0.009843045091947377,0.03691337734428898,185859523.90652934,-0.5421802878090204
polkadot,2025-04-18 00:00:00,3.630917235786913,126658899.60456094,0.020597866206021814,0.036942128286179904,184281502.13739675,-0.5326523882972536
polkadot,2025-04-19 00:00:00,3.682807023067024,87183285.93808618,0.01418994102789699,0.03686071016105416,179173265.03789613,-0.5259734786492711
polkadot,2025-04-20 00:00:00,3.875695553403852,107542205.44830623,0.051049904929251294,0.03798724605787624,177231621.87008953,-0.5011461449140716
polkadot,2025-04-21 00:00:00,3.878558780275851,131554313.58082154,0.0007384918984897784,0.03768619282282226,174991475.88246477,-0.5007776093200341
polkadot,2025-04-22 00:00:00,3.791356419939267,138375515.82463697,-0.02273978674015707,0.03780887668518995,175116907.14068907,-0.5120017194254556
polkadot,2025-04-23 00:00:00,4.0214281858071566,221183005.9988948,0.05891326013025934,0.03947228988015648,177997756.64094692,-0.4823884059522586
polkadot,2025-04-24 00:00:00,4.0893318343573934,243429211.8128456,0.016744481387561887,0.03927873783687857,179031838.48988178,-0.47364829817368564
polkadot,2025-04-25 00:00:00,4.257528151823736,212680458.27914992,0.040307154796329625,0.04007262391382727,181093796.87863737,-0.4519991824928497
polkadot,2025-04-26 00:00:00,4.262217790758248,208528104.33728528,0.0011008871484555216,0.03999498688354228,181355108.86431658,-0.45139556323813607
polkadot,2025-04-27 00:00:00,4.266977250366512,144530312.28994662,0.0011160396917471729,0.0399591537700225,179843815.43454275,-0.45078295712886024
polkadot,2025-04-28 00:00:00,4.096871083389044,169777311.62057754,-0.04068214069297973,0.03814365518948868,178564174.3874372,-0.47267789598598314
polkadot,2025-04-29 00:00:00,4.236896520599812,191727714.96651155,0.03360751657713839,0.03713929362551537,179796879.73170814,-0.45465474937908934
polkadot,2025-04-30 00:00:00,4.137170970134625,140689016.94973508,-0.023818834840524133,0.03741837513042725,180375340.49907634,-0.46749076155151936
polkadot,2025-05-01 00:00:00,4.068623763452828,145093828.04871634,-0.01670741309252139,0.03755089334961536,179997051.23365244,-0.47631370386920335
polkadot,2025-05-02 00:00:00,4.172986887084501,134951567.47447014,0.025327258667149778,0.037204053272560635,179238037.30608138,-0.46288077400278343
polkadot,2025-05-03 00:00:00,4.161142468321199,126642477.41594069,-0.002842390904349772,0.03591577976336269,174788253.25531673,-0.4644053091165222
polkadot,2025-05-04 00:00:00,4.036384036126525,92765657.01902872,-0.030440417754393035,0.036172196541428926,171382860.995806,-0.4804633879819094
polkadot,2025-05-05 00:00:00,3.9219825496516623,142642571.29179627,-0.02875197220748894,0.036538749012820636,170340830.99689135,-0.49518838940918203
polkadot,2025-05-06 00:00:00,3.919661433995793,140939649.49048525,-0.0005919972211178697,0.03641283437509614,171507658.5088069,-0.49548714803897526
polkadot,2025-05-07 00:00:00,3.965020763790759,148427082.76016256,0.011505810648781093,0.0335737540283387,170312665.84467942,-0.48964879561408986
polkadot,2025-05-08 00:00:00,3.9681711182505817,121799490.10994104,0.0007942212093859596,0.033223714840019784,160135963.42559975,-0.4892433028591728
polkadot,2025-05-09 00:00:00,4.440020369945144,320384469.00398666,0.11235365120718466,0.0363050259553666,164354058.06015006,-0.42850999319027583
polkadot,2025-05-10 00:00:00,4.786301283667018,422202175.8329344,0.0750989742835782,0.036178173459963985,167836894.72387564,-0.3839390080928728
polkadot,2025-05-11 00:00:00,5.293898112384627,470412280.2805044,0.10079691921088975,0.03821722226234828,176205276.3645358,-0.31860450713786814
polkadot,2025-05-12 00:00:00,5.093336585881341,352192938.46676475,-0.038621724094230994,0.03933303621049812,182782138.0678011,-0.3444194581058855
polkadot,2025-05-13 00:00:00,5.074108071596386,394875187.5243903,-0.0037823736163563318,0.03898398748812594,191681550.2455372,-0.3468944250754143
polkadot,2025-05-14 00:00:00,5.202025194282246,304651489.1924686,0.024897250163270712,0.03873503558494872,196090798.70799452,-0.3304297804963793
polkadot,2025-05-15 00:00:00,4.981324890703816,262074518.26466215,-0.043352112242658836,0.04001242581148047,199499473.94581306,-0.3588368614297722
polkadot,2025-05-16 00:00:00,4.761099423351979,316048564.3673225,-0.04521728509758608,0.04018749067891231,205345749.5549153,-0.3871828245898762
polkadot,2025-05-17 00:00:00,4.7670044553806,210005955.67408785,0.001239497986125154,0.040219687590663335,207665641.9623007,-0.3864227679880886
polkadot,2025-05-18 00:00:00,4.610898442738383,182514996.32215083,-0.03329538286720686,0.040916515350797274,209527511.85288703,-0.406515699730436
polkadot,2025-05-19 00:00:00,4.736614077439167,211618791.03901103,0.026899822812891865,0.04104878476815373,213675362.02291784,-0.3903344160999449
polkadot,2025-05-20 00:00:00,4.588237974925576,248742095.0639124,-0.03182648388595273,0.04086704106405826,218382025.01010472,-0.4094324050213201
polkadot,2025-05-21 00:00:00,4.6723476360030025,198025666.39158455,0.018165584236956363,0.04091900192881021,220597736.77046347,-0.3986063666753528
polkadot,2025-05-22 00:00:00,4.765331207349123,284911843.32256943,0.01970539190463867,0.040616307144536686,225482281.0203946,-0.38663813738940395
polkadot,2025-05-23 00:00:00,4.9476331434261525,250980913.17441925,0.037542266332422386,0.03986616784618577,226475544.59291208,-0.36317343993096085
polkadot,2025-05-24 00:00:00,4.559349635372725,394644545.3789066,-0.08172931985309403,0.04296222157583098,231516055.71178073,-0.41315072070282777
polkadot,2025-05-25 00:00:00,4.542467780477936,165407810.35207325,-0.0037095611749876243,0.04241445628354962,229940300.78087822,-0.41532364122231247
polkadot,2025-05-26 00:00:00,4.518706055869128,187732733.902362,-0.005244746322380774,0.04243573458227397,229247121.76638076,-0.41838209299213314
polkadot,2025-05-27 00:00:00,4.46070724638636,191420774.8140692,-0.01291835315224102,0.04252249005154261,230810137.1838515,-0.4258473155056668
polkadot,2025-05-28 00:00:00,4.5341709734459394,195550811.71920276,0.01633493167644722,0.04184180155034628,231669253.8538057,-0.41639155125698496
polkadot,2025-05-29 00:00:00,4.573210597327551,197535389.25895777,0.008573235390836417,0.041466131604530644,231862842.99688724,-0.4113666295091086
polkadot,2025-05-30 00:00:00,4.364169921007003,221574192.4814612,-0.046787491751631397,0.042175688548926664,234559015.51461142,-0.4382729604670937
polkadot,2025-05-31 00:00:00,4.053512704116731,312800416.7304056,-0.07384416464765337,0.04427708294018211,240149235.1373344,-0.4782586993159236
polkadot,2025-06-01 00:00:00,4.080385882145245,202865334.5843774,0.006607723349761811,0.04403729209984181,242413027.3743313,-0.4747997618753496
polkadot,2025-06-02 00:00:00,4.069420664914147,125071879.65083064,-0.00269091635105777,0.04403705236933164,242360674.1154943,-0.47621113199258797
polkadot,2025-06-03 00:00:00,4.1506001328859,157654866.99983564,0.019752287571619655,0.04382281623331752,244523647.78152123,-0.4657622486906043
polkadot,2025-06-04 00:00:00,4.141402806063423,174018822.29508987,-0.002218361633965101,0.04346943273920064,245569522.81496432,-0.4669460676667487
polkadot,2025-06-05 00:00:00,4.019691197383671,179186631.14120576,-0.029829489378367584,0.04385132280428361,246844422.20332167,-0.48261197959455215
polkadot,2025-06-06 00:00:00,3.828299319827836,236778389.73157325,-0.04878442035277665,0.04471861291470989,249789465.76903537,-0.5072466740991319
polkadot,2025-06-07 00:00:00,3.893117941278585,161602302.68279672,0.016789701143464664,0.044838034143961175,251116226.18813056,-0.49890365057044866
polkadot,2025-06-08 00:00:00,4.027461641029691,108120364.3514386,0.03392594786052144,0.040054182490303424,244040756.03304562,-0.4816118195677562
polkadot,2025-06-09 00:00:00,4.024046992073592,122159266.5530081,-0.0008482010804238056,0.03723208428519625,234039325.72371474,-0.48205133055927857
polkadot,2025-06-10 00:00:00,4.156462929413557,205393985.51749453,0.03237634456690844,0.03223914812518068,225205382.56494775,-0.4650076283626899
polkadot,2025-06-11 00:00:00,4.283175536515207,328624315.5716632,0.030030227023589963,0.03243118690566842,224419761.80177772,-0.44869802104971834
polkadot,2025-06-12 00:00:00,4.191997865859547,300552105.0981892,-0.021517244350222717,0.03255502069583919,221275659.0542377,-0.4604338067629135
polkadot,2025-06-13 00:00:00,3.929244923229395,267762440.9014201,-0.06473016199246379,0.03368019329847998,220046024.11120272,-0.49425362479560336
polkadot,2025-06-14 00:00:00,3.836658086890601,347839182.7934453,-0.023845578122456065,0.0331858574202883,222904846.26216215,-0.5061707889797852
polkadot,2025-06-15 00:00:00,3.7858622958429455,128678427.53971045,-0.013328017617588745,0.032479140275109876,216659175.03457507,-0.5127088866804695
polkadot,2025-06-16 00:00:00,3.82226437780034,95184223.91459964,0.009569335870271372,0.03259307503127184,212831783.9759255,-0.5080234518553188
polkadot,2025-06-17 00:00:00,3.8667661099040367,167108130.80274197,0.011575511134151586,0.03239091430595337,212318221.7919452,-0.5022954837236545
polkadot,2025-06-18 00:00:00,3.7296335831414096,193751998.1186033,-0.03610853344452498,0.03223541824143659,211722662.0279316,-0.519946274063244
polkadot,2025-06-19 00:00:00,3.617463311440473,206317674.1072415,-0.03053695624085364,0.032203349702969605,210308514.66270924,-0.5343840883066523
polkadot,2025-06-20 00:00:00,3.5482078134488693,200788762.98945537,-0.019330402776706005,0.031881885089279575,210400617.88263828,-0.5432981971892927
polkadot,2025-06-21 00:00:00,3.438175557493428,241749468.84941077,-0.031501665229759605,0.031652360919065724,208961872.0668663,-0.5574608202103312
polkadot,2025-06-22 00:00:00,3.296537907554228,180073975.71215412,-0.042068170661282656,0.030777776133949625,206598307.4847908,-0.5756914801586923
polkadot,2025-06-23 00:00:00,3.155690434118208,314230714.1308273,-0.043665488715058015,0.028575324110989564,203917846.44318816,-0.5938204338224968
polkadot,2025-06-24 00:00:00,3.4165181732977827,281143042.4508116,0.07941464437406015,0.03310468844527932,207775687.51314607,-0.5602484152234601
polkadot,2025-06-25 00:00:00,3.4335414387893723,172281779.06409293,0.004970263472184706,0.03320230125605354,207260655.68520382,-0.5580572932688029
polkadot,2025-06-26 00:00:00,3.354618113067624,141061137.39422655,-0.02325428023459675,0.03329619874566413,205582001.10454237,-0.5682157808873461
polkadot,2025-06-27 00:00:00,3.2987078152109106,154840843.45309886,-0.0168071170953737,0.03295758684638671,204225002.1623389,-0.5754121840207989
polkadot,2025-06-28 00:00:00,3.358730662387401,154820431.3624642,0.01803230290703652,0.033191792200536,202801170.2324558,-0.567686440784613
polkadot,2025-06-29 00:00:00,3.4035017729887733,88517586.78325476,0.01324171128950575,0.03272167061295124,198365950.04251558,-0.5619238000373649
polkadot,2025-06-30 00:00:00,3.5490786861699632,121445509.60210349,0.0418832099455653,0.031526401813976535,191987453.13823885,-0.5431861042221799
polkadot,2025-07-01 00:00:00,3.4017772960506103,168328146.62375665,-0.04239001560557708,0.03219692937051748,190836213.53955147,-0.5621457632841566
polkadot,2025-07-02 00:00:00,3.2821561584071155,151216658.0927341,-0.035797457382651304,0.03264165416151033,191707706.1542816,-0.5775426036295787
polkadot,2025-07-03 00:00:00,3.5472964465262176,273402219.57907856,0.07768517719695722,0.035845541065499226,195565951.24025634,-0.5434155023017554
polkadot,2025-07-04 00:00:00,3.537101940848999,251057840.18585652,-0.0028780179082337396,0.03584382869548689,198133918.50328192,-0.5447276715337552
polkadot,2025-07-05 00:00:00,3.357722979858912,225619728.15665424,-0.05204467140549637,0.03659066451172634,199681688.40379685,-0.5678161430037663
polkadot,2025-07-06 00:00:00,3.353254135703438,100555202.24536896,-0.001331801536214974,0.03569191390495914,195140915.48759004,-0.5683913430172912
polkadot,2025-07-07 00:00:00,3.3940888986606934,151204514.75895998,0.012104101215543426,0.035606065952104825,194794322.5567955,-0.5631353628604245
polkadot,2025-07-08 00:00:00,3.368862073192542,134530783.1679943,-0.007460335754712167,0.03485689017677459,195674669.8506807,-0.5663823927065421
polkadot,2025-07-09 00:00:00,3.449547487050916,157793660.88751388,0.023668035665032117,0.03526566464546722,196862482.99516422,-0.5559971007769158
polkadot,2025-07-10 00:00:00,3.618100376765666,236937060.12055525,0.047706071037599586,0.03593268869709711,197913918.81526622,-0.534302089478562
polkadot,2025-07-11 00:00:00,3.8742351948066025,368000515.61897457,0.06839914393872364,0.037840848697924465,199226458.8168433,-0.5013341125978094
polkadot,2025-07-12 00:00:00,3.91360871285001,570104264.5537794,0.010111618565530634,0.03775760323250971,208211530.79869625,-0.49626621420548106
polkadot,2025-07-13 00:00:00,3.894062887610879,322854184.65712607,-0.005006836114842172,0.03587970458138316,210047922.25721982,-0.49878202333884114
polkadot,2025-07-14 00:00:00,3.983930538545639,253911011.15950903,0.022815847772361217,0.03583515742483373,206916983.20275527,-0.48721485468521747
polkadot,2025-07-15 00:00:00,3.945655164820056,416748556.6218357,-0.00965388922480946,0.035789847334648746,216519320.83882612,-0.49214140721617994
polkadot,2025-07-16 00:00:00,4.076744966774124,386886897.9077191,0.03268385249969381,0.036218507838973034,226242743.30526343,-0.47526839638079477
polkadot,2025-07-17 00:00:00,4.156787846984512,458087207.6522561,0.01944375610171971,0.036317480472238955,235942045.8669139,-0.4649658071255409
polkadot,2025-07-18 00:00:00,4.280364916840727,534942983.137862,0.029295643060336392,0.035885972359536715,247315078.7008892,-0.4490597853938148
polkadot,2025-07-19 00:00:00,4.227374467473635,795890470.8886572,-0.012457159823563931,0.035424548234363626,266967505.2602697,-0.45588036497372875
polkadot,2025-07-20 00:00:00,4.408435530477332,320071895.43031603,0.041938764444784477,0.03572679360745643,270943609.6749651,-0.43257538447648003
polkadot,2025-07-21 00:00:00,4.487874671435235,488274868.136208,0.017859371046435594,0.03501071313732206,279161122.98452497,-0.4223505045380235
polkadot,2025-07-22 00:00:00,4.503811534144553,588458461.3726325,0.003544803284501992,0.0336872181826863,292773939.1732076,-0.4202992171520635
polkadot,2025-07-23 00:00:00,4.541929356743654,658706605.987912,0.00842784437002903,0.03210983766536672,304256468.9017771,-0.41539294355832296
polkadot,2025-07-24 00:00:00,4.1142063415926335,634277338.357102,-0.09890594429899842,0.035547410124151906,316027612.09865344,-0.4704466163963943
polkadot,2025-07-25 00:00:00,4.000296367709187,602269822.0613778,-0.02807749562396564,0.036094499608918154,330360546.8652296,-0.485108353579179
polkadot,2025-07-26 00:00:00,4.087330887128408,421381940.1507375,0.02152371188536751,0.03580655865314226,339704573.62377995,-0.4739058468446916
polkadot,2025-07-27 00:00:00,4.126793852864665,203569576.20186287,0.009608636490455978,0.035535248986873165,341328864.7154054,-0.46882643533793217
polkadot,2025-07-28 00:00:00,4.237466608794557,206319623.55008063,0.026464794066694313,0.035654862085065825,343045504.45499265,-0.4545813714035056
polkadot,2025-07-29 00:00:00,3.948036844310257,359164885.4318071,-0.07074713881859741,0.03840023561526183,352067081.0766111,-0.49183485321086795
polkadot,2025-07-30 00:00:00,3.897112332250897,315936378.6376639,-0.01298260267073128,0.03788349797015769,358550110.0444631,-0.49838951902740003
polkadot,2025-07-31 00:00:00,3.80830883468876,341376947.3013756,-0.02305063606872098,0.03724150634307948,364318403.4003837,-0.5098197169089336
polkadot,2025-08-01 00:00:00,3.682442281803306,268323560.5188938,-0.033609019599892334,0.03716340565457538,368221966.81458896,-0.5260204257283198
polkadot,2025-08-02 00:00:00,3.552073547453186,416592758.6099664,-0.03604466474439745,0.035114603952448,372994984.7822853,-0.5428006255188099
polkadot,2025-08-03 00:00:00,3.509726383543617,267317888.23361272,-0.01199344980982177,0.03518014471597502,373536986.3838771,-0.5482512719065766
polkadot,2025-08-04 00:00:00,3.603560654102104,181645980.60489064,0.026384346205083103,0.03409657084711082,372071194.79881835,-0.5361735462539086
polkadot,2025-08-05 00:00:00,3.7188545941044713,219155361.38975075,0.03149328882405453,0.03449848513140049,376024533.4369644,-0.5213336741210951
polkadot,2025-08-06 00:00:00,3.6154700955183294,208482251.5158693,-0.028193828651750297,0.03493169922538704,377933791.3288614,-0.5346406418550617
polkadot,2025-08-07 00:00:00,3.6737083507938455,175535186.83736897,0.0159797143030316,0.03497246461119336,379300604.7845072,-0.5271445994654177
polkadot,2025-08-08 00:00:00,3.861270765811059,258222749.99415767,0.049794741525117925,0.03582275695157205,382648241.08806205,-0.5030028080085556
polkadot,2025-08-09 00:00:00,3.97877761482706,384155296.6839349,0.029978296930258764,0.03521384841049322,387555515.6401747,-0.4878781048880667
polkadot,2025-08-10 00:00:00,4.141002464784791,270524788.8712553,0.03996325960945796,0.033749710946418286,384306324.74858403,-0.46699759694386644
polkadot,2025-08-11 00:00:00,4.060888284954772,264913322.22735587,-0.019536160697668028,0.033944162753268406,374133293.3377033,-0.477309363413798
polkadot,2025-08-12 00:00:00,3.866654254844748,328864845.9377884,-0.04901213959534569,0.03515234220120966,374333648.7137253,-0.5023098809658445
polkadot,2025-08-13 00:00:00,4.147677626213935,488365516.3793482,0.07015896997719728,0.03722449473063092,382148798.88772,-0.4661384143877638
polkadot,2025-08-14 00:00:00,4.28768471671229,505678582.6926361,0.033198324716830305,0.03760817798443589,385113133.09008,-0.44811762924814447
polkadot,2025-08-15 00:00:00,3.993106031696323,557144396.2720555,-0.07117751205634715,0.03949287164851104,390788383.03555787,-0.4860338459946579
polkadot,2025-08-16 00:00:00,3.88627847120248,411626932.76318365,-0.027117373621143137,0.03958909733656327,389239707.2059221,-0.49978398184704065
polkadot,2025-08-17 00:00:00,3.966482378720956,178235988.60818982,0.02042764272248677,0.0393780319031355,377349474.054933,-0.48946066622349843
polkadot,2025-08-18 00:00:00,4.06624939317904,276786480.0610931,0.02484139834771693,0.039642004787584874,360046007.69401425,-0.4766193170806023
polkadot,2025-08-19 00:00:00,3.913150584624701,373014847.27794427,-0.038378223919022195,0.03933240031955702,361810772.7556018,-0.49632518143553567
polkadot,2025-08-20 00:00:00,3.716261938519478,304339347.3027621,-0.051624517809966644,0.04004188960426188,355679588.72782034,-0.5216673835716087
polkadot,2025-08-21 00:00:00,3.883074556213311,280065015.726075,0.04390894339534804,0.041049184718566695,345399807.20626837,-0.5001963685584557
polkadot,2025-08-22 00:00:00,3.792795500121656,172140425.38919666,-0.02352390505962298,0.041104768168611715,329180934.51964456,-0.5118164905583089
polkadot,2025-08-23 00:00:00,4.178545110258551,475936294.2086096,0.09685978002446399,0.04138667396719974,323902899.71469486,-0.4621653563391417
polkadot,2025-08-24 00:00:00,4.22453461361594,314515688.98590714,0.010945977915611284,0.041068985424779325,314311095.2788458,-0.45624589214821176
polkadot,2025-08-25 00:00:00,4.110871894460837,382399697.2672409,-0.027273958337488472,0.04122764417517489,313011687.1827292,-0.47087580434043075
polkadot,2025-08-26 00:00:00,3.735445787569332,449078978.7774197,-0.095767980216969,0.044737250102860115,321195333.9352478,-0.519198165615234
polkadot,2025-08-27 00:00:00,3.8881735986585824,252697067.08012748,0.04007236989795574,0.045117030568016775,322741248.7195827,-0.4995400535961424
polkadot,2025-08-28 00:00:00,3.833266009337743,254995566.2950279,-0.01422235169675482,0.04332938659068971,319268938.08169,-0.5066073947298182
polkadot,2025-08-29 00:00:00,3.980550988463109,348863339.40674686,0.03770306526143922,0.04383065421813942,320366503.44065946,-0.4876498479822646
polkadot,2025-08-30 00:00:00,3.777955874411,421057167.1159388,-0.05223715963167179,0.044691615765724335,323022510.7678116,-0.5137265488670146
polkadot,2025-08-31 00:00:00,3.8061736351686655,163010746.96201068,0.007441299869754698,0.04426192034328974,319512083.64924884,-0.5100945456454274
polkadot,2025-09-01 00:00:00,3.7406605099674457,210523398.65438503,-0.017362186488493296,0.0438507821924534,312643104.9840628,-0.5185269610957723
polkadot,2025-09-02 00:00:00,3.6870215864992897,345934297.5060738,-0.01444322878179436,0.04387948009181006,315263651.95981145,-0.5254310079658234
polkadot,2025-09-03 00:00:00,3.816683218463477,231922972.52957493,0.034562804043413706,0.0440635157158277,316939551.6906343,-0.5087418217098854
polkadot,2025-09-04 00:00:00,3.864941202600432,186851080.017184,0.012564691104353222,0.04375985350722405,315862742.31154877,-0.5025303737017329
polkadot,2025-09-05 00:00:00,3.766488565197457,167510416.60500073,-0.02580331678602493,0.04370646868413922,314497014.48118645,-0.5152025449378655
polkadot,2025-09-06 00:00:00,3.829114029298823,226479149.97892943,0.016490300133793104,0.043712455361599144,316195146.5859051,-0.5071418100934905
polkadot,2025-09-07 00:00:00,3.8237118445202616,127365148.36284414,-0.0014118146067728604,0.04274587937733912,311833226.53152794,-0.5078371435286219
polkadot,2025-09-08 00:00:00,3.997483504765906,330995701.4101174,0.044443401446537405,0.043178884149108115,310061240.0224008,-0.48547040666197383
polkadot,2025-09-09 00:00:00,4.045761011294505,343750634.7742501,0.012004629775459217,0.04258775944485635,312502101.5525006,-0.4792564458609052
polkadot,2025-09-10 00:00:00,4.140641629812978,406955713.6979728,0.023181089769802248,0.042652945864153365,317236847.93485445,-0.4670440412309005
polkadot,2025-09-11 00:00:00,4.211853426949826,339419081.92320216,0.017052035871233884,0.0416952741178158,317588655.8010349,-0.45787813048279896
polkadot,2025-09-12 00:00:00,4.242731619212369,269826673.63589346,0.007304516871845208,0.03972929597139326,310304027.70958644,-0.4539036941433074
polkadot,2025-09-13 00:00:00,4.319706951636194,282321717.865069,0.01798025306741995,0.0393965345185534,302858798.88200086,-0.44399593931658443
polkadot,2025-09-14 00:00:00,4.49968449396343,483898390.0804169,0.04081971718000665,0.03766314572947605,300417265.34227955,-0.420830422422467
polkadot,2025-09-15 00:00:00,4.318931405528713,267364481.90024903,-0.04099927003949673,0.0381406487090739,295608516.98018175,-0.4440957624735334
polkadot,2025-09-16 00:00:00,4.148073526611803,315040021.6254158,-0.04036399581762303,0.03882015757419059,300168651.41408926,-0.466087456711397
polkadot,2025-09-17 00:00:00,4.253855293174495,294762797.18369496,0.025181683541720703,0.038827264297829914,300767861.98484266,-0.4524719285254296
polkadot,2025-09-18 00:00:00,4.400346548626808,316688009.9499891,0.03385759932396279,0.03850725003538895,298890300.7405775,-0.4336165446306387
polkadot,2025-09-19 00:00:00,4.540703894210576,418050097.4970018,0.03139874393875329,0.037344160392556856,302680659.08038545,-0.4155506769768708
polkadot,2025-09-20 00:00:00,4.357129411691623,642041064.6791971,-0.04126859410100289,0.03765269154476595,314746527.3788229,-0.4391791681826768
polkadot,2025-09-21 00:00:00,4.357162120002465,276641975.99741274,7.50682042781939e-06,0.03730651187261519,318229912.3990968,-0.4391749581855984
polkadot,2025-09-22 00:00:00,4.271606534683606,199365448.9849032,-0.019830961420727697,0.03321725531399639,309010884.22497326,-0.45018710632065034
polkadot,2025-09-23 00:00:00,4.035242834171254,469857718.48753446,-0.05692351224992886,0.03477255582100194,314188951.8750275,-0.4806102759371097
polkadot,2025-09-24 00:00:00,3.9759132556509456,235481407.27092436,-0.014812010294660801,0.034527961970442306,309291675.5418169,-0.4882467862247884
polkadot,2025-09-25 00:00:00,3.9940128737192095,261104554.9551642,0.004541986685993395,0.02954258925982074,303025861.41440845,-0.48591712329731557
polkadot,2025-09-26 00:00:00,3.797480757524952,372959427.7303677,-0.05045856992104513,0.03016117338759724,307034606.76941645,-0.5112134352652657
polkadot,2025-09-27 00:00:00,3.926439487985744,242055573.9263596,0.033395144197884315,0.030678251282103167,306603273.69046086,-0.4946147218341104
polkadot,2025-09-28 00:00:00,3.894050344858593,133888779.4500766,-0.008283196834929788,0.029910051111607164,299437455.02523845,-0.49878363775881945
polkadot,2025-09-29 00:00:00,3.998067136296691,182297075.31997007,0.02636119271258668,0.028659183031217207,291478785.2987062,-0.4853952854778999
polkadot,2025-09-30 00:00:00,3.982850814893085,248625629.72637844,-0.0038131803720346043,0.028657638776138212,294332614.7241851,-0.48735382956058687
polkadot,2025-10-01 00:00:00,3.9046653907135207,186559102.31378403,-0.019825755812621016,0.028717057503817194,293533804.84616506,-0.49741733938123045
polkadot,2025-10-02 00:00:00,4.120826431544298,263012939.15187672,0.05388164120360078,0.030091225087088884,290769759.5676918,-0.4695945222760233
polkadot,2025-10-03 00:00:00,4.306459596788887,355379316.0899925,0.04406239386286611,0.030474651086696378,294884971.0197057,-0.44570105106858116
polkadot,2025-10-04 00:00:00,4.32107904360153,311115625.1076022,0.003389022388564572,0.03043199798905341,299027122.5227197,-0.44381933272893875
polkadot,2025-10-05 00:00:00,4.200828638190599,210930405.54149872,-0.02822334904145319,0.030516043251259728,300474455.4872696,-0.4592971682524758
polkadot,2025-10-06 00:00:00,4.137657050301472,273447619.1273711,-0.015152102876953042,0.030603215263436373,302040071.125551,-0.4674281965327321
polkadot,2025-10-07 00:00:00,4.38742913480717,359307383.2935898,0.05861373929105019,0.03225090467698253,309771478.9565758,-0.4352791885594187
polkadot,2025-10-08 00:00:00,4.147928101244942,345939632.55039424,-0.05613448018823036,0.033178868290102415,310269609.9945851,-0.46610617490117395
polkadot,2025-10-09 00:00:00,4.196586424138258,266884496.0606028,0.011662481803994684,0.03317509600782195,307707405.37079686,-0.45984319794055367
polkadot,2025-10-10 00:00:00,4.076970340688221,274381575.92937523,-0.02891728964402415,0.03334900146539445,303288267.44517696,-0.4752393877436781
polkadot,2025-10-11 00:00:00,3.010257156374805,1093013309.1055849,-0.3033286398993142,0.0643850395050348,328408075.017923,-0.612539641835717
polkadot,2025-10-12 00:00:00,3.0003871408084595,803593346.6170287,-0.0032841818446468812,0.06430910225611706,346200297.4506275,-0.6138100448503979
polkadot,2025-10-13 00:00:00,3.243250163556933,402388835.1052813,0.07783463662050956,0.06615868640044925,350202534.69196796,-0.582550325533824
polkadot,2025-10-14 00:00:00,3.3742990302668594,459281449.13264006,0.03961164411827655,0.06612732832957906,349381969.9937087,-0.5656825836118681
polkadot,2025-10-15 00:00:00,3.252387201263129,417276231.4929361,-0.03679835784032058,0.06606294823635368,354379028.31346494,-0.581374266573311
polkadot,2025-10-16 00:00:00,3.1353961916881783,290252156.7229914,-0.03663370714286841,0.06600624977111078,353552766.1500508,-0.5964325742583928
polkadot,2025-10-17 00:00:00,3.0116506337691327,355524651.0360797,-0.04026723126841191,0.0659077846329054,355578161.2784636,-0.6123602826573302
polkadot,2025-10-18 00:00:00,2.893199420475808,375187905.774447,-0.0401253560782501,0.06553473205395215,357528157.8059455,-0.6276065380911671
polkadot,2025-10-19 00:00:00,2.931680761289277,128143152.75656684,0.013212941539134675,0.06518370067724724,347864592.98126435,-0.6226534748411873
polkadot,2025-10-20 00:00:00,3.0069460259707226,183245617.63203636,0.025349057157788964,0.06537771416274084,332571411.4130257,-0.6129658286050358
polkadot,2025-10-21 00:00:00,3.0868177362751963,216338764.43703583,0.02621574704579744,0.06572290622852396,330561304.3610132,-0.6026852712060679
polkadot,2025-10-22 00:00:00,3.006104601195977,275040956.45706886,-0.026495613234329342,0.06576332608336663,333083821.27675205,-0.6130741312275878
polkadot,2025-10-23 00:00:00,2.9206948496816607,254475692.97341764,-0.028823538004330705,0.06529561742712792,325904420.4262814,-0.6240675086014706
polkadot,2025-10-24 00:00:00,3.002462501172258,169109199.3874311,0.027611235501012514,0.06566351325863246,323692013.49683166,-0.613542918213667
polkadot,2025-10-25 00:00:00,3.0781819527758447,173832044.9387002,0.024906361939357472,0.06591696354476914,320782929.8296162,-0.6037968120458935
polkadot,2025-10-26 00:00:00,3.092137993816649,95098002.41902073,0.004523611404336416,0.06547825775426047,311520882.31923795,-0.6020004829021278
polkadot,2025-10-27 00:00:00,3.200873997055536,157176245.2185091,0.03456113755781919,0.06550331087933858,308691571.36230963,-0.5880047049430682
polkadot,2025-10-28 00:00:00,3.140135007561002,201318813.11919293,-0.01915810155954991,0.0655418226335732,310939239.15128016,-0.5958226252739778
polkadot,2025-10-29 00:00:00,3.0545006480875045,700054276.3946712,-0.02764966975207053,0.06533038559616754,328197812.5204369,-0.6068449126963349
polkadot,2025-10-30 00:00:00,3.076856970106326,298000187.62239444,0.0072924864238318645,0.06539206793821575,329843631.1169707,-0.6039673550370814
polkadot,2025-10-31 00:00:00,2.870994261993061,339965737.06370604,-0.06925020917840022,0.06630084627609523,334957185.6086348,-0.6304646389815179
polkadot,2025-11-01 00:00:00,2.8822290833792032,197436287.98175743,0.0039055795308505746,0.06525347874219162,332771297.2362975,-0.6290185672035742
polkadot,2025-11-02 00:00:00,2.964533055874142,171521382.23086372,0.028155552617675016,0.06484628570075104,326642699.4409932,-0.6184249451292275
polkadot,2025-11-03 00:00:00,2.9815654494006494,201998497.48514417,0.005728946500346043,0.06486739341700155,323005461.8535779,-0.6162326482743892
polkadot,2025-11-04 00:00:00,2.579548426867725,370020636.24946624,-0.1448341259081927,0.06919937882457133,328308469.5438435,-0.6679776160452924
polkadot,2025-11-05 00:00:00,2.514520135992116,388921348.9142576,-0.025532370719883554,0.06921961958992491,332157593.8700731,-0.6763476268332803
polkadot,2025-11-06 00:00:00,2.6721811961934767,257597701.15701708,0.0608130817733148,0.06930314237774697,328767271.13218725,-0.6560545396713362
polkadot,2025-11-07 00:00:00,2.6594629837687176,291541103.16705066,-0.00477084971117372,0.06892436783988355,326953986.8194092,-0.65769154371628
polkadot,2025-11-08 00:00:00,3.251160794538625,832214580.4185094,0.20088788351215442,0.07930735918121058,345798322.96467274,-0.581532121521924
polkadot,2025-11-09 00:00:00,3.247805197178512,670484539.2368517,-0.0010326558602044129,0.07922328083858181,359001755.0749219,-0.5819640317832288
polkadot,2025-11-10 00:00:00,3.226859621626869,426634070.6933381,-0.006470033339248589,0.05620451905935785,336789113.79451376,-0.5846600075034459
polkadot,2025-11-11 00:00:00,3.262921036889602,406652128.7880417,0.011113406851489338,0.05621651794878387,323557739.86688083,-0.5800184210383095
polkadot,2025-11-12 00:00:00,3.05271623312117,358943921.8879887,-0.06659105523972246,0.05575101605260071,322109576.092971,-0.6070745907690224
polkadot,2025-11-13 00:00:00,2.919596393037608,278092747.2208928,-0.04458637737091356,0.05570235047602903,316069952.6959128,-0.6242088946633992
polkadot,2025-11-14 00:00:00,2.8583811819324656,309987571.5390692,-0.021189940885784,0.055465798855627725,312493664.0307839,-0.6320881110850501
polkadot,2025-11-15 00:00:00,2.8220436827329336,345631367.3869731,-0.012794111615081372,0.05515656093174237,314339637.71958333,-0.6367652332454707
polkadot,2025-11-16 00:00:00,2.8337829221608968,191103716.89610848,0.004151207986420562,0.05473035989159351,308858939.91491765,-0.6352542361189619
polkadot,2025-11-17 00:00:00,2.797543085794601,217677597.5166821,-0.012870978029304614,0.054300702704424476,303608596.3063255,-0.6399187877665062
polkadot,2025-11-18 00:00:00,2.657851066700615,265288089.907606,-0.05122363599086706,0.05498428299594979,308180094.2113601,-0.6578990190023085
polkadot,2025-11-19 00:00:00,2.751827947454215,252374238.2518748,0.034747472393394964,0.05517938677499813,310484381.5653547,-0.6458029375101204
polkadot,2025-11-20 00:00:00,2.68568661105438,223151763.1904148,-0.024328982690171523,0.05502942801609033,310711481.5238007,-0.6543162121440412
polkadot,2025-11-21 00:00:00,2.5408524628387545,271554430.6935951,-0.05543677631777432,0.05567566706006905,310595263.9983515,-0.6729583041736892
polkadot,2025-11-22 00:00:00,2.349174783284178,325554149.3917731,-0.07843552957802093,0.05710751287346829,312964545.87896335,-0.6976297852181039
polkadot,2025-11-23 00:00:00,2.309724575172674,162664534.8022891,-0.016935824538981015,0.05674758681283591,312749723.72612536,-0.7027075546479246
polkadot,2025-11-24 00:00:00,2.2587171604645464,162615109.37796718,-0.02233126188874263,0.05643620308259228,312375825.8741009,-0.7092728911441746
polkadot,2025-11-25 00:00:00,2.3418282891799773,230713437.3366236,0.036134920450955815,0.057015001424528776,316896340.3713543,-0.6985753772685496
polkadot,2025-11-26 00:00:00,2.2963310188867823,192351115.4410692,-0.01961930440573662,0.05643406318642711,318068836.04543966,-0.7044314844805089
polkadot,2025-11-27 00:00:00,2.343804742966768,151247941.57545263,0.020462927408413507,0.05670124716444328,316399806.99398166,-0.6983209812311534
polkadot,2025-11-28 00:00:00,2.339548999642952,127880229.65071572,-0.0018173918644920012,0.05661612393168584,297327338.7691831,-0.698868752317424
polkadot,2025-11-29 00:00:00,2.28579630198074,147450346.85673112,-0.023243720941181992,0.05658967227133291,292309010.74366105,-0.7057874434479781
polkadot,2025-11-30 00:00:00,2.260358682714089,88632309.25841653,-0.011190944800540557,0.05547193988892643,283931229.816818,-0.7090616052753259
polkadot,2025-12-01 00:00:00,2.2212979646713715,82584163.81900108,-0.0174318160538716,0.055451195729496465,280102825.67805946,-0.7140892421238707
polkadot,2025-12-02 00:00:00,2.043772748567472,284668829.45778334,-0.0832942074038622,0.05661913532677814,283874407.2522901,-0.7369391118332225
polkadot,2025-12-03 00:00:00,2.247806142751304,224514103.480806,0.09515720648302185,0.05986735822356222,284624927.4521455,-0.7106772850585473
polkadot,2025-12-04 00:00:00,2.3667862723841164,212983595.74950427,0.05157833884722728,0.05509722109169597,279390359.4354801,-0.6953629510175713
polkadot,2025-12-05 00:00:00,2.274281765088402,180712565.927456,-0.03986873682595715,0.05536209946954406,272450066.6692534,-0.7072695183527591
polkadot,2025-12-06 00:00:00,2.127325815909106,172668485.87473685,-0.06679858945283872,0.05516451812632882,269619092.8265107,-0.7261847145454837
polkadot,2025-12-07 00:00:00,2.129007190642712,126423801.92452297,0.0007900579294318256,0.055183695374059934,264115182.78509316,-0.7259682991289098
polkadot,2025-12-08 00:00:00,2.0862977618916068,170762888.87208107,-0.02026467399120092,0.03871043511020552,242066793.06687886,-0.7314655738470683
polkadot,2025-12-09 00:00:00,2.1311050824672626,193984421.02230385,0.021249573852820523,0.0391941915600964,226183455.79306063,-0.7256982723918223
polkadot,2025-12-10 00:00:00,2.292463385941589,249974617.6260816,0.07298629054346907,0.042286346257758435,220294807.35748538,-0.704929300570081
polkadot,2025-12-11 00:00:00,2.197248180928796,198437903.8567744,-0.042421203208122406,0.04243301681601116,213354333.19310984,-0.7171847709569932
polkadot,2025-12-12 00:00:00,2.067815082729101,259891633.24855345,-0.06071321633827819,0.04219077667454853,210052590.23846197,-0.7338445418608059
polkadot,2025-12-13 00:00:00,2.01368347193496,193301325.5330268,-0.026526916179082552,0.0418518073015108,207226209.5155331,-0.7408120041793959
polkadot,2025-12-14 00:00:00,2.039862850957061,98593284.73238727,0.01291695761357308,0.04206700968863503,200179733.28864372,-0.7374423679504972
polkadot,2025-12-15 00:00:00,1.9563556962718585,166725971.90752357,-0.04179917178320461,0.04243552356596074,194216220.1059954,-0.7481908556652725
polkadot,2025-12-16 00:00:00,1.9018830705080592,206162028.4117908,-0.028238918781576337,0.042416869735992874,194718163.82318482,-0.7552022111715271
polkadot,2025-12-17 00:00:00,1.895589676266372,170436664.6839536,-0.0033145201680023846,0.042456008911471686,193143466.06209385,-0.7560122551844743
polkadot,2025-12-18 00:00:00,1.813414863567378,192269245.184052,-0.04431823222516992,0.042259747283539394,190709504.5713087,-0.7665892526655728
polkadot,2025-12-19 00:00:00,1.7587951315895212,220577132.1901517,-0.030582742424053375,0.04140267940110698,189649601.03591797,-0.7736195427091197
polkadot,2025-12-19 20:57:20,1.8719573267270344,216588347.48773828,0.06235559195270334,0.04368539513627963,189430820.5124954,-0.7590540546524648
ripple,2024-12-20 00:00:00,2.255279457563669,21062431962.10383,,,,0.0
ripple,2024-12-21 00:00:00,2.273996883525255,24697654647.91057,0.008265131603630982,,,0.0
ripple,2024-12-22 00:00:00,2.236596962769888,13839484154.079449,-0.01658352720245892,,,-0.016446777489592754
ripple,2024-12-23 00:00:00,2.1983060900755347,10514832661.665257,-0.01726839290654885,,,-0.03328535496160445
ripple,2024-12-24 00:00:00,2.254884049205664,9514499269.525232,0.02541144747464705,,,-0.00840495185286331
ripple,2024-12-25 00:00:00,2.3273593261078007,5432535821.124748,0.031635736220174265,,,0.0
ripple,2024-12-26 00:00:00,2.297189789777564,3322151976.469681,-0.013047743071683495,,,-0.012962990283365955
ripple,2024-12-27 00:00:00,2.154071423410433,4873873373.23111,-0.0643268086749861,,,-0.07445687511741847
ripple,2024-12-28 00:00:00,2.14158677198617,4902016228.946082,-0.005812700176984229,,,-0.07982117416836994
ripple,2024-12-29 00:00:00,2.180869510101245,2525595970.0449395,0.018176618614813306,,,-0.06294250069736343
ripple,2024-12-30 00:00:00,2.095671915727654,2675953522.389836,-0.03984942967195898,,,-0.09954947986807569
ripple,2024-12-31 00:00:00,2.056730467743344,6059015353.124691,-0.01875665508977603,,,-0.11628151069265592
ripple,2025-01-01 00:00:00,2.079333460354608,4128284760.622494,0.010929820243774556,,,-0.10656964868763225
ripple,2025-01-02 00:00:00,2.315149796797427,6878704641.749808,0.10742700187971267,,,-0.005246086916364773
ripple,2025-01-03 00:00:00,2.40463192614464,7459376387.38519,0.03792245409828679,,,0.0
ripple,2025-01-04 00:00:00,2.4548598712183725,5864224741.784014,0.02067283410096704,,,0.0
ripple,2025-01-05 00:00:00,2.4239342995923985,4561813417.310058,-0.012677716972770385,,,-0.012597693248627384
ripple,2025-01-06 00:00:00,2.403897929295378,4325348371.227318,-0.008300406635396931,,,-0.02075961341846423
ripple,2025-01-07 00:00:00,2.4191703139906173,4601519396.54358,0.006333078849432714,,,-0.014538327684684516
ripple,2025-01-08 00:00:00,2.277173382256464,6652119689.816548,-0.06048970670234688,,,-0.07238152003915427
ripple,2025-01-09 00:00:00,2.3749601881392275,7697257372.31326,0.04204574523447459,,,-0.032547553534894816
ripple,2025-01-10 00:00:00,2.276679069769941,5639756658.075597,-0.04226284163523504,,,-0.07258288081429203
ripple,2025-01-11 00:00:00,2.34255697398572,4846732925.585662,0.028525223884783027,,,-0.04574717219069421
ripple,2025-01-12 00:00:00,2.5750017025465097,6968218335.110517,0.09460713859168407,,,0.0
ripple,2025-01-13 00:00:00,2.506265236852104,4880658835.456561,-0.02705650370234286,,,-0.02669375543574581
ripple,2025-01-14 00:00:00,2.521790688596697,9352507594.244612,0.00617554829001569,,,-0.02066445777382993
ripple,2025-01-15 00:00:00,2.665683799958985,7423364604.740665,0.05549137016961573,,,0.0
ripple,2025-01-16 00:00:00,3.1717669545860816,23417331296.55123,0.17382822146728635,,,0.0
ripple,2025-01-17 00:00:00,3.243559135514916,24889336467.66615,0.022382393988671024,,,0.0
ripple,2025-01-18 00:00:00,3.307160626210212,13491956428.691526,0.019418778886791607,,8749951895.51634,0.0
ripple,2025-01-19 00:00:00,3.27913973256254,10204987556.110008,-0.008508893060876191,0.04913691572986077,8388037081.983213,-0.008472794888037136
ripple,2025-01-20 00:00:00,2.9594983276278826,13089511624.10229,-0.10256134127530349,0.053441976529789555,8001098981.189604,-0.10512410429266851
ripple,2025-01-21 00:00:00,3.0942466604471988,18183898272.877342,0.04452470109798131,0.053606121997484164,8145912785.149534,-0.06437968693616143
ripple,2025-01-22 00:00:00,3.17189708695212,9483639114.30823,0.0247853878715085,0.05339573392041418,8111539666.9043,-0.040900202483692104
ripple,2025-01-23 00:00:00,3.165211637985352,7359947674.323075,-0.002109937429563106,0.05339772413332496,8039721280.397561,-0.042921709668370146
ripple,2025-01-24 00:00:00,3.122175078798364,7860588482.871526,-0.013690022030140704,0.05344382687533332,8120656369.122453,-0.05593485419056553
ripple,2025-01-25 00:00:00,3.1030936929352904,6165183598.347699,-0.006130320254615067,0.05335673414272492,8215424089.851721,-0.061704572695269626
ripple,2025-01-26 00:00:00,3.1112088914665423,3013156759.40454,0.0026117824274314696,0.05150790411797754,8153400202.724169,-0.059250746150850624
ripple,2025-01-27 00:00:00,3.0173114670832017,3093938754.203019,-0.03064516954731518,0.05200540151282531,8093130953.566066,-0.08764290335034561
ripple,2025-01-28 00:00:00,3.050802421938607,14811833894.587118,0.011038452979898831,0.051989783922245195,8502672217.717472,-0.07751610316108964
ripple,2025-01-29 00:00:00,3.0611147556516607,8515976594.593953,0.003374503678369291,0.05111819561650023,8697339653.45761,-0.07439791965608379
ripple,2025-01-30 00:00:00,3.0691756838533526,6362709455.940402,0.002629869800514077,0.05081360635094252,8707462790.218134,-0.07196050305835137
ripple,2025-01-31 00:00:00,3.1319365812312867,4444654575.269272,0.02024251061801708,0.05082679959632059,8718008450.706358,-0.05298322784512595
ripple,2025-02-01 00:00:00,3.0378089439522897,4079932391.73757,-0.030515015836833664,0.048223851838965284,8624716042.372618,-0.08144499548139013
ripple,2025-02-02 00:00:00,2.8808649918084224,4285675849.353482,-0.05304592000626665,0.0491963283828468,8518926024.438228,-0.12890079514834335
ripple,2025-02-03 00:00:00,2.5701343337873217,13660382309.418026,-0.11413242593417716,0.053757141265787595,8778797943.359362,-0.2228577247145911
ripple,2025-02-04 00:00:00,2.692671869551836,31670736568.02988,0.04657579321655993,0.05430290333385034,9682428715.050022,-0.18580553716936915
ripple,2025-02-05 00:00:00,2.5396358959727894,12051077026.669235,-0.05851323800089441,0.05544123236913762,9939953003.564754,-0.2320796650016226
ripple,2025-02-06 00:00:00,2.382739358632423,6660157683.363499,-0.06376990588984861,0.0567078323087376,10008574279.792084,-0.27952112765599624
ripple,2025-02-07 00:00:00,2.322091886943189,6304942916.816331,-0.025782362003384334,0.05578847084223193,9997001720.692076,-0.29785935749841297
ripple,2025-02-08 00:00:00,2.392435922501591,7913782642.824578,0.029843606513157355,0.055520103232518624,10004219229.70912,-0.2765891370558663
ripple,2025-02-09 00:00:00,2.4256391631678023,3450039945.4201026,0.013783000767815795,0.05498078030559991,9931228672.620604,-0.2665493342101666
ripple,2025-02-10 00:00:00,2.398421850062732,4110259067.581117,-0.011284103509650091,0.054801433633850094,9906679544.020452,-0.2747791470863133
ripple,2025-02-11 00:00:00,2.4205102148292257,4147958037.311493,0.00916739192957759,0.05190081981208101,9812670867.42715,-0.2681001957854793
ripple,2025-02-12 00:00:00,2.415999707081464,4814243274.422465,-0.0018651916891462385,0.05168583405660156,9810457015.392681,-0.2694640568909892
ripple,2025-02-13 00:00:00,2.471858085297504,4845109298.913685,0.022856970255814454,0.051857616100984286,9660210405.548317,-0.2525739252858455
ripple,2025-02-14 00:00:00,2.5469915483007077,4437008065.063592,0.029942748608798177,0.05110793617565307,9560665187.559082,-0.22985550562163282
ripple,2025-02-15 00:00:00,2.7396888464817004,7692468675.335378,0.07293147657732123,0.0416080437327436,9036503100.185219,-0.17158881707502566
ripple,2025-02-16 00:00:00,2.761982091436805,3946216492.011967,0.008104216781334004,0.04136638801815713,8338399100.996747,-0.16484791529407675
ripple,2025-02-17 00:00:00,2.725189428942385,2966410173.436753,-0.013410630147360932,0.041121867681021974,7987547559.154922,-0.17597306664077197
ripple,2025-02-18 00:00:00,2.657177556541445,4243544437.819816,-0.02527345041532959,0.041264449405063824,7788832788.545247,-0.1965381011485991
ripple,2025-02-19 00:00:00,2.5598643991689105,4627790087.108664,-0.03731020247810653,0.03761239744498393,7506775403.978793,-0.22596308782789712
ripple,2025-02-20 00:00:00,2.735199200390807,4421689360.016513,0.06624997898869436,0.038786357560138346,7048035106.883432,-0.17294637015403594
ripple,2025-02-21 00:00:00,2.692229831317779,3770413761.6316905,-0.015834483189172206,0.0384503605261631,6857594261.794214,-0.1859391981202628
ripple,2025-02-22 00:00:00,2.5717797656907977,5146660908.757484,-0.04577160875175618,0.03913912793619433,6783818036.275362,-0.2223601885833142
ripple,2025-02-23 00:00:00,2.575864230459674,2039899166.1574712,0.0015869262245413567,0.03914739872063915,6589795059.05156,-0.22112515187644669
ripple,2025-02-24 00:00:00,2.5798851271909053,2072248429.8119545,0.0015597723114543726,0.039174471251498505,6453363886.767035,-0.21990933650317318
ripple,2025-02-25 00:00:00,2.276184020826259,7132791349.200123,-0.12524450786638472,0.04474642861403292,6590685039.760221,-0.3117407111142902
ripple,2025-02-26 00:00:00,2.3223450440589835,11111605787.309338,0.02007710429080261,0.04491371035463071,6857940607.530432,-0.2977828093217722
ripple,2025-02-27 00:00:00,2.189561722001525,5936591863.896251,-0.058876073161697295,0.04566044875723883,6562099206.507402,-0.3379330581500607
ripple,2025-02-28 00:00:00,2.198289525306682,4202173606.0705705,0.003978172605975384,0.045667160365125546,6418305773.556623,-0.3352939957362225
ripple,2025-03-01 00:00:00,2.1465990447641925,7266804533.901892,-0.023794819400630173,0.04564930714753022,6448442276.155339,-0.3509238626779209
ripple,2025-03-02 00:00:00,2.1894731626978965,2722347817.663738,0.019776199844140693,0.04563805699792999,6391032050.901822,-0.337959836197346
ripple,2025-03-03 00:00:00,2.9400745785854188,14741402315.716309,0.2947739979847613,0.0720629372745421,6746414381.701113,-0.11099734458481669
ripple,2025-03-04 00:00:00,2.388920229250619,12094018756.991076,-0.20759347096211447,0.08088881808529341,7006692478.622366,-0.27765219193838664
ripple,2025-03-05 00:00:00,2.457837324155463,9500571374.26868,0.028440349822420052,0.0784838830884243,6868032114.117388,-0.2568134415134282
ripple,2025-03-06 00:00:00,2.499863067769013,5198767002.65725,0.016954130726719686,0.07804343205939979,5985633128.604967,-0.24410594152673756
ripple,2025-03-07 00:00:00,2.5997307467157778,5916822614.47232,0.039171923227696824,0.0776617236657978,5781157981.531737,-0.21390853346760544
ripple,2025-03-08 00:00:00,2.380727791456965,8328229777.709091,-0.08800164504184571,0.07847794620742685,5836760384.67659,-0.2801293736418475
ripple,2025-03-09 00:00:00,2.3242332249590425,3009552907.467017,-0.02401604673930995,0.07845861833830113,5726914051.031612,-0.2972118721604216
ripple,2025-03-10 00:00:00,2.1362635270101267,5104105960.491239,-0.08433190137180646,0.07972162748388018,5633258161.620501,-0.35404905643843976
ripple,2025-03-11 00:00:00,2.029057833175655,6907399289.102193,-0.05148672382881796,0.08011558524720845,5748503473.0765705,-0.38646529077094705
ripple,2025-03-12 00:00:00,2.169350707525431,6722860049.514889,0.06685634592968197,0.08119911791390745,5835590172.474363,-0.3440443471863162
ripple,2025-03-13 00:00:00,2.2417249293681443,5394933491.485324,0.0328177176209671,0.08143925077878038,5877156020.946824,-0.3221602508200476
ripple,2025-03-14 00:00:00,2.2504187411894,4700482638.06465,0.0038706788175854345,0.08144766543226006,5873363999.734897,-0.31953146655346115
ripple,2025-03-15 00:00:00,2.3564128660327603,3738755688.116425,0.046024184592335086,0.08180411654573319,5836485546.041655,-0.28748157940757346
ripple,2025-03-16 00:00:00,2.392285579817487,2903593748.7332563,0.015108727829668196,0.08165160664515458,5785371735.497312,-0.2766345968024877
ripple,2025-03-17 00:00:00,2.300909638865169,3149719385.5106583,-0.03894467861154772,0.08065586077859246,5633946759.16982,-0.30426432250378477
ripple,2025-03-18 00:00:00,2.3408005213311123,2955610989.2377267,0.01718843409235248,0.08072695261367967,5600926575.744013,-0.29220234941732615
ripple,2025-03-19 00:00:00,2.2893484606821164,2950644595.364279,-0.02222571190052418,0.08077271195686518,5600401056.474929,-0.30776012433797056
ripple,2025-03-20 00:00:00,2.552057249371664,9834502912.85249,0.10863253627218535,0.08331970243204777,5786766338.976019,-0.22832376838733917
ripple,2025-03-21 00:00:00,2.4346891248225995,4258912106.63044,-0.04708071946355119,0.0834840641747945,5774470406.293411,-0.26381285942781896
ripple,2025-03-22 00:00:00,2.381259233831182,3380818952.23797,-0.02218964129700316,0.08255929652179032,5739774726.034127,-0.2799686791869108
ripple,2025-03-23 00:00:00,2.3671814913704625,1482324406.8968267,-0.0059294343221525814,0.08253269965415443,5663505080.876298,-0.2842254250943062
ripple,2025-03-24 00:00:00,2.4358937819105337,2036803299.3463092,0.028613742124404526,0.08236066436997792,5559843160.562592,-0.26344860222229133
ripple,2025-03-25 00:00:00,2.4467862393977198,3267297475.9622283,0.0044616790405852475,0.08236642444947781,5600756437.556083,-0.26015500426371013
ripple,2025-03-26 00:00:00,2.4520786954901945,2336452138.4735017,0.0021606875151020145,0.08236732102017041,5609563227.844802,-0.2585547021645226
ripple,2025-03-27 00:00:00,2.349686594688749,2854543228.9574385,-0.04265415666760658,0.07942301932166439,5466954957.170046,-0.2895154302253123
ripple,2025-03-28 00:00:00,2.339530083958925,2422690506.5141454,-0.004331864918230697,0.07934646766881535,5177324447.810206,-0.29258649688271343
ripple,2025-03-29 00:00:00,2.2038347130132383,3837465479.151629,-0.059751195998995144,0.07936911021825731,5107353568.318719,-0.33361727412112796
ripple,2025-03-30 00:00:00,2.1388622985209467,3354267610.342684,-0.029924842922882385,0.07955485122514705,5079090035.127789,-0.3532632550200799
ripple,2025-03-31 00:00:00,2.135945706762188,2477465471.988889,-0.0013645488675563505,0.07943770821877791,4919445399.730688,-0.35414515707698146
ripple,2025-04-01 00:00:00,2.090515957154788,3972610740.342424,-0.021498597630882226,0.07943784159161656,4961120830.486646,-0.367881940602812
ripple,2025-04-02 00:00:00,2.140991043686336,3641319247.188034,0.02385792139875688,0.05675002579911607,4591118061.535703,-0.3526195774349882
ripple,2025-04-03 00:00:00,2.030360837075233,5271112203.164092,-0.05305529684883408,0.04378149614428191,4363687843.074803,-0.386071296028372
ripple,2025-04-04 00:00:00,2.0641704630367608,4928791386.955327,0.01651490337821473,0.04351678893967048,4211295176.8310246,-0.3758481379230243
ripple,2025-04-05 00:00:00,2.1277037304012105,4939434201.608915,0.030314904461595127,0.043825160110901346,4202650750.129414,-0.35663731796437753
ripple,2025-04-06 00:00:00,2.148561695180789,1897079007.2541249,0.009755301936348142,0.04311750613048304,4068659296.555474,-0.3503304078571778
ripple,2025-04-07 00:00:00,1.9232068608073247,5107597669.95859,-0.11080460654371936,0.04477558441533715,3961304892.9637904,-0.41847189230382403
ripple,2025-04-08 00:00:00,1.8972731944488423,11995374383.503769,-0.013576338217561454,0.044680158413507344,4260832275.4983487,-0.42631356354076083
ripple,2025-04-09 00:00:00,1.791941720267648,5812951206.534424,-0.05711790267451267,0.04330617731910705,4284460450.366455,-0.4581630822325388
ripple,2025-04-10 00:00:00,2.050442640035333,8269048094.879033,0.1347558999591687,0.04945274037873389,4329848743.89235,-0.3799990772189964
ripple,2025-04-11 00:00:00,1.96981883924698,3847540778.090325,-0.04011411306274738,0.04833587479369518,4234004768.1781974,-0.40437763329800447
ripple,2025-04-12 00:00:00,2.0237864771088336,2990956512.0131035,0.027028671612357946,0.04819841848182165,4153872202.1957903,-0.3880592127670679
ripple,2025-04-13 00:00:00,2.156688589695265,2972887951.415155,0.06360373466981617,0.04971932895413045,4096285712.640807,-0.3478730447493601
ripple,2025-04-14 00:00:00,2.118179146058531,3631412098.056245,-0.018017158775348555,0.04898148488079196,4092707592.9721346,-0.3595173063952975
ripple,2025-04-15 00:00:00,2.127444298086899,2865825696.824176,0.00436457300478695,0.04887950508101302,4091448657.908499,-0.35671576359905754
ripple,2025-04-16 00:00:00,2.087166740701441,2529137788.826132,-0.019113879434579883,0.0485221711955698,4070762604.685681,-0.36889465719927955
ripple,2025-04-17 00:00:00,2.08351984341555,2975625490.375688,-0.001748823912708727,0.04837005540645142,4071429754.723613,-0.36999738479496636
ripple,2025-04-18 00:00:00,2.0677436115822867,2069087395.311297,-0.0076007258777880185,0.04825234957431773,4042044514.7218466,-0.37476771004262205
ripple,2025-04-19 00:00:00,2.062691684044618,1528702114.8309712,-0.002446197407907722,0.04337492438769262,3765184488.1211295,-0.3762952825160093
ripple,2025-04-20 00:00:00,2.0855273823856817,1198082570.278999,0.011009991831848746,0.04282149547896238,3663156836.909415,-0.3693903568344188
ripple,2025-04-21 00:00:00,2.0747196454629124,1454273605.4356875,-0.005195730524591788,0.04270068112780452,3598938658.682672,-0.37265833748135646
ripple,2025-04-22 00:00:00,2.0806696781556395,2357222891.83461,0.002863768612651454,0.04272136861191333,3628101941.5139318,-0.37085920119339655
ripple,2025-04-23 00:00:00,2.221159426695198,4117163104.17999,0.06533952128201458,0.04419773702928423,3697447268.3417206,-0.32837872793602396
ripple,2025-04-24 00:00:00,2.217823599038466,4996062046.359891,-0.0015029696060292067,0.04417606972603902,3755072754.021643,-0.3293873961060229
ripple,2025-04-25 00:00:00,2.206600349886956,4208930304.223753,-0.005073326314863039,0.04416511820614647,3817488692.8799844,-0.3327810169246074
ripple,2025-04-26 00:00:00,2.1852873809524738,3234722208.502314,-0.00970568354554588,0.043563868783719165,3830161325.5314803,-0.3392255085424535
ripple,2025-04-27 00:00:00,2.1932493737799863,2459783783.285445,0.0036368321424784474,0.0435760879612064,3831397768.0905237,-0.3368180074478857
ripple,2025-04-28 00:00:00,2.2566771719971905,3751692488.2109566,0.028509276982892805,0.042519855580486765,3828538668.3925014,-0.3176390786367114
ripple,2025-04-29 00:00:00,2.295967962237841,4072974943.4389,0.017261071143086865,0.0422161515696374,3852495579.495709,-0.30575855794797935
ripple,2025-04-30 00:00:00,2.2399407863578777,2489793878.0180745,-0.02470509377491759,0.04250132372593177,3852906526.363348,-0.3226997296092321
ripple,2025-05-01 00:00:00,2.1934727928877984,3252726421.623423,-0.020963392824611685,0.04249141145911598,3828910382.4060483,-0.336750451277181
ripple,2025-05-02 00:00:00,2.214308522234661,2155611895.0543213,0.009454137149606493,0.04231226703376633,3779386804.001591,-0.3304502645908335
ripple,2025-05-03 00:00:00,2.2089170454344824,1739910937.9821632,-0.0024378044428327887,0.041068303227903495,3661680095.1621933,-0.3320805079958406
ripple,2025-05-04 00:00:00,2.188707355411367,1214767487.7877498,-0.009191249845569243,0.04104065267655317,3537879298.5232744,-0.3381913965517056
ripple,2025-05-05 00:00:00,2.1580623583353407,1372805879.5778592,-0.014100358118446774,0.04078254098966761,3418991687.7889056,-0.3474576525760293
ripple,2025-05-06 00:00:00,2.1371617409153263,2194829695.4970164,-0.009732103332258338,0.04078477948108269,3428916710.7303357,-0.3537774597406317
ripple,2025-05-07 00:00:00,2.1553467775958843,2048616981.349132,0.00847296884598242,0.0350372928769285,3326950687.776687,-0.34827877408973335
ripple,2025-05-08 00:00:00,2.1289110212370352,3559099566.438218,-0.012341036938362733,0.03501688924636374,3045741527.207835,-0.3562722643814773
ripple,2025-05-09 00:00:00,2.318857034757937,4731256282.308641,0.08546381550135745,0.03611680799582305,3009685029.7336426,-0.2988374932924881
ripple,2025-05-10 00:00:00,2.34260418658349,6008731144.741504,0.010188803953809158,0.02716260120810456,2934341131.3957243,-0.29165696760608806
ripple,2025-05-11 00:00:00,2.465515991652043,4343182682.254746,0.05113790202641249,0.027110511517009602,2950862528.2012053,-0.25449161068497544
ripple,2025-05-12 00:00:00,2.3665185406774456,3957902320.317386,-0.040981207856699585,0.02823964266366026,2983094055.1446815,-0.28442588426999993
ripple,2025-05-13 00:00:00,2.5407166812994824,10787624520.70423,0.07102629424901563,0.028795887470366044,3243585274.120984,-0.23175286341898177
ripple,2025-05-14 00:00:00,2.5882656119238727,6137110174.707251,0.018541804268012652,0.028540424814208862,3327108543.342684,-0.2173752942596397
ripple,2025-05-15 00:00:00,2.552660064054796,4956660171.954109,-0.013852025662315519,0.028784154444203066,3396803025.8470154,-0.22814149278864138
ripple,2025-05-16 00:00:00,2.3780203600308965,5285627666.563696,-0.07086761776740146,0.031744443872370645,3488686021.7716007,-0.28094803101355525
ripple,2025-05-17 00:00:00,2.387491166631724,3668091279.885704,0.003974733464205102,0.03172372653349105,3511768214.7552686,-0.278084303583515
ripple,2025-05-18 00:00:00,2.352615765613394,2378581122.524433,-0.014715292646648927,0.03184397543000895,3522084672.3290396,-0.2886297245533741
ripple,2025-05-19 00:00:00,2.4178990437197814,2871045382.6763167,0.02737119846489279,0.03209045333855583,3566829447.923884,-0.26888974652237124
ripple,2025-05-20 00:00:00,2.380872760920828,3326769717.093891,-0.015431872611704497,0.03229060964623994,3637785686.151047,-0.2800855386183189
ripple,2025-05-21 00:00:00,2.356578233921423,2736702822.998838,-0.010256460698950025,0.03235570142261094,3680533326.7364855,-0.28743157642696465
ripple,2025-05-22 00:00:00,2.40289962663494,3857208347.067667,0.019465519825649594,0.03247300302790803,3730532841.9109206,-0.27342518304334534
ripple,2025-05-23 00:00:00,2.4284164339274192,3423292472.9337497,0.01056318578120436,0.030427130529005336,3707403820.8693795,-0.2657095592268754
ripple,2025-05-24 00:00:00,2.2991928362328755,3803614983.515717,-0.05468125106756497,0.03219460385826605,3667655585.4412403,-0.304783439301042
ripple,2025-05-25 00:00:00,2.3319094660057416,1372961335.218897,0.014129324694447085,0.03225638870912088,3573123286.4744115,-0.2948907750277748
ripple,2025-05-26 00:00:00,2.3405861862412927,1905275005.1451297,0.003713959671595231,0.032183707055395944,3528808379.695839,-0.29226715881549115
ripple,2025-05-27 00:00:00,2.3082922649115565,1661784737.5361876,-0.01389343306573971,0.03231724808082552,3502208411.5041966,-0.3020320069676484
ripple,2025-05-28 00:00:00,2.318667768777442,2048276738.5749948,0.004484811271765681,0.03192540234558652,3445427886.5163317,-0.29889472243914483
ripple,2025-05-29 00:00:00,2.2746048552552507,2074053702.379202,-0.019186435825367772,0.031974908832489574,3378797178.481008,-0.31221821001727457
ripple,2025-05-30 00:00:00,2.250553816367613,2179459280.652964,-0.010630020782839901,0.03170677774627193,3368452691.902171,-0.3194906233064949
ripple,2025-05-31 00:00:00,2.1423194738068942,3372833929.9944954,-0.049287218196818326,0.03276153296121003,3372456275.51454,-0.35221789445955903
ripple,2025-06-01 00:00:00,2.177000081626197,2268132685.3159456,0.016058711407508773,0.03285478002880862,3376206968.523261,-0.34173137392455727
ripple,2025-06-02 00:00:00,2.1802830722675224,1521954083.381058,0.0015068982880432605,0.03285492581913973,3368941740.0365577,-0.34073868230404547
ripple,2025-06-03 00:00:00,2.2004265864927537,1856646284.2520795,0.00919652648351363,0.03285745574159532,3390337699.918702,-0.3346478036011521
ripple,2025-06-04 00:00:00,2.2486280245071963,2193921747.996483,0.021669018828428237,0.03297026002839873,3417708228.865989,-0.320072933051342
ripple,2025-06-05 00:00:00,2.202322198067478,1714810311.215842,-0.020807915102272034,0.03316033383356036,3401707582.7232833,-0.3340746195956033
ripple,2025-06-06 00:00:00,2.0970164299223453,2893388349.562232,-0.04899676139048788,0.03435237887032144,3429866628.3303866,-0.36591636544566997
ripple,2025-06-07 00:00:00,2.163852346114403,1854390911.9791367,0.031374539876936176,0.03477554122163484,3373043006.5150843,-0.34570690973844986
ripple,2025-06-08 00:00:00,2.1779065492597427,953843043.4304752,0.006473990182904463,0.030898279515164974,3247129231.885812,-0.3414572815123648
ripple,2025-06-09 00:00:00,2.2629632981656744,2297445951.3852534,0.038311031384510696,0.03169985219472606,3123419725.4406037,-0.31573831635783556
ripple,2025-06-10 00:00:00,2.321075765224377,2774696976.06667,0.025355621814612615,0.03056240232444827,3071136868.5676675,-0.2981666064753023
ripple,2025-06-11 00:00:00,2.305016386019404,2612062557.9833493,-0.0069429847879353326,0.02968505460390115,3026275543.1565332,-0.303022548178798
ripple,2025-06-12 00:00:00,2.2701428874939213,2624047756.9494534,-0.015245009780613918,0.026485525674094824,2754156317.698041,-0.3135673938839325
ripple,2025-06-13 00:00:00,2.1954298391805,2202653947.4050665,-0.0334649216833076,0.02667721863999496,2623007776.787968,-0.33615869099883483
ripple,2025-06-14 00:00:00,2.148866270593598,3949716840.388356,-0.021437466804934427,0.026794924592749444,2589442999.069109,-0.3502383121148678
ripple,2025-06-15 00:00:00,2.141891800480294,1687489656.576244,-0.003250929621420934,0.02380469381629799,2469505065.402861,-0.3523472118332635
ripple,2025-06-16 00:00:00,2.166318490313782,1231293467.1767986,0.011339721106921977,0.023921978644102063,2388278471.645898,-0.34496121139533514
ripple,2025-06-17 00:00:00,2.255537416572947,4466552529.620607,0.040359088223597614,0.0250954823526271,2457877518.5491033,-0.317983711254556
ripple,2025-06-18 00:00:00,2.1632317759396997,3466660612.110638,-0.04178497068585637,0.02553349071608743,2477731359.5302477,-0.3458945541394459
ripple,2025-06-19 00:00:00,2.1686830671349613,2350823381.424604,0.0025168057407641098,0.025459530066709854,2445199815.0079374,-0.3442462244054565
ripple,2025-06-20 00:00:00,2.166239439916603,1450568729.9521885,-0.0011274146069356011,0.02542572132797445,2402328678.5730495,-0.34498511419477956
ripple,2025-06-21 00:00:00,2.1201128146436803,2098115334.487172,-0.02152338549103797,0.02528851789197593,2343692244.8203664,-0.35893261493222667
ripple,2025-06-22 00:00:00,2.044379922195215,2305504805.382443,-0.036374774737767464,0.02579232189802137,2306432655.9019895,-0.38183228658659385
ripple,2025-06-23 00:00:00,2.013512764553698,4449887424.63551,-0.015213686210280464,0.02416502801727454,2327975070.6059823,-0.39116571823091306
ripple,2025-06-24 00:00:00,2.1640075102022664,4004307867.6364536,0.07208099072221981,0.0277496101087317,2415686621.686568,-0.34565999212379456
ripple,2025-06-25 00:00:00,2.189036861724857,3119419439.9970093,0.011499826429238316,0.02784588358111676,2456158102.848297,-0.3380917623486135
ripple,2025-06-26 00:00:00,2.1839169388853152,2234760744.378113,-0.0023416324125393904,0.02775879047117591,2475257303.076361,-0.3396398948460087
ripple,2025-06-27 00:00:00,2.105597069865388,2569634191.4677787,-0.03652095495691259,0.028437569562228752,2492635884.8394537,-0.36332180143355675
ripple,2025-06-28 00:00:00,2.140945561649059,2600100605.537264,0.016648512127518292,0.028496036393297793,2510170781.6113896,-0.35263333002895547
ripple,2025-06-29 00:00:00,2.185743305637095,1909072124.173208,0.020708373659678793,0.02874280868151712,2501157876.3953977,-0.33908764868738384
ripple,2025-06-30 00:00:00,2.208077943964024,1320178860.3618104,0.010166472156333987,0.027310754671387393,2432736040.740975,-0.3323342306193528
ripple,2025-07-01 00:00:00,2.2397868943055363,3688723731.503887,0.014258296370307,0.02727849973713264,2480089075.613906,-0.3227462625931827
ripple,2025-07-02 00:00:00,2.171453605552325,2782662990.9534025,-0.0309839172672031,0.027893585381745505,2522112705.8663177,-0.3434084851086693
ripple,2025-07-03 00:00:00,2.234339504341481,3660413082.1301646,0.028548853001959567,0.028337086427527407,2582238265.795587,-0.32439341269556454
ripple,2025-07-04 00:00:00,2.2565985381225446,3456952710.4009995,0.009912947293765129,0.02811480385106854,2624339297.8757377,-0.3176628554904943
ripple,2025-07-05 00:00:00,2.220660517934634,1759263909.260319,-0.016053925667043372,0.02800597725999363,2625821084.47722,-0.3285295850660376
ripple,2025-07-06 00:00:00,2.2177115630108464,898181111.5827129,-0.0013288454883689693,0.026421450544736026,2559314176.54457,-0.3294212729085984
ripple,2025-07-07 00:00:00,2.2711234551626798,2334073292.9256063,0.023798786488714873,0.026164643537878327,2575303589.242785,-0.31327089553396215
ripple,2025-07-08 00:00:00,2.275084085302051,3876739211.500435,0.001742389059949997,0.026148586092258275,2672733461.511784,-0.31207330322230303
ripple,2025-07-09 00:00:00,2.3106154308712163,2680689161.887867,0.015496897048469946,0.025359600521885937,2685508235.1952043,-0.30132954155328423
ripple,2025-07-10 00:00:00,2.405267395272407,4432186610.184976,0.04014717110210695,0.025991521456934362,2740757889.665815,-0.27270923093061705
ripple,2025-07-11 00:00:00,2.5456780481070838,5263609598.373313,0.05673595769293569,0.027839164513403337,2829142791.0121465,-0.23025267417256867
ripple,2025-07-12 00:00:00,2.735777793849028,14004307576.909258,0.0720187426279447,0.030285008443959295,3208484785.0108066,-0.17277141842848767
ripple,2025-07-13 00:00:00,2.7403085663356155,7635333692.640345,0.0016547487466136977,0.02936287183440699,3389574109.8519826,-0.1714014297890851
ripple,2025-07-14 00:00:00,2.836943449825265,6320439963.46504,0.03465669302832013,0.029249674897203207,3468598213.954539,-0.14218153562253336
ripple,2025-07-15 00:00:00,2.954285567242737,10642114059.840887,0.04052962827353597,0.029692780058353945,3767085694.06336,-0.10670030846728075
ripple,2025-07-16 00:00:00,2.917723690315136,7556524928.072073,-0.012453096656642427,0.029991873114838377,3977926742.7598696,-0.11775567621623056
ripple,2025-07-17 00:00:00,3.0408154279719146,7793207547.31447,0.04132195818011648,0.03002605989437058,4088815243.349665,-0.08053591232534454
ripple,2025-07-18 00:00:00,3.494535310837583,19394273607.04806,0.13907469623791074,0.03669484615923962,4619735676.514246,0.0
ripple,2025-07-19 00:00:00,3.417044710420229,16031012566.653502,-0.02242435082588344,0.03728828476407771,5075741982.688542,-0.02217479393527172
ripple,2025-07-20 00:00:00,3.43091157808989,5783505866.425777,0.00404993432758394,0.03722224915989798,5220173220.570996,-0.01820663610133727
ripple,2025-07-21 00:00:00,3.455651421168503,7847665162.660737,0.007184991849261686,0.03660610631259998,5411824881.510115,-0.011127055877355015
ripple,2025-07-22 00:00:00,3.55629271011838,8362003947.111928,0.028707644771009,0.03528227022169809,5613708186.23443,0.0
ripple,2025-07-23 00:00:00,3.5512409390828505,7908195545.8158,-0.0014215259851182132,0.03491640166190851,5728985123.607106,-0.0014205160956397768
ripple,2025-07-24 00:00:00,3.1784172529582477,13257602437.964905,-0.11091374901713073,0.04079711455696076,6037428275.951387,-0.10625544294624552
ripple,2025-07-25 00:00:00,3.1443151661109243,10402261389.142485,-0.010787240476395824,0.041024159735818196,6280189674.256237,-0.11584466678889942
ripple,2025-07-26 00:00:00,3.1383147630505817,7590707148.3824,-0.001910157036932426,0.04101900788324415,6458721221.05638,-0.11753193033817652
ripple,2025-07-27 00:00:00,3.167241692335099,3792391471.850104,0.009175124326716756,0.03998727677960271,6499479797.069124,-0.10939791785877231
ripple,2025-07-28 00:00:00,3.232752992185551,4272843726.272193,0.020473013271953153,0.040003395262940805,6555237901.093622,-0.0909766839530088
ripple,2025-07-29 00:00:00,3.1234939366799126,7076691375.932294,-0.03438186702319207,0.04092611168108283,6727491876.152259,-0.12169942373052321
ripple,2025-07-30 00:00:00,3.1280707477497427,5629285480.992563,0.001464213238942346,0.04096963802416995,6871128763.506618,-0.12041246243602456
ripple,2025-07-31 00:00:00,3.0996192442543777,6061881858.858245,-0.009137160480854237,0.0411397965293596,6950234034.418428,-0.12841278912859816
ripple,2025-08-01 00:00:00,3.0232512791444304,5274343598.404958,-0.024946444727899118,0.040942490685277694,7033290054.666814,-0.14988682721681987
ripple,2025-08-02 00:00:00,2.961903198265873,9588289635.150091,-0.020500800680686437,0.04119739786454405,7230885939.767478,-0.16713739849404055
ripple,2025-08-03 00:00:00,2.769267387192411,6626410931.129626,-0.06724923004494142,0.04350795894428631,7336534547.125098,-0.2213049900776505
ripple,2025-08-04 00:00:00,2.9486352217251337,4775415471.329626,0.0627596225390432,0.04444820778323992,7437072932.52741,-0.17086824339974507
ripple,2025-08-05 00:00:00,3.072790598228309,5293305246.052242,0.041243711770105634,0.04477059821237068,7583577070.3430605,-0.1359567817672625
ripple,2025-08-06 00:00:00,2.964998128724256,4965545788.579667,-0.03570973704128981,0.045490546411045225,7671292820.198195,-0.16626712973084862
ripple,2025-08-07 00:00:00,2.992045726720115,4082166604.029814,0.00908094166231551,0.04547053065966987,7678140399.949175,-0.15866156961514086
ripple,2025-08-08 00:00:00,3.3154332521736825,7757095979.615032,0.10263096657960877,0.048568503518945545,7847353960.54008,-0.0677276809244085
ripple,2025-08-09 00:00:00,3.288160253111489,8889928900.443523,-0.00826009478264233,0.048406202637511546,7995945370.215365,-0.07539662194959357
ripple,2025-08-10 00:00:00,3.229511537620619,4765475379.036455,-0.017997315731298195,0.04786049944098916,7979340896.23747,-0.0918881540791065
ripple,2025-08-11 00:00:00,3.1838901988281205,4658567865.909019,-0.014227116960976501,0.04644760319847791,7667816239.204129,-0.10471649598209345
ripple,2025-08-12 00:00:00,3.1394273590070134,7508618703.880955,-0.014063368549040526,0.04657577077104337,7663592406.245482,-0.11721907758753927
ripple,2025-08-13 00:00:00,3.26747236546907,8587094638.178333,0.03997629554190052,0.046704361622856586,7739147562.06926,-0.08121388428673414
ripple,2025-08-14 00:00:00,3.2866811377117644,8018820706.857553,0.005861573803949743,0.04621382761816167,7651704450.303147,-0.07581253692630971
ripple,2025-08-15 00:00:00,3.0872106726905346,11518598907.612104,-0.06261029457855904,0.047696400284439396,7783773582.954482,-0.13190197648613433
ripple,2025-08-16 00:00:00,3.077372948183996,6586597945.239845,-0.003191694188253135,0.04711601499373015,7743553262.885328,-0.13466826298402243
ripple,2025-08-17 00:00:00,3.106969288649059,4207383821.7064447,0.009571451669821325,0.039247942334445056,7237323603.37394,-0.12634601763541675
ripple,2025-08-18 00:00:00,3.0953855433967075,3486012703.1641827,-0.003735277659646903,0.03909208835008694,6819156941.257629,-0.12960327067856295
ripple,2025-08-19 00:00:00,3.060621197547626,7891993830.459589,-0.011294567039069512,0.039093050987120626,6889439873.39209,-0.1393787162570919
ripple,2025-08-20 00:00:00,2.8587366392387112,6736297698.175642,-0.06823810838952948,0.04075184125439778,6852394291.242587,-0.1961469788172889
ripple,2025-08-21 00:00:00,2.952309340790555,6872631153.732158,0.0322078987824129,0.04086045486241645,6802748531.463262,-0.16983511160635595
ripple,2025-08-22 00:00:00,2.8498230079250755,4464611989.418837,-0.035330801619124746,0.04119125794411891,6687962412.916697,-0.1986534179774499
ripple,2025-08-23 00:00:00,3.0732747821154365,9726315601.629562,0.07548680747680488,0.03903025920491499,6570252851.705519,-0.13582063327595584
ripple,2025-08-24 00:00:00,3.0458254666203546,4525709190.859716,-0.008971743720586532,0.0390161602891822,6374367778.429426,-0.14353915301899695
ripple,2025-08-25 00:00:00,3.02786808477519,6158205320.189804,-0.005913184133383405,0.03902600909410023,6326617717.489673,-0.14858861978366228
ripple,2025-08-26 00:00:00,2.862667277824852,6677411739.169651,-0.05610496465151085,0.04022928532904591,6422785059.733658,-0.19504171586327015
ripple,2025-08-27 00:00:00,3.011834539503525,6168659352.468927,0.050795569823948145,0.04121777836353732,6485978913.940216,-0.15309711966783848
ripple,2025-08-28 00:00:00,2.967121719439904,6346605091.344013,-0.014957009782554301,0.04084830631702935,6461642704.4539385,-0.16566999364314527
ripple,2025-08-29 00:00:00,2.9671844322262277,5916089545.532232,2.1135676091987262e-05,0.04084528663408032,6471202839.938595,-0.16565235932802125
ripple,2025-08-30 00:00:00,2.823231531748928,7414077139.444236,-0.049731338444509283,0.04176026615497616,6516276015.958128,-0.20613072042234973
ripple,2025-08-31 00:00:00,2.8166293700860887,3135065485.865118,-0.0023412508902404764,0.041556172579848984,6444966745.5401325,-0.20798719349726133
ripple,2025-09-01 00:00:00,2.776712609891609,3175920948.223113,-0.014273197670544411,0.041477907876862063,6231221122.642567,-0.21921145523502783
ripple,2025-09-02 00:00:00,2.752094842681695,8149612555.21553,-0.00890533089219536,0.03964784479869538,6281994510.112098,-0.2261337670964422
ripple,2025-09-03 00:00:00,2.861352340590463,7818514399.960052,0.03893197677443961,0.03856687809297844,6383431141.066445,-0.19541146530224285
ripple,2025-09-04 00:00:00,2.8440111306765328,4282592689.81749,-0.006078933762124304,0.03773829275859546,6349740722.525287,-0.20028766963283437
ripple,2025-09-05 00:00:00,2.797620314598713,4435280469.053911,-0.01644625749474552,0.0373166645265948,6332065211.874429,-0.21333238216333794
ripple,2025-09-06 00:00:00,2.8160947139230124,6440056634.093668,0.0065819037572133095,0.03729400389127098,6410661546.209889,-0.2081375343737463
ripple,2025-09-07 00:00:00,2.810651604452461,1710108502.3145711,-0.0019347277664357428,0.031632649906286475,6209095296.966541,-0.20966809158999136
ripple,2025-09-08 00:00:00,2.881098102223723,3758634219.2118864,0.024755162802002142,0.032104309164001886,6038052140.925487,-0.18985912098112465
ripple,2025-09-09 00:00:00,2.9693752178894965,5571309023.778589,0.03018005936659431,0.03260206335747227,6064913262.416891,-0.16503632857863001
ripple,2025-09-10 00:00:00,2.94711316566773,5779762469.172943,-0.00752546302522406,0.032543968249171835,6102286415.859022,-0.17129623293307933
ripple,2025-09-11 00:00:00,2.9831115371091697,4348729235.861674,0.012140792439118099,0.032576656492879524,5996956766.925046,-0.16117378959791268
ripple,2025-09-12 00:00:00,3.042189592870322,5399056673.396303,0.01961062121555266,0.031882987406848105,5890688834.765644,-0.144561530547058
ripple,2025-09-13 00:00:00,3.1075619727179338,6431002504.182876,0.02126097018673006,0.032143176005668586,5837761561.343156,-0.12617935979333636
ripple,2025-09-14 00:00:00,3.1226735093963653,4890402318.793293,0.004851041780455764,0.030037991081347262,5616821675.049195,-0.1219301210747584
ripple,2025-09-15 00:00:00,3.031263732351221,4717722674.640647,-0.029709922980995788,0.030532848527098134,5554525832.6958885,-0.1476337918623358
ripple,2025-09-16 00:00:00,2.994086127054337,5703362169.728064,-0.012340553818689223,0.03054561830829482,5604391777.629943,-0.15808782597238139
ripple,2025-09-17 00:00:00,3.0381334165695297,4418021933.675096,0.014604266995907349,0.03067706001772398,5635458751.980307,-0.14570209366472597
ripple,2025-09-18 00:00:00,3.083983468328553,5960257002.778852,0.014978776091753592,0.03073685043341326,5571067524.390948,-0.1328094395734104
ripple,2025-09-19 00:00:00,3.0778034182571985,6283622329.630611,-0.002005928558501805,0.027894907476273018,5555978345.439447,-0.1345472183714748
ripple,2025-09-20 00:00:00,2.9911678094786853,4614169289.07877,-0.028552283782748957,0.027866406447124355,5480696283.284334,-0.15890843265848137
ripple,2025-09-21 00:00:00,2.976731672584084,2852138270.2347507,-0.004837938405377467,0.02706131345223691,5426947159.311533,-0.16296775456230767
ripple,2025-09-22 00:00:00,2.9733496913212485,2935908283.601556,-0.0011367850018176287,0.02316880735920505,5200600248.710598,-0.16391873962976655
ripple,2025-09-23 00:00:00,2.851139194678168,9546312187.865196,-0.04197052762835229,0.024310515515934245,5367953681.944114,-0.1982833171841862
ripple,2025-09-24 00:00:00,2.8290556379505225,5177734080.177338,-0.007775672717068524,0.024322695457453917,5335271307.277032,-0.2044930300868428
ripple,2025-09-25 00:00:00,2.928588968123988,6006921588.575711,0.03457776705792638,0.022999655907714193,5312921635.590567,-0.17650508356875308
ripple,2025-09-26 00:00:00,2.7391226387021668,8829708798.423235,-0.06688306191638782,0.02417657627649785,5401623283.789044,-0.22978144321225227
ripple,2025-09-27 00:00:00,2.78626651562758,7841983939.971406,0.017064868977049806,0.024344249985222128,5451469245.409958,-0.21652497622029762
ripple,2025-09-28 00:00:00,2.807776119760716,2726728376.6703687,0.007690220307775773,0.024407436040970454,5345157206.447895,-0.21047665402456364
ripple,2025-09-29 00:00:00,2.864956739306865,3125937768.2534404,0.02016049677926894,0.022972002723430803,5202219227.408202,-0.19439793829245916
ripple,2025-09-30 00:00:00,2.8820677870561946,4981231689.068481,0.005954767804764694,0.02298668574864009,5263758100.848314,-0.18958645365266974
ripple,2025-10-01 00:00:00,2.844933401817261,4802588407.507577,-0.012968359686369075,0.022958465846760912,5317980349.49113,-0.20002833464105935
ripple,2025-10-02 00:00:00,2.94479751207665,6110060192.870197,0.03450039977651251,0.02368149147660504,5249995270.746285,-0.17194737550761818
ripple,2025-10-03 00:00:00,3.0371524340279654,6959329544.208,0.030880318879019084,0.023293953822755575,5221355775.55455,-0.14597793781522944
ripple,2025-10-04 00:00:00,3.0413663901904453,6731126091.339507,0.0013865077856690003,0.023244632919369693,5302973555.605285,-0.14479300830971087
ripple,2025-10-05 00:00:00,2.9697246277119143,3974053735.733501,-0.02383765432000755,0.023487391398663158,5287599331.16127,-0.16493807743596575
ripple,2025-10-06 00:00:00,2.970720012302302,5225328731.739178,0.0003351212442916315,0.023472964208456085,5247108401.0827875,-0.16465818354884124
ripple,2025-10-07 00:00:00,2.991602626695257,6276385267.744164,0.007004887540332334,0.023480899072600207,5399317626.597107,-0.15878616566529083
ripple,2025-10-08 00:00:00,2.857057632365177,6973553770.362803,-0.04601694397693562,0.024650235458670063,5506481611.63547,-0.19661910161774268
ripple,2025-10-09 00:00:00,2.8805684212621,4524504225.602123,0.008195347785434601,0.02403253899849119,5471588118.362922,-0.1900080628722451
ripple,2025-10-10 00:00:00,2.8050759101908103,5321345626.7661,-0.026557042101945757,0.024457824798089778,5456307556.94936,-0.21123593054930614
ripple,2025-10-11 00:00:00,2.3838350726730484,14527451740.654482,-0.16272003518083689,0.03809369065711741,5795598307.10912,-0.32968535860657644
ripple,2025-10-12 00:00:00,2.385904536258076,10663249600.83191,0.0008677470405341348,0.03778660662481443,5971071404.690308,-0.32910344261885704
ripple,2025-10-13 00:00:00,2.5312630934147733,9631722980.003696,0.05914011164161279,0.03939995534495485,6077762087.217668,-0.2882298225304087
ripple,2025-10-14 00:00:00,2.60498951616126,8245602245.568772,0.02871022612459312,0.03988188317787513,6189602084.776852,-0.267498564235297
ripple,2025-10-15 00:00:00,2.5061812994119887,7790438551.147718,-0.038668450699902865,0.04009816083887766,6292025947.327086,-0.29528261487548807
ripple,2025-10-16 00:00:00,2.4107851679488945,5113981094.090992,-0.038807709719051606,0.04052363019418355,6272379911.472518,-0.3221072154466595
ripple,2025-10-17 00:00:00,2.3252186675017006,6480091801.452607,-0.03613840511683249,0.040639979010880595,6341115573.731768,-0.3461678053423505
ripple,2025-10-18 00:00:00,2.2957327819062083,7138067279.422384,-0.012761997658247462,0.04039242951486924,6380375916.286553,-0.3544589916981864
ripple,2025-10-19 00:00:00,2.3596315316088416,2539623709.4048047,0.027453388676672994,0.04094375426345877,6255575962.279025,-0.33649119351306284
ripple,2025-10-20 00:00:00,2.389625527633369,2947463809.1071744,0.012631194495128999,0.04095104041236677,6200019112.946639,-0.328057130720878
ripple,2025-10-21 00:00:00,2.490117031449711,4217817684.335096,0.04119303928557108,0.041904855243023384,6245541760.083317,-0.29979975372532786
ripple,2025-10-22 00:00:00,2.4235930180546776,4700479126.340988,-0.027078552685650993,0.042069446934986696,6304360788.174632,-0.3185057542763396
ripple,2025-10-23 00:00:00,2.3631248548137456,4117803198.46909,-0.025266323043873072,0.041696993367322424,6123410488.528094,-0.33550890001540873
ripple,2025-10-24 00:00:00,2.3942046738111324,2805206365.048355,0.01306626374738871,0.041844199572254916,6044326231.357129,-0.3267695128134052
ripple,2025-10-25 00:00:00,2.504825180033832,3957219500.767777,0.04516784571965453,0.04223733216060857,5976002828.430197,-0.2956639443915592
ripple,2025-10-26 00:00:00,2.593725390920985,3476558122.062582,0.034876273422313205,0.0411866918770517,5797564472.551509,-0.2706659427832513
ripple,2025-10-27 00:00:00,2.645881508384711,3352897036.201619,0.019909066164203626,0.041234902158330214,5647928242.425849,-0.25600007534345054
ripple,2025-10-28 00:00:00,2.6352743169545323,4581419643.337282,-0.004017001597523214,0.04119812356674345,5709751284.648081,-0.2589827295552366
ripple,2025-10-29 00:00:00,2.607884184498703,5077371785.758396,-0.01044804638673751,0.04100604644850239,5774799085.231579,-0.26668460751874024
ripple,2025-10-30 00:00:00,2.552145580993161,4668881978.998613,-0.02160482559490565,0.04110400538526259,5764387428.22925,-0.2823578403060623
ripple,2025-10-31 00:00:00,2.4373365011802237,5582711994.939218,-0.046028564497948614,0.04178875712315351,5790391547.810305,-0.3146412008647368
ripple,2025-11-01 00:00:00,2.5081131316915477,4396874744.250804,0.02862488488202961,0.041609884412614866,5733285366.189657,-0.2947393996688032
ripple,2025-11-02 00:00:00,2.504613534721328,1724358349.2869337,-0.0013962850048216218,0.04105435495245004,5558786326.358954,-0.2957234572972044
ripple,2025-11-03 00:00:00,2.527623366103904,2165286881.620203,0.009145035179535268,0.04112963533949246,5406591686.034978,-0.2892532836478003
ripple,2025-11-04 00:00:00,2.3075208080429306,5863736751.851877,-0.09110577533372147,0.04386860959811782,5469581119.905591,-0.3511442965654762
ripple,2025-11-05 00:00:00,2.2139228610122434,9099211476.071411,-0.04140771270269671,0.04424208269091482,5598710544.716666,-0.37746326259557317
ripple,2025-11-06 00:00:00,2.34683004244604,6437838342.036748,0.05829950721740211,0.045875040076229126,5604092313.859753,-0.34009086603899935
ripple,2025-11-07 00:00:00,2.2091841302505792,5338941722.061663,-0.06044222390233745,0.046359310217672825,5549605245.583048,-0.3787957543638074
ripple,2025-11-08 00:00:00,2.315839328722371,5583858447.572006,0.04714890729537534,0.04737943076433175,5584917052.982043,-0.34880519757742817
ripple,2025-11-09 00:00:00,2.28488170638292,2951176618.7135286,-0.013457929461432237,0.047255791498783506,5505911419.380292,-0.3575102240932069
ripple,2025-11-10 00:00:00,2.366057070769261,2983765683.3379188,0.03491063309894533,0.037555330928079465,5121121884.136407,-0.33468438522021965
ripple,2025-11-11 00:00:00,2.5281078242198647,5957396504.577135,0.06624624089121098,0.03947047940126234,4964260114.261247,-0.28911705804562127
ripple,2025-11-12 00:00:00,2.390172266260892,4127451459.310609,-0.056105686081389335,0.03931833500622604,4780784396.90481,-0.3279033923556508
ripple,2025-11-13 00:00:00,2.3832389457846697,4420961765.056469,-0.002904977193048539,0.03889064032984675,4653296380.887734,-0.3298529845409329
ripple,2025-11-14 00:00:00,2.331388577331738,7201868744.560643,-0.02199641808354823,0.03847981500714953,4633677387.33483,-0.3444328778960009
ripple,2025-11-15 00:00:00,2.2488473348561304,6710968069.827529,-0.03604625667416448,0.03839294938924003,4686910286.526049,-0.36764279035364555
ripple,2025-11-16 00:00:00,2.235455773730874,2804052321.776316,-0.005972656446409249,0.037868070420164754,4564375637.2035055,-0.3714083862190125
ripple,2025-11-17 00:00:00,2.218219988506596,4122565537.6581736,-0.007740065596154717,0.03782678848296337,4463858912.478032,-0.37625494600168696
ripple,2025-11-18 00:00:00,2.160590388035999,5961092428.323819,-0.02632355514275119,0.03769881353296127,4577907869.775332,-0.3924599114441066
ripple,2025-11-19 00:00:00,2.2139034771189343,5619054259.061808,0.02437572458889036,0.037926355630286734,4666960884.77382,-0.37746871318552433
ripple,2025-11-20 00:00:00,2.1066834909527383,6046696552.094389,-0.049642331061661896,0.03793995886273168,4727923513.69913,-0.40761808358496676
ripple,2025-11-21 00:00:00,2.0000407183731164,6586717744.018607,-0.05194736613125151,0.038690286818193045,4790798134.288384,-0.4376051463135778
ripple,2025-11-22 00:00:00,1.950091461265794,8745429497.04679,-0.025291264850296282,0.03869070640918938,4945052344.240975,-0.45165046293366545
ripple,2025-11-23 00:00:00,1.9508235490170465,2948690879.784788,0.0003753415585407998,0.03853957278431636,4949835161.398855,-0.4514446059328709
ripple,2025-11-24 00:00:00,2.0449210167731326,4002055288.703568,0.04710754989656543,0.038631328343284366,4951329687.663382,-0.4249851788198103
ripple,2025-11-25 00:00:00,2.2241484224164743,6557948088.8720255,0.08401494471552858,0.04140016097743915,5054042686.557031,-0.37458791958032106
ripple,2025-11-26 00:00:00,2.1989437346568157,4893770222.936652,-0.011396986400670132,0.04114115785653317,5105405126.114864,-0.3816752686300621
ripple,2025-11-27 00:00:00,2.224254821804325,3864980774.471227,0.011444823515261576,0.04126568826456316,5081523830.485995,-0.37455800095535857
ripple,2025-11-28 00:00:00,2.201122232723185,2726085217.202768,-0.01045461188637934,0.04126571459360751,5003147611.534141,-0.3810626930509567
ripple,2025-11-29 00:00:00,2.180631384763347,4166261166.887878,-0.009352875182102918,0.041162892019264076,4986393584.463784,-0.38682454946438893
ripple,2025-11-30 00:00:00,2.2028096835323647,2086873493.9106789,0.010119213501518794,0.040515934869705145,4869865634.429499,-0.3805881958858671
ripple,2025-12-01 00:00:00,2.1652461437750383,1875297052.0970683,-0.01719962714040376,0.04012998604736233,4785813044.691041,-0.39115075156370843
ripple,2025-12-02 00:00:00,2.0310598795228767,5252157088.012026,-0.06397628232480813,0.041543189287737356,4903406335.981877,-0.4288828155949886
ripple,2025-12-03 00:00:00,2.1570887957334866,4354900493.85988,0.060201767929003204,0.043238050880460434,4976393456.389867,-0.39344453014339126
ripple,2025-12-04 00:00:00,2.203321627854195,3877677225.490404,0.021206519687450485,0.040314386926762154,4910191472.177816,-0.38044424139067784
ripple,2025-12-05 00:00:00,2.0971829811461946,3381495523.133888,-0.04937104591129875,0.040611065485806626,4719600940.413235,-0.4102895481074209
ripple,2025-12-06 00:00:00,2.0358303092663843,3202740426.102295,-0.02969125658632686,0.03927594236999911,4611764343.215419,-0.4275414103360978
ripple,2025-12-07 00:00:00,2.032677777533064,1741973347.7825954,-0.0015497240251223763,0.03784135161642551,4491865397.4061165,-0.4284278760998273
ripple,2025-12-08 00:00:00,2.039660348972326,2814174580.1857,0.003429272356674316,0.0366763080972572,4399542601.826572,-0.4264644349524224
ripple,2025-12-09 00:00:00,2.073039044939783,2946868587.676228,0.016232369876533047,0.03681910192502873,4399399000.791996,-0.4170786226224959
ripple,2025-12-10 00:00:00,2.1094322825594976,3532804844.2841587,0.01740318261746389,0.03632899469968406,4417700306.156871,-0.4068451461945944
ripple,2025-12-11 00:00:00,2.0443398468981213,3816532715.773637,-0.03134392675979115,0.03414147362732197,4346338179.8634205,-0.425148598966121
ripple,2025-12-12 00:00:00,2.036028301991718,3619433671.922628,-0.004073924753150508,0.032862738763177725,4329404253.617155,-0.4274857364246759
ripple,2025-12-13 00:00:00,2.009806618706698,2573443943.102437,-0.01296249152956172,0.03288827448928506,4267820326.218687,-0.4348590561771287
ripple,2025-12-14 00:00:00,2.0236207828673027,1638329045.9617126,0.00684986578378205,0.03281641551607044,4082369002.932056,-0.4309746278449781
ripple,2025-12-15 00:00:00,1.9808608019799367,1662227235.9201374,-0.02135687492224619,0.032440306729604934,3914077641.80181,-0.4429983796485642
ripple,2025-12-16 00:00:00,1.8967832092786063,3359008503.2404523,-0.043372095106181834,0.03321887110447889,3932576181.183947,-0.46664030104106163
ripple,2025-12-17 00:00:00,1.92957963013441,3005631457.533856,0.01714276737338521,0.03347009069467886,3895345045.1798034,-0.4574182196408183
ripple,2025-12-18 00:00:00,1.8617053529191656,3390182058.284411,-0.03580924689546457,0.03372576011508415,3809648032.845156,-0.47650390317359614
ripple,2025-12-19 00:00:00,1.807615427417868,3612274082.3282094,-0.029484390806509986,0.03354319182351431,3742755360.2873697,-0.4917135413868402
ripple,2025-12-19 20:56:45,1.9098048163570724,4235014024.034714,0.05499251317712639,0.03436036118324863,3682365942.685381,-0.4629787331837767
shiba-inu,2024-12-20 00:00:00,2.1705275594216894e-05,1622057880.3212247,,,,0.0
shiba-inu,2024-12-21 00:00:00,2.2515397826907448e-05,1717475210.9646518,0.03664407707407214,,,0.0
shiba-inu,2024-12-22 00:00:00,2.171082402945258e-05,1028941184.8847066,-0.03638848362767856,,,-0.03573438069538999
shiba-inu,2024-12-23 00:00:00,2.1470500849834685e-05,627421373.1024023,-0.011130999875736531,,,-0.046408106359286196
shiba-inu,2024-12-24 00:00:00,2.2469064508327863e-05,714527518.6753346,0.045459512902062266,,,-0.00205785031807047
shiba-inu,2024-12-25 00:00:00,2.3541701130944156e-05,624858014.0838653,0.046633912354377395,,,0.0
shiba-inu,2024-12-26 00:00:00,2.2887408329380538e-05,576227276.8518229,-0.028186460044227164,,,-0.02779292787400099
shiba-inu,2024-12-27 00:00:00,2.151598972336132e-05,511015851.4780561,-0.0617905379393743,,,-0.08604779222688198
shiba-inu,2024-12-28 00:00:00,2.1622826686277773e-05,468042375.38966274,0.0049531809278230985,,,-0.08150959159634126
shiba-inu,2024-12-29 00:00:00,2.213338621258935e-05,313910950.0163809,0.023337609223482547,,,-0.05982213904260552
shiba-inu,2024-12-30 00:00:00,2.138685558037187e-05,387252123.647975,-0.03431064883648651,,,-0.09153312832350374
shiba-inu,2024-12-31 00:00:00,2.109678674523057e-05,502101683.8692236,-0.01365576616866312,,,-0.10385461832662092
shiba-inu,2025-01-01 00:00:00,2.116796286084577e-05,477095343.7817348,0.0033681109465807674,,,-0.10083121253197153
shiba-inu,2025-01-02 00:00:00,2.160833601555852e-05,342270336.4078926,0.020590314009944825,,,-0.08212512361072932
shiba-inu,2025-01-03 00:00:00,2.2889054414177347e-05,560781149.5272583,0.057579656228759706,,,-0.0277230057903056
shiba-inu,2025-01-04 00:00:00,2.4379405300308436e-05,712662396.4326174,0.06307990770865424,,,0.0
shiba-inu,2025-01-05 00:00:00,2.4327078842405968e-05,580677710.0451607,-0.0021486452555409263,,,-0.0021463385697027613
shiba-inu,2025-01-06 00:00:00,2.3944194146974867e-05,418242726.0973308,-0.015864206673329335,,,-0.017851590224313752
shiba-inu,2025-01-07 00:00:00,2.403150681020591e-05,571869682.9445761,0.0036398742649789042,,,-0.014270179514925384
shiba-inu,2025-01-08 00:00:00,2.1828037165130384e-05,754403241.8587847,-0.09617050120117689,,,-0.10465259934563595
shiba-inu,2025-01-09 00:00:00,2.1302552737084757e-05,614326489.7907437,-0.024368339612344223,,,-0.12620703931546484
shiba-inu,2025-01-10 00:00:00,2.108403372283354e-05,514685665.00466585,-0.010310853902723101,,,-0.1351703020185322
shiba-inu,2025-01-11 00:00:00,2.1581616967285887e-05,458715983.25313526,0.02332582755511083,,,-0.11476031915295133
shiba-inu,2025-01-12 00:00:00,2.221258642021289e-05,394270859.76061785,0.02881719808672111,,,-0.08887907040407313
shiba-inu,2025-01-13 00:00:00,2.153169093043295e-05,280780521.3965362,-0.031133237453891693,,,-0.11680819670525174
shiba-inu,2025-01-14 00:00:00,2.1203341058920377e-05,611955897.0940037,-0.015367080251301134,,,-0.13027652652986893
shiba-inu,2025-01-15 00:00:00,2.164308152690397e-05,323902612.09272766,0.02052707704035781,,,-0.11223915184550652
shiba-inu,2025-01-16 00:00:00,2.283435722181773e-05,573936803.0383416,0.05358045400604952,,,-0.06337513403049082
shiba-inu,2025-01-17 00:00:00,2.1998408479531475e-05,463253527.2411236,-0.03729618852409807,,,-0.09766426996259986
shiba-inu,2025-01-18 00:00:00,2.4222138688772824e-05,1058760598.0681534,0.0962969279162378,,626880766.237357,-0.006450797695775729
shiba-inu,2025-01-19 00:00:00,2.271964905736459e-05,697109115.9969524,-0.06403688950343676,0.042382990482316654,596049140.7598814,-0.06808025964943645
shiba-inu,2025-01-20 00:00:00,2.0292941420535845e-05,1325504426.1392498,-0.1129570350074736,0.046690189081808935,582983447.9323678,-0.16761950627732872
shiba-inu,2025-01-21 00:00:00,2.027424612363711e-05,1185821275.4094336,-0.0009216955551521187,0.046274952553460015,588212784.283192,-0.1683863542241283
shiba-inu,2025-01-22 00:00:00,2.090194963438395e-05,634521921.7565223,0.030491021809689087,0.0466231347757049,588449469.2383294,-0.14263906863554582
shiba-inu,2025-01-23 00:00:00,2.0181738875930192e-05,290532527.0169023,-0.035064259066743236,0.046178257595272464,574316302.849715,-0.17218083758282396
shiba-inu,2025-01-24 00:00:00,2.0147707571149698e-05,404555451.5065852,-0.0016876657557164994,0.04519877514222533,566972884.097139,-0.17357674139431126
shiba-inu,2025-01-25 00:00:00,1.9911887954216567e-05,296430329.0882777,-0.011773575738169775,0.04500975260652565,557646319.1716875,-0.18324964415909475
shiba-inu,2025-01-26 00:00:00,1.99756547601229e-05,179459943.51769036,0.003197332093713966,0.043709550446336315,546594455.5730087,-0.18063404278896913
shiba-inu,2025-01-27 00:00:00,1.907583837811119e-05,181979036.35063133,-0.046091742220003555,0.044398469803375425,537059010.9383743,-0.21754291611576548
shiba-inu,2025-01-28 00:00:00,1.8937559569613283e-05,560361026.0386686,-0.0072752990202048385,0.04409502754364542,545274013.4724505,-0.2232148677813033
shiba-inu,2025-01-29 00:00:00,1.7968049667482056e-05,292831835.4013573,-0.05255206664378868,0.044632809146504145,542126670.5308967,-0.2629824457918695
shiba-inu,2025-01-30 00:00:00,1.8301175608699823e-05,300925722.5472597,0.018370136485582497,0.044821186078207655,535420805.1534978,-0.24931821005214244
shiba-inu,2025-01-31 00:00:00,1.868444404782593e-05,243083937.86118037,0.020726009868642606,0.04504094089141953,527620424.95614606,-0.23359721791123658
shiba-inu,2025-02-01 00:00:00,1.887417661345965e-05,332181418.91979724,0.010103362490389175,0.044882646076566154,527284127.70654285,-0.22581472431483543
shiba-inu,2025-02-02 00:00:00,1.768461049418517e-05,272991392.43676144,-0.0650998732838994,0.044618522602520326,517691135.8035263,-0.27460861836685446
shiba-inu,2025-02-03 00:00:00,1.5461478424456613e-05,685770679.1199425,-0.13434313017705024,0.04810483097138885,516794745.22643715,-0.3657975560108924
shiba-inu,2025-02-04 00:00:00,1.6758652321727645e-05,1559046671.7814248,0.08056301382807902,0.05115121755322097,549407043.9509792,-0.3125897816090033
shiba-inu,2025-02-05 00:00:00,1.5795483129033613e-05,593940678.561576,-0.05919066016995865,0.051858496538095405,555263642.3664541,-0.35209727495552257
shiba-inu,2025-02-06 00:00:00,1.5768798822590807e-05,369788294.2510844,-0.0016907916892100069,0.051805548673824815,548527596.076671,-0.3531918179156196
shiba-inu,2025-02-07 00:00:00,1.484594708761407e-05,336198247.7150499,-0.06030632495821732,0.05023504311451145,534587429.60521317,-0.39104556059756523
shiba-inu,2025-02-08 00:00:00,1.5094685840596346e-05,331529437.1170631,0.016615846186916056,0.05046771398415956,525160861.1827572,-0.3808427377674641
shiba-inu,2025-02-09 00:00:00,1.596017626980966e-05,249354967.01999316,0.05575388564269665,0.051940492689896665,516316504.5832681,-0.3453418541916713
shiba-inu,2025-02-10 00:00:00,1.5698371787074686e-05,230836294.67303368,-0.01653963728836671,0.0515862732992181,508720514.9639314,-0.35608061010101516
shiba-inu,2025-02-11 00:00:00,1.5793461323522236e-05,203478238.24261796,0.006039014947399769,0.051151761367746205,502360760.91333133,-0.3521802058345359
shiba-inu,2025-02-12 00:00:00,1.5700233749412447e-05,269520290.51919454,-0.005920413352957709,0.05102279370812272,501985419.88408667,-0.3560042357057079
shiba-inu,2025-02-13 00:00:00,1.7009109329531596e-05,441016725.8899914,0.08007344271625189,0.0536200165246424,496287447.5106196,-0.3023164790112249
shiba-inu,2025-02-14 00:00:00,1.6306311871297802e-05,276306059.1679844,-0.042196779231326795,0.05371844875191252,494700895.7464615,-0.33114398524349964
shiba-inu,2025-02-15 00:00:00,1.67319408149635e-05,291730775.66833925,0.02576725211150908,0.05282593102884243,485294028.1674614,-0.31368544027807693
shiba-inu,2025-02-16 00:00:00,1.6326046103467224e-05,180462049.1064708,-0.024557763383149918,0.05265290529710771,475867645.56297296,-0.3303345220131077
shiba-inu,2025-02-17 00:00:00,1.596285016010297e-05,147102631.21649447,-0.022497595416344492,0.04870688622215173,445479046.66791767,-0.3452321759505342
shiba-inu,2025-02-18 00:00:00,1.5733564465184877e-05,221991375.2865308,-0.0144678631386987,0.04777937209889873,429641788.644237,-0.3546370688137408
shiba-inu,2025-02-19 00:00:00,1.52157279950267e-05,217203789.90543175,-0.033466665002957405,0.044061261826845284,392698434.10310966,-0.37587780310481167
shiba-inu,2025-02-20 00:00:00,1.539324097033591e-05,160824740.1830075,0.01159888564919449,0.04420534221522683,358531882.9288954,-0.3685965354478453
shiba-inu,2025-02-21 00:00:00,1.55682197532666e-05,153177105.017363,0.011303126001654938,0.043747994161997504,342487055.70425683,-0.3614192158711255
shiba-inu,2025-02-22 00:00:00,1.508598865386535e-05,231719946.82279423,-0.03146523171296891,0.04368126603371332,340526636.36445326,-0.3811994809539308
shiba-inu,2025-02-23 00:00:00,1.5620460732317345e-05,135385564.10074487,0.03481523094945866,0.04441441153736814,331554306.7842586,-0.35927638349243396
shiba-inu,2025-02-24 00:00:00,1.547576272647116e-05,116844458.54357614,-0.009306535271949058,0.0444103937677464,325568111.09943515,-0.3652116392570343
shiba-inu,2025-02-25 00:00:00,1.3618030815978711e-05,358729592.1603741,-0.1278803950677054,0.0493978213770907,331543766.05419135,-0.4414125099349153
shiba-inu,2025-02-26 00:00:00,1.4089719762457833e-05,457438179.77279913,0.03405072666005014,0.04969980592147321,340725737.50159687,-0.42206466528207
shiba-inu,2025-02-27 00:00:00,1.4370458550186237e-05,258676880.3420272,0.019729173220361378,0.049996379833245244,330669599.31170887,-0.41054925773745476
shiba-inu,2025-02-28 00:00:00,1.4430994615339295e-05,197623342.08205023,0.004203687497951334,0.0493692217384046,327495982.867732,-0.40806617562747843
shiba-inu,2025-03-01 00:00:00,1.3943722124082336e-05,361544391.2150996,-0.03434891729501472,0.04936198597917112,329516605.15665996,-0.42805322966980136
shiba-inu,2025-03-02 00:00:00,1.3640458975857408e-05,147086458.86024448,-0.02198907892175366,0.0490883483916399,326316689.1899621,-0.44049254656409376
shiba-inu,2025-03-03 00:00:00,1.5132756888953644e-05,361818124.9541392,0.10382142350980432,0.05324965668935626,327304579.3911068,-0.37928113083372905
shiba-inu,2025-03-04 00:00:00,1.2907393628072152e-05,385067576.4570483,-0.15906142797224168,0.059194174113832314,331040452.191783,-0.4705615879847219
shiba-inu,2025-03-05 00:00:00,1.3083873433257073e-05,429942623.7127152,0.01358013958791921,0.054496716956351256,322512850.34487545,-0.4633226991352598
shiba-inu,2025-03-06 00:00:00,1.3381158617652502e-05,183366724.903404,0.022467207967592003,0.05231932991844466,276656852.1156081,-0.4511285877230479
shiba-inu,2025-03-07 00:00:00,1.3422366670975497e-05,196589011.55489463,0.0030748258183376405,0.05142554177256817,263411796.54871872,-0.44943830640505067
shiba-inu,2025-03-08 00:00:00,1.3131245997973966e-05,322284453.19018173,-0.02192788917702536,0.0515075100663971,261828335.18002194,-0.4613795604846917
shiba-inu,2025-03-09 00:00:00,1.2653599706487788e-05,164410722.31920853,-0.03705284436879038,0.05083423801492211,256102084.33349392,-0.48097176487206184
shiba-inu,2025-03-10 00:00:00,1.165679097262232e-05,239725246.72035897,-0.08205281018416509,0.05252929589251183,253041944.65360376,-0.5218590925811122
shiba-inu,2025-03-11 00:00:00,1.153067141105278e-05,389489289.3084703,-0.010878362040335354,0.05110308650081042,257713088.72988638,-0.5270322934863838
shiba-inu,2025-03-12 00:00:00,1.2038148674217478e-05,360996707.29389054,0.04307009921111361,0.05202424972006323,262051769.15058157,-0.5062164755074983
shiba-inu,2025-03-13 00:00:00,1.2333986592517118e-05,243346136.12861112,0.02427792607645262,0.052310021970837464,263380699.0801147,-0.4940817283856766
shiba-inu,2025-03-14 00:00:00,1.20115326806431e-05,173076150.69418648,-0.02649134454533947,0.05241327414467737,260165894.41928107,-0.5073082163947971
shiba-inu,2025-03-15 00:00:00,1.2808661594578358e-05,189178287.7819788,0.06425438416361716,0.05155963550484531,251771279.81568065,-0.47461140102476945
shiba-inu,2025-03-16 00:00:00,1.2831691418540113e-05,109149931.77287394,0.0017963738754296047,0.05122077777604121,246199408.9025103,-0.4736667584595358
shiba-inu,2025-03-17 00:00:00,1.3132370821439795e-05,294387270.6438016,0.02316223421450398,0.05116375638076108,246287958.73502573,-0.4613334222195465
shiba-inu,2025-03-18 00:00:00,1.296574411593026e-05,207058088.88657385,-0.012769425689014721,0.05107799465373015,247174493.39436248,-0.4681681543820832
shiba-inu,2025-03-19 00:00:00,1.2546060675609051e-05,138413918.74110904,-0.03290408563928257,0.05121722931549549,246884869.64518297,-0.48538282533699356
shiba-inu,2025-03-20 00:00:00,1.2961183289692163e-05,186689530.8688261,0.03255226405905549,0.05173026093917017,245708141.49792615,-0.4683552313916293
shiba-inu,2025-03-21 00:00:00,1.2954482920674014e-05,156803296.86718497,-0.0005170902505887839,0.05148633163948222,243694791.7299846,-0.46863006865429485
shiba-inu,2025-03-22 00:00:00,1.2519691846575462e-05,135086593.28929403,-0.03413914724692629,0.051643694336925935,242836853.50019416,-0.4864644279728567
shiba-inu,2025-03-23 00:00:00,1.278707468735552e-05,102676916.10019438,0.021132118218052432,0.051794036438010144,241153513.86962184,-0.47549685770252387
shiba-inu,2025-03-24 00:00:00,1.2922105813633066e-05,118626366.0307166,0.010504603050766432,0.051664784782531566,237383727.84321928,-0.46995812020609123
shiba-inu,2025-03-25 00:00:00,1.348800162100368e-05,204843458.34550005,0.04286104769613146,0.05189980670800583,239698990.9847111,-0.44674607707378994
shiba-inu,2025-03-26 00:00:00,1.3880329274646207e-05,212843676.294852,0.028672156313826223,0.05225044026372191,242898964.90975362,-0.43065349200824843
shiba-inu,2025-03-27 00:00:00,1.4221391033508155e-05,595788829.4330822,0.024274564164590784,0.046882448969204744,250800939.48551056,-0.41666374309269005
shiba-inu,2025-03-28 00:00:00,1.4044517268829418e-05,274923165.6175952,-0.01251515227541399,0.04653528047975355,244717105.6803371,-0.4239187914624097
shiba-inu,2025-03-29 00:00:00,1.32462140755763e-05,232403141.38119936,-0.05852030818525894,0.047566636205686345,243841314.38164285,-0.45666377368898675
shiba-inu,2025-03-30 00:00:00,1.270291625466776e-05,187010638.2908661,-0.04188018800216862,0.04807686913692392,243487557.58860338,-0.47894888746498465
shiba-inu,2025-03-31 00:00:00,1.243602342493055e-05,163154108.9482225,-0.021234217622834988,0.04785286411481882,236874548.1797075,-0.48989635835074224
shiba-inu,2025-04-01 00:00:00,1.2390635057577876e-05,197945432.99634597,-0.003656425849879518,0.04772966425628345,238569847.3175775,-0.49175810874184384
shiba-inu,2025-04-02 00:00:00,1.2691439778989097e-05,178458640.69970518,0.023986783068081583,0.043604041108783874,232457864.5090964,-0.4794196321586019
shiba-inu,2025-04-03 00:00:00,1.2077907889822484e-05,327321676.93059313,-0.04954974347230386,0.033823779496195736,230533001.1915479,-0.5045856229450486
shiba-inu,2025-04-04 00:00:00,1.2210812486559269e-05,211398257.53746435,0.010943839045186334,0.03378473208061097,223248188.9857062,-0.49913411192172175
shiba-inu,2025-04-05 00:00:00,1.2298070463239544e-05,252483289.1169248,0.007120548540684269,0.033511838900370905,225552074.45949024,-0.4955549443577299
shiba-inu,2025-04-06 00:00:00,1.2350187150446806e-05,101785791.44735204,0.004228839676323687,0.03351949244748151,222391967.12257212,-0.4934172102101868
shiba-inu,2025-04-07 00:00:00,1.1278792221279534e-05,222291704.5461086,-0.09074704908586659,0.03704494387088831,219058875.50110304,-0.537363931468138
shiba-inu,2025-04-08 00:00:00,1.1424414472972747e-05,485526798.3379855,0.012828518080934005,0.03667749756818254,229762744.7017289,-0.53139076477685
shiba-inu,2025-04-09 00:00:00,1.0642205473282942e-05,241854891.1366028,-0.07092494207928936,0.03590278630116121,229833732.84893706,-0.5634755917057459
shiba-inu,2025-04-10 00:00:00,1.1932797042260414e-05,351257027.2950817,0.1144629193787057,0.04177193696078965,228559324.11515743,-0.5105378127451925
shiba-inu,2025-04-11 00:00:00,1.165241402796812e-05,204690091.1671197,-0.02377729188873423,0.04123778378146573,223349103.57759842,-0.5220386270939636
shiba-inu,2025-04-12 00:00:00,1.2212373307554956e-05,166207884.24034432,0.04693627207029446,0.041920189705404946,220777828.51465616,-0.49907008981058076
shiba-inu,2025-04-13 00:00:00,1.2535122203826666e-05,136154884.68690166,0.02608483725410008,0.04188777455146586,219547119.64774668,-0.4858315020642412
shiba-inu,2025-04-14 00:00:00,1.2031922064858476e-05,146100122.7256391,-0.04097119070740532,0.04083745247115752,218111180.81253535,-0.5064718799885469
shiba-inu,2025-04-15 00:00:00,1.1995910489242668e-05,162500117.97522706,-0.0029974907223311526,0.04083111857511485,219889520.3526138,-0.5079490110002436
shiba-inu,2025-04-16 00:00:00,1.167358433250535e-05,125260622.7503642,-0.02723725925554585,0.04078650674780463,214251965.42283255,-0.5211702587200656
shiba-inu,2025-04-17 00:00:00,1.1843907082150023e-05,137841629.095688,0.01448502518121244,0.04088612568133584,211944750.0964697,-0.5141839213772709
shiba-inu,2025-04-18 00:00:00,1.1793116043980854e-05,108793859.6848351,-0.004297589935157123,0.04049677846026617,210957414.7945939,-0.5162672797505995
shiba-inu,2025-04-19 00:00:00,1.2283347585492172e-05,110174565.00081736,0.040728515118447724,0.04076439970004668,208406915.93232694,-0.49615885071090027
shiba-inu,2025-04-20 00:00:00,1.2351618027344314e-05,87363882.72064298,0.005542578601353535,0.04078593422404371,206092268.79410887,-0.49335851817566495
shiba-inu,2025-04-21 00:00:00,1.2349940485017293e-05,104379081.7244858,-0.00013582481678316323,0.040319972319009856,205068685.07528192,-0.4934273279889626
shiba-inu,2025-04-22 00:00:00,1.2327016933602889e-05,147076520.18341267,-0.0018578917667534383,0.04011348082289797,206548671.87805587,-0.4943676114426412
shiba-inu,2025-04-23 00:00:00,1.3565788200503553e-05,265039499.56259456,0.09575769760963472,0.04382127604244681,211429109.6624518,-0.4435554094368362
shiba-inu,2025-04-24 00:00:00,1.3539086623202537e-05,277852690.8580774,-0.001970242335544715,0.04312528996002548,213862750.74620438,-0.4446506608169295
shiba-inu,2025-04-25 00:00:00,1.3767782837029544e-05,193997273.9846685,0.016750478219813018,0.0429075515040767,213234537.33586496,-0.4352699474233951
shiba-inu,2025-04-26 00:00:00,1.4147439377183754e-05,265165073.771226,0.027202359207731813,0.04296859259687933,202213745.48046973,-0.419697108977274
shiba-inu,2025-04-27 00:00:00,1.4162006561556682e-05,289269932.04692894,0.0010291395804890146,0.04290555841275147,202691971.02811417,-0.41909958889040205
shiba-inu,2025-04-28 00:00:00,1.345872281797722e-05,176854064.0319048,-0.05093535205939,0.04256815010962098,200840335.11647102,-0.4479470416857565
shiba-inu,2025-04-29 00:00:00,1.371757975538185e-05,237622669.02645645,0.01905077157658164,0.04192355659883555,202527402.80765736,-0.437329188862195
shiba-inu,2025-04-30 00:00:00,1.3405970590066774e-05,194093792.1224612,-0.022978029923480085,0.0419588811753113,203558725.58013198,-0.45011084458663275
shiba-inu,2025-05-01 00:00:00,1.3242587223942173e-05,151439607.02452156,-0.012262233062330001,0.04203180070077684,202008531.38107118,-0.456812540715477
shiba-inu,2025-05-02 00:00:00,1.34991118175859e-05,171509809.8030635,0.01918595090792166,0.04195512596381362,201776903.68451646,-0.4462903564995855
shiba-inu,2025-05-03 00:00:00,1.3437733820696843e-05,124524309.56095771,-0.004557185643618263,0.040836005312013784,195016991.43886194,-0.44880797315729287
shiba-inu,2025-05-04 00:00:00,1.2993896928298788e-05,97986523.89310227,-0.03358692617305258,0.041364128890393335,191236600.31738323,-0.4670133759114134
shiba-inu,2025-05-05 00:00:00,1.2666592220479872e-05,114414582.20821488,-0.025511786462969626,0.041654829972429815,186634310.08709288,-0.48043883497356593
shiba-inu,2025-05-06 00:00:00,1.2701203519522913e-05,128968453.52700382,0.002728760580893378,0.041651701004161955,187540398.82308128,-0.47901914082530045
shiba-inu,2025-05-07 00:00:00,1.2746692025851018e-05,128963327.7717429,0.0035750346975101147,0.03788186355210232,184429452.9306024,-0.47715328291089393
shiba-inu,2025-05-08 00:00:00,1.2804060472298206e-05,117835324.49792936,0.004490556029976226,0.037846020828664464,172173070.46926722,-0.47480013090654777
shiba-inu,2025-05-09 00:00:00,1.432384082212922e-05,360365068.3514547,0.11216299438659062,0.04007688648805975,176123409.70976225,-0.41246143432596355
shiba-inu,2025-05-10 00:00:00,1.5015653799937137e-05,642429894.1653215,0.04716790420123736,0.03566294538818853,185829171.93877026,-0.38408449201395545
shiba-inu,2025-05-11 00:00:00,1.6912948403257238e-05,609030761.1142924,0.11898626266557749,0.04051791954926062,199307194.2703427,-0.3062608297896724
shiba-inu,2025-05-12 00:00:00,1.58887123947942e-05,549905439.7682536,-0.06247056143020545,0.042193042942321714,212097112.78793967,-0.34827317569583266
shiba-inu,2025-05-13 00:00:00,1.575692016678931e-05,869048744.8149941,-0.008329300398467967,0.042173931352459115,236526908.12554273,-0.3536790593251279
shiba-inu,2025-05-14 00:00:00,1.6334757005263924e-05,522194792.9203589,0.03601552478799921,0.04145103713529321,249063397.1320334,-0.32997721625895177
shiba-inu,2025-05-15 00:00:00,1.5719565434451668e-05,408044905.3052289,-0.03838902673147522,0.04233356906543757,257248223.3763668,-0.3552112842451989
shiba-inu,2025-05-16 00:00:00,1.4804048741541466e-05,393434082.1020418,-0.06000543552407177,0.04370171775778486,266187338.68808937,-0.392764156500808
shiba-inu,2025-05-17 00:00:00,1.4591211104915747e-05,211962725.3564236,-0.01448133863927668,0.04387130954817162,268658041.8967806,-0.40149437916226993
shiba-inu,2025-05-18 00:00:00,1.4184036506047586e-05,198779255.82450783,-0.028302225819741136,0.04430039903625386,271657555.1014363,-0.4181959596090665
shiba-inu,2025-05-19 00:00:00,1.4891588364704388e-05,290802041.40510726,0.04867937174051493,0.04453752707188549,277678470.98157936,-0.38917343629723455
shiba-inu,2025-05-20 00:00:00,1.4578954112193156e-05,244436335.2508304,-0.02121752466753273,0.04482273723365157,282914219.39925224,-0.4019971392817892
shiba-inu,2025-05-21 00:00:00,1.460666588392837e-05,196097570.0367014,0.0018990023214699363,0.04481541246498846,285971502.3429928,-0.40086045151628147
shiba-inu,2025-05-22 00:00:00,1.4921642552596486e-05,352710381.42103165,0.021334687461217604,0.044882418375422624,292825964.38424677,-0.3879406667722241
shiba-inu,2025-05-23 00:00:00,1.5452402455570887e-05,391340589.6547734,0.03495181062484623,0.041985917216170614,297036000.72065264,-0.36616983617006477
shiba-inu,2025-05-24 00:00:00,1.4318643139659277e-05,506611107.63575566,-0.0762020857714523,0.044483742143820226,304661281.2799087,-0.41267463404949734
shiba-inu,2025-05-25 00:00:00,1.4371604465764638e-05,163386167.43646452,0.0036919434778629684,0.04439687769718156,303640911.0616352,-0.4105022543112315
shiba-inu,2025-05-26 00:00:00,1.4474806151513204e-05,214425402.3012805,0.007155283714716334,0.04414576120944647,301949588.6793036,-0.4062691040568543
shiba-inu,2025-05-27 00:00:00,1.4395399345381476e-05,166101844.8380802,-0.00550096578853915,0.04416049790344984,297843985.772342,-0.40952623051886533
shiba-inu,2025-05-28 00:00:00,1.4448346546739968e-05,217705078.98242652,0.00367131655004398,0.043077517779732316,299205686.27069277,-0.407354430152684
shiba-inu,2025-05-29 00:00:00,1.4335878954946713e-05,171109108.70740896,-0.00781456941608004,0.04299785825161414,296988567.5933912,-0.4119676514518858
shiba-inu,2025-05-30 00:00:00,1.3969376950870743e-05,230995722.05818063,-0.025897839568467175,0.04305836633106285,298218631.9245818,-0.4270009141406739
shiba-inu,2025-05-31 00:00:00,1.277673326451012e-05,339230069.0646477,-0.0892417700264487,0.046086177558668034,304478313.992586,-0.47592104454047224
shiba-inu,2025-06-01 00:00:00,1.2826423238202146e-05,216901857.03243223,0.003881555469495879,0.0459372722604007,305991382.233565,-0.4738828498806789
shiba-inu,2025-06-02 00:00:00,1.2959173017306478e-05,127247169.5605516,0.010296519856478068,0.04598548138789878,306082144.23355144,-0.4684376892022659
shiba-inu,2025-06-03 00:00:00,1.3214736286389558e-05,152074641.07778007,0.019528713735023615,0.045717621047560636,307885081.4730407,-0.45795493681618343
shiba-inu,2025-06-04 00:00:00,1.3048418189094506e-05,127607129.22591382,-0.012665677371816075,0.04552474123334194,308324833.0402973,-0.4647770104166805
shiba-inu,2025-06-05 00:00:00,1.2815345261417912e-05,131772121.19136922,-0.01802361342959513,0.045654888779149985,308418288.6291095,-0.4743372488558702
shiba-inu,2025-06-06 00:00:00,1.202100439950341e-05,251991728.74870196,-0.06398781512189163,0.04713022890292855,312519235.3283415,-0.5069197032730193
shiba-inu,2025-06-07 00:00:00,1.2442117309870926e-05,150330996.57492825,0.034431788279609486,0.04758621907992812,313602424.3975747,-0.48964639799013004
shiba-inu,2025-06-08 00:00:00,1.2729138930615728e-05,94543261.22637552,0.02280649473796149,0.04281943845298816,304741697.49340546,-0.4778732797696798
shiba-inu,2025-06-09 00:00:00,1.2489649519810829e-05,93802666.95500572,-0.01899350644448379,0.04178807245542704,286454123.2530616,-0.48769671097543893
shiba-inu,2025-06-10 00:00:00,1.3129497402003452e-05,176335627.26596123,0.04996114610374628,0.03618583296576317,272030952.12478393,-0.46145128479252345
shiba-inu,2025-06-11 00:00:00,1.3351032766292754e-05,243978149.2159272,0.016732333641366802,0.034977015999557395,261833375.7730397,-0.45236429675649864
shiba-inu,2025-06-12 00:00:00,1.2961766430673843e-05,226731002.1131549,-0.02958976232564621,0.035244380708697336,240422784.34964505,-0.46833131198200895
shiba-inu,2025-06-13 00:00:00,1.2247545379972969e-05,169682672.2846222,-0.056678440531925126,0.03545031570331011,228672380.32845384,-0.49762739373228193
shiba-inu,2025-06-14 00:00:00,1.2088844011434911e-05,358261402.7668346,-0.013042494978149055,0.03504017306471378,227012930.2438407,-0.5041370426176077
shiba-inu,2025-06-15 00:00:00,1.2057319451518769e-05,116568725.03626864,-0.002611145897022464,0.033686092242737754,217784085.0083149,-0.5054301241972369
shiba-inu,2025-06-16 00:00:00,1.203148931745798e-05,93440536.14530958,-0.002144576280907523,0.03366489984095881,213833345.36794442,-0.5064896305199962
shiba-inu,2025-06-17 00:00:00,1.1945702238227027e-05,149314294.45034075,-0.0071557542584358555,0.03341156852396319,212184513.32213888,-0.5100084644773556
shiba-inu,2025-06-18 00:00:00,1.1645235179203324e-05,192157628.4739224,-0.025474469496829494,0.031959343306993175,208896366.22443268,-0.5223330907478702
shiba-inu,2025-06-19 00:00:00,1.167391341191994e-05,126432938.44239466,0.00245963072473606,0.031919032912029466,204962919.66415155,-0.5211567604656768
shiba-inu,2025-06-20 00:00:00,1.1578238647369298e-05,81135167.60315602,-0.008229371995426607,0.03187073139603142,201130839.58303335,-0.525081169751798
shiba-inu,2025-06-21 00:00:00,1.1302768327070413e-05,127729838.18354264,-0.024079677174513696,0.03151847011302211,193631488.1417837,-0.5363804740992835
shiba-inu,2025-06-22 00:00:00,1.0803976625951147e-05,130102730.18887363,-0.04513340794541238,0.03103258620202338,184923559.49292037,-0.5568400257157027
shiba-inu,2025-06-23 00:00:00,1.0588172760271078e-05,250689923.46228853,-0.020176671623372847,0.02862354540523679,176392853.3538048,-0.5656919178361942
shiba-inu,2025-06-24 00:00:00,1.160704298765408e-05,216292499.5944645,0.09187446713479049,0.03409033304262473,178156397.75907147,-0.5238996667606476
shiba-inu,2025-06-25 00:00:00,1.168952313042323e-05,130229159.01991768,0.007080913725722679,0.034089261750070016,175349856.3163594,-0.5205164774763665
shiba-inu,2025-06-26 00:00:00,1.1613414346053608e-05,104777525.23186886,-0.006532142573814904,0.03408808876535677,173305712.32948568,-0.5236383249304822
shiba-inu,2025-06-27 00:00:00,1.121206977262336e-05,115941602.06382418,-0.035169982814694016,0.03439878941076745,169913596.43219894,-0.5401007680658433
shiba-inu,2025-06-28 00:00:00,1.1321184401334877e-05,103629028.67719032,0.009684840080822103,0.034557992069222644,167664260.43119162,-0.5356250793701007
shiba-inu,2025-06-29 00:00:00,1.1553738052203125e-05,83016564.28007634,0.020333329095794248,0.034756561625900746,162731621.83858818,-0.5260861407453219
shiba-inu,2025-06-30 00:00:00,1.1857578597283853e-05,100402074.1745536,0.02595818174379176,0.031490566619177256,154770688.67558506,-0.513623140055273
shiba-inu,2025-07-01 00:00:00,1.1418475643504692e-05,131229190.76199795,-0.0377344932204438,0.032110789033605806,151914933.1332372,-0.5316343650367784
shiba-inu,2025-07-02 00:00:00,1.1173622288563902e-05,101435889.0530184,-0.0216768662544248,0.03215475818998707,151054557.11631945,-0.5416778157249579
shiba-inu,2025-07-03 00:00:00,1.1796230806715396e-05,158093647.6923376,0.05422420952576355,0.03365422383328677,151255190.67013803,-0.5161395177032413
shiba-inu,2025-07-04 00:00:00,1.1876539365177692e-05,171547283.19252494,0.006784914985707474,0.03366459604569453,152719862.46902508,-0.5128454029587245
shiba-inu,2025-07-05 00:00:00,1.1438300813348063e-05,128105588.16582929,-0.03759752765297921,0.03414926753954396,152597644.7015071,-0.5308211717041617
shiba-inu,2025-07-06 00:00:00,1.1454827244268455e-05,72006248.74689801,0.0014437899224271711,0.03220612610185603,146598128.70144695,-0.5301432867961084
shiba-inu,2025-07-07 00:00:00,1.1813797930655505e-05,127314734.3725394,0.030856929970577242,0.03207452557477746,145830919.9613673,-0.5154189454118455
shiba-inu,2025-07-08 00:00:00,1.1619297682878629e-05,118701420.98519644,-0.01660085528591447,0.031841217685291495,146636191.953328,-0.5233970008804264
shiba-inu,2025-07-09 00:00:00,1.185763027411763e-05,135576358.54189563,0.020304256126818583,0.0319703867699745,148028648.33955768,-0.5136210203631336
shiba-inu,2025-07-10 00:00:00,1.240216097747129e-05,200479028.43331265,0.0448991644519414,0.03170037738382621,148833428.3784694,-0.49128533593416307
shiba-inu,2025-07-11 00:00:00,1.330274687817327e-05,341573547.6851054,0.07009981629230817,0.03418224186864915,152086608.327442,-0.4543448983144404
shiba-inu,2025-07-12 00:00:00,1.3296200628372598e-05,450254480.6175003,-0.0004922187188969284,0.03372701696826506,159537390.9442535,-0.45461341387993653
shiba-inu,2025-07-13 00:00:00,1.3178803990115557e-05,258643188.63581717,-0.008868546721397065,0.03200035350745011,162502741.48929337,-0.45942881592977886
shiba-inu,2025-07-14 00:00:00,1.3294210271446592e-05,194765082.96530992,0.00871884185694628,0.031883659695684255,157052864.16257584,-0.4546950547937115
shiba-inu,2025-07-15 00:00:00,1.3233373315155188e-05,301221499.3310372,-0.004586702196169119,0.03189804470901185,163207956.63906813,-0.4571904789249405
shiba-inu,2025-07-16 00:00:00,1.3696638727057474e-05,330487551.90135634,0.03440853402444093,0.03238511943196439,171109523.83093637,-0.4381881527321673
shiba-inu,2025-07-17 00:00:00,1.438468676369565e-05,399544629.7656485,0.04901376722151523,0.033309245355991494,179450535.0081133,-0.4099656416346767
shiba-inu,2025-07-18 00:00:00,1.450438851065828e-05,428357636.63658375,0.008287037980147249,0.03276837453068729,187323868.61353534,-0.4050556881108672
shiba-inu,2025-07-19 00:00:00,1.466502979452235e-05,673180728.2539485,0.011014474559992198,0.0327618561304958,205548794.9405871,-0.3984664673368052
shiba-inu,2025-07-20 00:00:00,1.4913505016583944e-05,376384649.2368142,0.016801445288871543,0.03266331288427011,215390444.32837573,-0.38827445407803834
shiba-inu,2025-07-21 00:00:00,1.5482981855267048e-05,454928354.4511587,0.03747429652895651,0.03248303524225256,226297061.53729627,-0.36491552338763716
shiba-inu,2025-07-22 00:00:00,1.550817959817076e-05,479752598.7260117,0.0016261248223344892,0.030800258672271128,237952057.1552009,-0.3638819566294114
shiba-inu,2025-07-23 00:00:00,1.544464459582904e-05,416419153.3959173,-0.0041052855904232894,0.03035701210801385,243476364.81965515,-0.36648804982812094
shiba-inu,2025-07-24 00:00:00,1.3842844851012844e-05,465393826.5846822,-0.10949383326738317,0.03423516042834461,251779742.38599578,-0.4321910366354297
shiba-inu,2025-07-25 00:00:00,1.358088259863856e-05,392789577.6328733,-0.01910536933068144,0.03453578051731321,260531756.3397609,-0.44293626397577707
shiba-inu,2025-07-26 00:00:00,1.4066599955789392e-05,289302066.903481,0.03514007732858053,0.03489220596457311,266682574.39548132,-0.4230129987784637
shiba-inu,2025-07-27 00:00:00,1.396760440962968e-05,143856591.61856377,-0.007062512376159352,0.03410633811456916,267613074.047306,-0.4270736206410676
shiba-inu,2025-07-28 00:00:00,1.4122490821736535e-05,145214497.3391157,0.011027942806453592,0.034110423886292596,268999256.33603686,-0.4207204545076469
shiba-inu,2025-07-29 00:00:00,1.3313916817589742e-05,258281760.7119953,-0.058958754894475565,0.03608608168346835,274841429.5504342,-0.4538867271950518
shiba-inu,2025-07-30 00:00:00,1.3109093758174977e-05,225387700.62511733,-0.01550369603003779,0.036038840733233116,279007617.09878623,-0.46228820610283194
shiba-inu,2025-07-31 00:00:00,1.2873473345058262e-05,272163299.00296944,-0.018137305010858328,0.03544121924567872,283705420.70681864,-0.47195293788009696
shiba-inu,2025-08-01 00:00:00,1.2439387425803738e-05,180613582.8215292,-0.03430102057824946,0.035829395222400036,286344677.165769,-0.48975837299663905
shiba-inu,2025-08-02 00:00:00,1.2081585285085791e-05,342390252.37536794,-0.02918542769429217,0.03499012848326618,292487897.32187,-0.5044347827084633
shiba-inu,2025-08-03 00:00:00,1.1844316810046217e-05,181486101.25726208,-0.019834257655380074,0.03517009133377674,292819191.2573613,-0.5141671150650927
shiba-inu,2025-08-04 00:00:00,1.220281904472192e-05,110090000.19732022,0.02981883583614304,0.03484320788626983,292218671.65841097,-0.4994619887398346
shiba-inu,2025-08-05 00:00:00,1.2515288705733583e-05,166080763.0608334,0.02528399910748515,0.03509732565746504,295354488.80220884,-0.48664503700690165
shiba-inu,2025-08-06 00:00:00,1.207693814826317e-05,197438176.41575792,-0.03565329756246203,0.035373371163020105,297691936.87031615,-0.5046254000252263
shiba-inu,2025-08-07 00:00:00,1.2335102657348244e-05,137179665.72986612,0.021151376559459964,0.035406908835155695,298307878.3618051,-0.4940359493842048
shiba-inu,2025-08-08 00:00:00,1.287079670212458e-05,186401026.0136697,0.04251185111824609,0.03602962131537284,300002033.9441976,-0.472062729029664
shiba-inu,2025-08-09 00:00:00,1.3241956860383904e-05,316523885.1679244,0.028429415201242418,0.03548635124797258,303870195.8353512,-0.4568383971115008
shiba-inu,2025-08-10 00:00:00,1.3732231928984034e-05,259752914.40685317,0.03635542641510945,0.03375179376814037,301142841.3927429,-0.43672818266775765
shiba-inu,2025-08-11 00:00:00,1.357047727417431e-05,209063021.7114828,-0.011849120624147802,0.03383338579542651,293103126.0958756,-0.4433630719448836
shiba-inu,2025-08-12 00:00:00,1.295140974546082e-05,286206660.37945944,-0.046692001627260026,0.0348897439202799,294021908.4873304,-0.46875612485522916
shiba-inu,2025-08-13 00:00:00,1.3532718760411114e-05,233325330.7202176,0.04390572224214752,0.03579288371664441,295307250.07916063,-0.44491185926344545
shiba-inu,2025-08-14 00:00:00,1.3936502719940842e-05,326178054.9892849,0.029401127817881515,0.03615931085725288,296139135.26776886,-0.4283493568333874
shiba-inu,2025-08-15 00:00:00,1.2908554662729431e-05,409324127.6297192,-0.07662124920505858,0.03831652335904798,298767021.12538093,-0.4705139644006772
shiba-inu,2025-08-16 00:00:00,1.2850078286934389e-05,294670810.454851,-0.004540340037866074,0.03708685594189419,295271227.14835435,-0.47291256170338924
shiba-inu,2025-08-17 00:00:00,1.2990162920591388e-05,146725623.186423,0.010842468913629333,0.03711840205633126,285883493.36668235,-0.4671665382901263
shiba-inu,2025-08-18 00:00:00,1.3056975306296775e-05,134725488.3225201,0.005130124596032881,0.03705359084906043,267934985.36896807,-0.4644260126340496
shiba-inu,2025-08-19 00:00:00,1.2712589040779933e-05,209610265.1963882,-0.026729731659473163,0.03706846275905182,262375839.2342872,-0.47855212692086874
shiba-inu,2025-08-20 00:00:00,1.209006486889371e-05,226184566.71909735,-0.05020873542909389,0.03703446281134627,254751046.30988514,-0.5040869652082632
shiba-inu,2025-08-21 00:00:00,1.2563133340241412e-05,214998663.16338,0.03838256957988852,0.037968528928158336,245925915.1244641,-0.48468253489011603
shiba-inu,2025-08-22 00:00:00,1.235559683870412e-05,156349672.0289451,-0.01665745395538417,0.038004445612620744,237256932.4122317,-0.4931953143849738
shiba-inu,2025-08-23 00:00:00,1.3383271008609983e-05,403527814.1174931,0.07989634908620266,0.03615209205306065,235194731.9966587,-0.4510419411895718
shiba-inu,2025-08-24 00:00:00,1.3245403627896767e-05,224964132.20561603,-0.010354898580805792,0.036037141567999725,229600550.4824168,-0.456697016816518
shiba-inu,2025-08-25 00:00:00,1.2974844543995022e-05,293856227.7577252,-0.02063814845691303,0.03555276916735929,229752355.84422496,-0.4677948709507336
shiba-inu,2025-08-26 00:00:00,1.2033358475187465e-05,331562709.4275592,-0.07532978176588688,0.03794626017754381,236009226.43785813,-0.5064129609824721
shiba-inu,2025-08-27 00:00:00,1.2551220085925684e-05,228313597.93785727,0.042135212835174116,0.038813553267303964,238779196.45781618,-0.4851711954693623
shiba-inu,2025-08-28 00:00:00,1.2488770311664803e-05,194281299.6312164,-0.0049880133937655734,0.037400124008289,236645847.75512356,-0.48773277453544767
shiba-inu,2025-08-29 00:00:00,1.2670293470275949e-05,165250864.82157928,0.014430291214660409,0.037430389657262315,234641286.56167227,-0.4802870162663217
shiba-inu,2025-08-30 00:00:00,1.2208835935774527e-05,269773961.70199466,-0.037100210053016974,0.03788477295507196,234561641.9849731,-0.4992151865320494
shiba-inu,2025-08-31 00:00:00,1.23367010814089e-05,136538796.60359448,0.010418700734261392,0.037437667014088745,233092482.44437534,-0.4939703848619793
shiba-inu,2025-09-01 00:00:00,1.2187873843059712e-05,123287959.68600158,-0.012137137200761013,0.03711168712205338,225789072.6880631,-0.5000750144259869
shiba-inu,2025-09-02 00:00:00,1.2090204620890267e-05,274446350.5024312,-0.008045920867556284,0.036953309560458794,228887747.66290206,-0.5040812328290343
shiba-inu,2025-09-03 00:00:00,1.2434977524029924e-05,212459142.27188617,0.028117680488952856,0.03690833956282391,232300052.39872092,-0.4899392593521302
shiba-inu,2025-09-04 00:00:00,1.248900705026059e-05,147540901.31311253,0.004335551621160847,0.036622844220580285,231682057.00713024,-0.48772306393779896
shiba-inu,2025-09-05 00:00:00,1.2122706017853106e-05,153207568.20721558,-0.029768596878250984,0.03644099196441115,230207703.40017882,-0.5027480831249097
shiba-inu,2025-09-06 00:00:00,1.2403482748774105e-05,224299996.66062635,0.02289707549174605,0.0364770993384628,233111714.43120417,-0.49123111921777757
shiba-inu,2025-09-07 00:00:00,1.227422054995118e-05,110006272.93983704,-0.010476127333115396,0.03562990512877811,230565222.6620764,-0.4965332255337708
shiba-inu,2025-09-08 00:00:00,1.2478715904095328e-05,127181617.72497793,0.016523292668660705,0.03534929430662092,224253813.74731153,-0.4881451885154289
shiba-inu,2025-09-09 00:00:00,1.2875384147035568e-05,245542497.07724565,0.03129281742020026,0.035171617807291576,223780133.16965798,-0.47187456016932966
shiba-inu,2025-09-10 00:00:00,1.2883811279622817e-05,258022800.2509276,0.0006543009397856496,0.03512674520871775,225412125.78763944,-0.4715288941252469
shiba-inu,2025-09-11 00:00:00,1.305869229699914e-05,217299112.31131923,0.013482404729235977,0.03417601306538601,223115207.51870143,-0.4643555847183061
shiba-inu,2025-09-12 00:00:00,1.3248239760616364e-05,230145790.29887888,0.014410706915077374,0.033290349989936296,223009222.83799013,-0.456580683678582
shiba-inu,2025-09-13 00:00:00,1.385898518264766e-05,334599913.304332,0.04506907658416288,0.03389638315329799,223289951.44849172,-0.43152898883582186
shiba-inu,2025-09-14 00:00:00,1.428572022419224e-05,622244686.5308415,0.03032668069023416,0.031087960336139395,230387303.41186243,-0.41402507369564495
shiba-inu,2025-09-15 00:00:00,1.3693823188670188e-05,279728687.3250036,-0.04231558360182662,0.03216610497775273,229889232.64086753,-0.43830364112708936
shiba-inu,2025-09-16 00:00:00,1.3070358253521772e-05,294870575.4342866,-0.04659793139492938,0.03331792883998405,234827397.71579635,-0.46387706785626914
shiba-inu,2025-09-17 00:00:00,1.3160978708125791e-05,188519892.9762388,0.00690935542084666,0.03332857971521191,236620544.53758696,-0.4601599774068613
shiba-inu,2025-09-18 00:00:00,1.3494145152860402e-05,251947286.53713644,0.024999605941693346,0.03322181260284124,238031778.58227858,-0.446494080284654
shiba-inu,2025-09-19 00:00:00,1.3414672162559067e-05,230424126.2910094,-0.005906853537517922,0.03177470011462549,238173097.23467562,-0.4497539215040101
shiba-inu,2025-09-20 00:00:00,1.2871158732853966e-05,206892136.2077169,-0.04135999426637669,0.032086884297638535,237902879.66948685,-0.472047879170739
shiba-inu,2025-09-21 00:00:00,1.2924803041910696e-05,135776642.64427364,0.004159130553457133,0.031920831044044494,237217112.02333114,-0.469847484682197
shiba-inu,2025-09-22 00:00:00,1.2760662777854578e-05,166345473.41408467,-0.012780963335648737,0.028358019556003644,229311033.9998842,-0.47658022742281014
shiba-inu,2025-09-23 00:00:00,1.213267036097726e-05,364014358.8709115,-0.05046537450290904,0.029699446421687304,233946041.55539405,-0.5023393634288624
shiba-inu,2025-09-24 00:00:00,1.2101023741495843e-05,198375672.6959748,-0.0026117881439962102,0.02951046905607216,230763356.38666904,-0.5036374516755441
shiba-inu,2025-09-25 00:00:00,1.213274262132251e-05,179422529.43948665,0.0026177439746514226,0.02609480566634687,225692017.0537333,-0.5023363994375608
shiba-inu,2025-09-26 00:00:00,1.1627898048012167e-05,245206755.81166372,-0.0425005848762116,0.02598791933934485,226255122.3161935,-0.5230442291442993
shiba-inu,2025-09-27 00:00:00,1.1915049566304686e-05,169675994.71486413,0.02439505567667231,0.026442471641939497,225434945.48564842,-0.5112657827566474
shiba-inu,2025-09-28 00:00:00,1.1814703857789572e-05,103062045.60045272,-0.008457425144600877,0.026294749108347764,223361984.8449442,-0.515381785886299
shiba-inu,2025-09-29 00:00:00,1.2020620745189554e-05,123061548.66380475,0.017278725078809638,0.025682425385050788,218471571.07700452,-0.5069354400930578
shiba-inu,2025-09-30 00:00:00,1.1975543205778825e-05,163405738.98199186,-0.0037570665484152653,0.025604557364666613,219367135.8229511,-0.5087844408728331
shiba-inu,2025-10-01 00:00:00,1.1817838501408691e-05,146902444.72578195,-0.013256376565393817,0.02562216850024494,220154285.3242771,-0.5152532083602885
shiba-inu,2025-10-02 00:00:00,1.2375638998468075e-05,196222424.60306367,0.046119816007040765,0.02698288518635734,217546821.12763155,-0.49237322051036636
shiba-inu,2025-10-03 00:00:00,1.2633823183686624e-05,218351176.9379782,0.020647653741365582,0.026755398328629918,217743222.28316793,-0.48178296278922
shiba-inu,2025-10-04 00:00:00,1.2669981605716896e-05,220993648.70156664,0.002857945430941603,0.026749508321248647,220191647.1961164,-0.48029980839784464
shiba-inu,2025-10-05 00:00:00,1.2379221164963896e-05,141273179.4633596,-0.023216188002365332,0.026519775344484516,219793834.23798788,-0.4922262863890581
shiba-inu,2025-10-06 00:00:00,1.2457462112889776e-05,296279313.72663206,0.006300455328092749,0.026212041219833716,222193144.80685472,-0.4890169813645056
shiba-inu,2025-10-07 00:00:00,1.2852292116332024e-05,203903716.106391,0.03120236038663585,0.026729120714766005,225323059.57907322,-0.4728217543448682
shiba-inu,2025-10-08 00:00:00,1.2211548768941832e-05,234034472.54282063,-0.05114004586442907,0.02823314311326795,228884821.4063346,-0.4991039109232358
shiba-inu,2025-10-09 00:00:00,1.23361952888831e-05,156382865.35549822,0.010155523124819345,0.027664682296485388,225912833.68227637,-0.49399113157501723
shiba-inu,2025-10-10 00:00:00,1.2023844985418295e-05,175571467.67181805,-0.02564588723659844,0.02801103477904622,223164455.9296394,-0.5068031874729046
shiba-inu,2025-10-11 00:00:00,9.818194784070426e-06,540813334.0961089,-0.20265448534521335,0.045896599484746003,233948263.32246572,-0.5972750498575037
shiba-inu,2025-10-12 00:00:00,9.950819785774932e-06,446229025.8730409,0.013417663381989249,0.04587910938283367,241151037.84160444,-0.5918350073268999
shiba-inu,2025-10-13 00:00:00,1.0718071318137576e-05,314840385.4491195,0.07427628679655722,0.047363775613110816,240492386.91309735,-0.5603637091999952
shiba-inu,2025-10-14 00:00:00,1.1123293130552422e-05,341189261.58243203,0.037110164710772206,0.04757159313265263,231123872.74815038,-0.5437422285927666
shiba-inu,2025-10-15 00:00:00,1.0747973971303096e-05,262586378.99507675,-0.03432412078843311,0.047396840192813816,230552462.47048616,-0.5591371553609178
shiba-inu,2025-10-16 00:00:00,1.0316919529061585e-05,165986025.42532426,-0.04093204877675539,0.04724909932491099,226256310.80352074,-0.5768182446627991
shiba-inu,2025-10-17 00:00:00,9.984393066160532e-06,198964900.6682104,-0.03276203978933871,0.04737573463606047,226604477.72658646,-0.5904578908643758
shiba-inu,2025-10-18 00:00:00,9.74853730354324e-06,261299504.06385756,-0.02390592685333796,0.04699798708234385,226916218.3108105,-0.6001322762610659
shiba-inu,2025-10-19 00:00:00,9.916860861642564e-06,122392980.18707952,0.017119172212239585,0.04726853762798418,223315180.10734618,-0.5932279422124747
shiba-inu,2025-10-20 00:00:00,1.007748420280016e-05,141835444.8023531,0.016067222618212914,0.04712029151680376,221146623.7271674,-0.586639457416434
shiba-inu,2025-10-21 00:00:00,1.0198910499022722e-05,153796602.91975772,0.011977252327272439,0.047212281093917854,221747289.06968352,-0.581658765938245
shiba-inu,2025-10-22 00:00:00,1.0078850900127067e-05,202059394.45168743,-0.011841642622232048,0.047209240810164595,222937753.1042703,-0.5865833979141585
shiba-inu,2025-10-23 00:00:00,9.863497507414804e-06,182198249.91411597,-0.021598435647918215,0.04660126399743102,216877216.13904378,-0.5954168124318432
shiba-inu,2025-10-24 00:00:00,1.0099785668749929e-05,152109140.58211038,0.02367338021242731,0.0469306442750123,215334998.40191495,-0.5857246908060488
shiba-inu,2025-10-25 00:00:00,1.0235208233483583e-05,116783130.32993989,0.01331936143542109,0.04703915611902868,213247018.43159673,-0.5801698971978577
shiba-inu,2025-10-26 00:00:00,1.0200173725993884e-05,88272379.87169904,-0.0034288120362515337,0.04652228279328392,208015872.56693122,-0.5816069506065911
shiba-inu,2025-10-27 00:00:00,1.0572001915172824e-05,134586729.66534552,0.03580442579186298,0.04681125116701603,206846230.39861396,-0.5663552172439961
shiba-inu,2025-10-28 00:00:00,1.038915299922052e-05,178748244.22825587,-0.017446896877089595,0.04686959326339535,209369103.68620735,-0.5738553557297363
shiba-inu,2025-10-29 00:00:00,1.0117911399927414e-05,145311794.28355408,-0.026455021867189815,0.04685585762019692,210110778.540199,-0.584981205435745
shiba-inu,2025-10-30 00:00:00,1.015544759578952e-05,193998034.02102348,0.0037030113028927226,0.04688655111849871,211130521.70816675,-0.583441537203492
shiba-inu,2025-10-31 00:00:00,9.729256400878198e-06,197138811.40487635,-0.04287280052076876,0.047364952321321145,212805067.26413658,-0.6009231447185831
shiba-inu,2025-11-01 00:00:00,1.0027830496242112e-05,151633422.4356464,0.03022680717085668,0.04684231619848901,211318767.19188932,-0.5886761644626645
shiba-inu,2025-11-02 00:00:00,1.0182894404414826e-05,102797780.440733,0.015345016238493398,0.04674424747192387,207466987.3086478,-0.5823157177551826
shiba-inu,2025-11-03 00:00:00,1.0171761129335536e-05,116413057.5632032,-0.001093929216446659,0.04672052053210071,203980967.6040357,-0.582772384968437
shiba-inu,2025-11-04 00:00:00,9.178838706321996e-06,220591791.12063617,-0.10271467007700939,0.04980585913200495,206624921.32594493,-0.623500303093699
shiba-inu,2025-11-05 00:00:00,8.872084156270066e-06,299603284.5916733,-0.03399095844486358,0.04989513135297658,206735720.35477963,-0.6360828311034388
shiba-inu,2025-11-06 00:00:00,9.173776599145175e-06,192514041.92409417,0.0334393087512434,0.04996248569045278,206356064.54870307,-0.6237079417589767
shiba-inu,2025-11-07 00:00:00,8.99983000372111e-06,149639773.51964217,-0.019143355674951797,0.04941991609119323,203542907.9145971,-0.6308429228334274
shiba-inu,2025-11-08 00:00:00,1.003421562311711e-05,274968605.650557,0.10879512639703971,0.05389749735848747,207495765.9244324,-0.5884142578740359
shiba-inu,2025-11-09 00:00:00,9.958605074757265e-06,182803838.05604625,-0.0075638060264451275,0.05378143562422682,207736844.93724003,-0.5915156685700093
shiba-inu,2025-11-10 00:00:00,9.998178822201495e-06,160166742.48825315,0.00396594957574636,0.03895203508539169,195048625.21697813,-0.5898924235828261
shiba-inu,2025-11-11 00:00:00,1.0138136492295207e-05,182294227.83894813,0.013901244764917504,0.0389576195737631,186250798.61584175,-0.5841516079899232
shiba-inu,2025-11-12 00:00:00,9.635019612329764e-06,145343009.774421,-0.05089986599958353,0.03747198695487082,180600886.09335178,-0.6047885707774887
shiba-inu,2025-11-13 00:00:00,9.48866234477634e-06,159295009.31497562,-0.015306688893055009,0.036725278782283356,174537744.35110325,-0.6107918865167603
shiba-inu,2025-11-14 00:00:00,9.3057265278842e-06,174365915.45597354,-0.019467682155080625,0.03641927669360942,171597062.23313314,-0.618295589525046
shiba-inu,2025-11-15 00:00:00,8.985789086493803e-06,178593474.07837796,-0.03498562731842805,0.036231559316406016,172017310.52156824,-0.6314188563746418
shiba-inu,2025-11-16 00:00:00,9.052031903999944e-06,112217033.22878076,0.007344913262531513,0.03589514858065942,169125714.9402539,-0.6287016933967039
shiba-inu,2025-11-17 00:00:00,8.910931860560835e-06,141416882.86361766,-0.015710430354518308,0.035763609377740375,165129627.5669126,-0.6344893671197098
shiba-inu,2025-11-18 00:00:00,8.564619707321257e-06,151958633.12287143,-0.03963909192495416,0.03616194746378321,166115149.331439,-0.6486944779078387
shiba-inu,2025-11-19 00:00:00,8.861677287753334e-06,146919568.76101235,0.03409632681969316,0.03666844752226744,166284620.13006097,-0.6365097024068417
shiba-inu,2025-11-20 00:00:00,8.53729791659262e-06,174146519.18705747,-0.03729150230513426,0.03701661936020831,166962950.67230427,-0.6498151693435849
shiba-inu,2025-11-21 00:00:00,8.265473474816435e-06,160498395.84646624,-0.032357538163810276,0.037317924604612085,165577584.05213025,-0.6609649262153304
shiba-inu,2025-11-22 00:00:00,7.851877589416195e-06,227443119.12483907,-0.051334329801660056,0.03811608050687839,167085746.35915434,-0.6779298964558067
shiba-inu,2025-11-23 00:00:00,7.803768581553659e-06,115006087.62076886,-0.006145918062967954,0.0376584044529262,165848977.92710963,-0.6799032426990773
shiba-inu,2025-11-24 00:00:00,7.860444814127878e-06,113936937.9713035,0.00723642847138104,0.0375525588222736,165754104.84848842,-0.6775784840810523
shiba-inu,2025-11-25 00:00:00,8.323095174278475e-06,147905597.5237402,0.057191004823440285,0.039435271103778285,167741878.77022314,-0.6586013862211325
shiba-inu,2025-11-26 00:00:00,8.790521814980002e-06,147227938.37849504,0.05463987276017623,0.04027756382033337,168163252.39399478,-0.6394283737975844
shiba-inu,2025-11-27 00:00:00,8.592996244981779e-06,149651703.67188373,-0.02272659320640773,0.040340107664974784,167193367.70878237,-0.6475305226221796
shiba-inu,2025-11-28 00:00:00,8.767706585808622e-06,109945890.6107631,0.020127784090658723,0.04043505035608989,166014504.2530227,-0.640364214064824
shiba-inu,2025-11-29 00:00:00,8.658471151477652e-06,142267605.2827961,-0.012537099846670108,0.040426351623205334,164290156.6284151,-0.6448448579929835
shiba-inu,2025-11-30 00:00:00,8.545309221196807e-06,83808666.94479215,-0.013155662292399048,0.0398340963445252,160512485.14641228,-0.6494865598264329
shiba-inu,2025-12-01 00:00:00,8.391884187633125e-06,84611533.41885908,-0.018117432627801505,0.039363200042666045,158278422.17918605,-0.6557797828018818
shiba-inu,2025-12-02 00:00:00,7.973992605258694e-06,158394902.86405227,-0.05107974906690564,0.03998805873667649,160131659.59329668,-0.6729209549193633
shiba-inu,2025-12-03 00:00:00,8.457754788881364e-06,140371025.3314504,0.05889842540826349,0.04181161778552306,160930258.51890495,-0.6530778874751978
shiba-inu,2025-12-04 00:00:00,9.010126536409546e-06,258692415.35005632,0.063265368507826,0.03951164183096335,162200279.32655227,-0.6304205773101629
shiba-inu,2025-12-05 00:00:00,8.72140946281921e-06,120704091.355703,-0.03256825501459089,0.03947103845903005,156236972.88535324,-0.642263240001639
shiba-inu,2025-12-06 00:00:00,8.305586040898416e-06,123305798.02607816,-0.04885255509975602,0.039883280297601284,153930031.42208606,-0.6593195798425264
shiba-inu,2025-12-07 00:00:00,8.432833493344484e-06,104616428.10296687,0.015204530341056016,0.03990620408921659,152429253.24153024,-0.6541001148523589
shiba-inu,2025-12-08 00:00:00,8.317713691423866e-06,98781563.48583476,-0.013745415379237352,0.03398938063342745,146556351.83603948,-0.6588221251107125
shiba-inu,2025-12-09 00:00:00,8.57385696638781e-06,109571680.75446908,0.030330265420832198,0.03463697084104416,144115279.9259869,-0.6483155819112889
shiba-inu,2025-12-10 00:00:00,8.740916484712524e-06,153877210.46558648,0.019297359334454017,0.0348858849987574,143905628.8585647,-0.6414630965341087
shiba-inu,2025-12-11 00:00:00,8.556186129266524e-06,148052743.25607035,-0.021360499898745132,0.03483923044803915,142764246.03913543,-0.6490404083335751
shiba-inu,2025-12-12 00:00:00,8.509070235774222e-06,130344168.77856934,-0.005521864096487166,0.033775969518909654,142264284.67260703,-0.6509730187853856
shiba-inu,2025-12-13 00:00:00,8.280277002886663e-06,111121349.45108098,-0.027256258833284693,0.033982001852963205,140658496.01047722,-0.6603577117288458
shiba-inu,2025-12-14 00:00:00,8.365663816393123e-06,82264251.47083269,0.010259265410548512,0.03396513694136163,137588440.54430586,-0.6568552959621503
shiba-inu,2025-12-15 00:00:00,8.077664531423381e-06,96450768.08507788,-0.035032900091726396,0.033966646709900676,134850350.34452918,-0.6686685162364815
shiba-inu,2025-12-16 00:00:00,7.903280313865568e-06,119620731.72067691,-0.02182488471905641,0.034061348544621284,135097140.29425904,-0.6758214477953005
shiba-inu,2025-12-17 00:00:00,7.861194292317901e-06,107716022.79520722,-0.005339362406184317,0.03399646319570905,133973778.2919787,-0.6775477418139298
shiba-inu,2025-12-18 00:00:00,7.521326738469385e-06,118894596.48519,-0.04419599009796141,0.034170103898604594,132871643.73738933,-0.6914885065562191
shiba-inu,2025-12-19 00:00:00,7.017767226836256e-06,183069640.34218615,-0.06929744179707126,0.035354435401696166,134076646.12342843,-0.7121436253103569
shiba-inu,2025-12-19 20:57:59,7.602754525869612e-06,156297235.77984157,0.08006551065102138,0.03834242711675874,133481670.00985457,-0.6881484830241767
solana,2024-12-20 00:00:00,194.9019815694289,10468690590.802675,,,,0.0
solana,2024-12-21 00:00:00,194.1219845045381,12107653719.181095,-0.0040100260041992155,,,-0.004001996586232516
solana,2024-12-22 00:00:00,181.0289078386085,6815137488.7062845,-0.06983001723727209,,,-0.0711797469636217
solana,2024-12-23 00:00:00,180.15299381882627,5182484546.123343,-0.004850274794670347,,,-0.0756738727427903
solana,2024-12-24 00:00:00,189.8421861765656,6301604625.525055,0.05238667241714522,,,-0.025960718060020694
solana,2024-12-25 00:00:00,197.50098597289025,4227931012.215785,0.0395504486452711,,,0.0
solana,2024-12-26 00:00:00,197.3576592740719,3348485302.259563,-0.0007259646298154957,,,-0.0007257011812489367
solana,2024-12-27 00:00:00,188.1445662723348,3632161406.331888,-0.047806975108645254,,,-0.04737404046094103
solana,2024-12-28 00:00:00,183.74866385462852,3493249464.36059,-0.023641770330981634,,,-0.06963166310546635
solana,2024-12-29 00:00:00,194.8276511169169,2617139754.420275,0.05854646079336155,,,-0.013535805114108592
solana,2024-12-30 00:00:00,189.9284130164687,2637965244.6069903,-0.025468099754485926,,,-0.03834195013821844
solana,2024-12-31 00:00:00,190.70066508822853,3958275830.342855,0.004057772649596176,,,-0.03443183258637075
solana,2025-01-01 00:00:00,189.45168366761857,3962483816.1795225,-0.006570975655989781,,,-0.04075575757569413
solana,2025-01-02 00:00:00,193.64679144177083,2824600478.597266,0.021901812411739184,,,-0.019514811595160643
solana,2025-01-03 00:00:00,207.87862676897495,5084254052.257431,0.07091854726380696,,,0.0
solana,2025-01-04 00:00:00,217.647289485303,4911221653.277528,0.04592143013777641,,,0.0
solana,2025-01-05 00:00:00,216.68364826265568,3044194454.6550207,-0.004437366625715709,,,-0.004427536060412932
solana,2025-01-06 00:00:00,213.44823541657385,3048234520.4287724,-0.015044101541175183,,,-0.019292930679996767
solana,2025-01-07 00:00:00,218.4209767110049,4309097910.341224,0.02302994026408747,,,0.0
solana,2025-01-08 00:00:00,202.492545725036,5199767125.738103,-0.07572121183541915,,,-0.07292537203074582
solana,2025-01-09 00:00:00,197.45206766283223,5972330799.666177,-0.025207215126830728,,,-0.09600226756570568
solana,2025-01-10 00:00:00,185.0111350868991,4609352627.060508,-0.0650798465819088,,,-0.1529607738560327
solana,2025-01-11 00:00:00,187.8201167474825,4489439743.585478,0.015068666042749253,,,-0.14010037142179213
solana,2025-01-12 00:00:00,188.0632507646954,2634148745.106548,0.0012936675157014922,,,-0.13898722734161256
solana,2025-01-13 00:00:00,188.39194289058088,1635265225.559339,0.0017462487698452313,,,-0.1374823713024402
solana,2025-01-14 00:00:00,183.11428850097792,6287216536.189147,-0.028414110021074915,,,-0.16164513473786737
solana,2025-01-15 00:00:00,187.7045252023241,3315788782.9493647,0.024758566765170287,,,-0.14062958590887564
solana,2025-01-16 00:00:00,205.75854800567015,4804084650.374077,0.09183433228844387,,,-0.05797258530753912
solana,2025-01-17 00:00:00,211.23399374041628,7068314924.706724,0.026263109803761103,,,-0.03290427082055305
solana,2025-01-18 00:00:00,219.77905400813705,5970704168.89648,0.03965624765172322,,4798709306.681503,0.0
solana,2025-01-19 00:00:00,262.5615764589647,25509863876.61015,0.17786288976709722,0.05126923481889198,5300081749.541753,0.0
solana,2025-01-20 00:00:00,251.97488550305263,27745408600.276928,-0.041156209666537616,0.052060045119831345,5821340245.57828,-0.040320792930517095
solana,2025-01-21 00:00:00,242.47150410221352,24105137275.239197,-0.03844522722681372,0.050725904813620736,6397673571.796044,-0.07651566016511563
solana,2025-01-22 00:00:00,250.3984908388754,12579840532.32276,0.03216941759050485,0.05080892472120008,6644252104.669358,-0.04632469755905135
solana,2025-01-23 00:00:00,256.1143343782641,10328230618.34812,0.022570351233741428,0.05025958280473002,6778472971.096793,-0.024555162136254888
solana,2025-01-24 00:00:00,253.49503131499628,10816185398.469212,-0.010279740936397795,0.05007171549759125,6998081450.638576,-0.034531119390141966
solana,2025-01-25 00:00:00,253.6263788544132,8592029753.25568,0.0005180122145115321,0.05006448048970643,7172866265.671779,-0.034030865159540805
solana,2025-01-26 00:00:00,257.0742996969564,5803289041.239068,0.013502912273613997,0.04893111108116006,7245237186.835352,-0.020899009047753266
solana,2025-01-27 00:00:00,241.06731630326192,4718944732.494511,-0.06428893174365694,0.05044570155323233,7286093695.773149,-0.08186369249295723
solana,2025-01-28 00:00:00,234.97914713600687,12684970731.866884,-0.02557944063283365,0.04993503694158656,7621688061.688036,-0.10505127861794591
solana,2025-01-29 00:00:00,226.88945614638288,5786086231.183104,-0.03503385307473888,0.05017449636011698,7726625427.90724,-0.13586192158682797
solana,2025-01-30 00:00:00,228.6145425527223,6211589569.140341,0.007574443512787587,0.050174086235207464,7801735885.867155,-0.1292917050699835
solana,2025-01-31 00:00:00,239.0471972633765,5322441765.57196,0.04462364547120892,0.05059902384747208,7847067817.51357,-0.08955757926469951
solana,2025-02-01 00:00:00,231.50782299297452,4767010236.438659,-0.03204734494315016,0.051035555587812205,7911814809.441616,-0.11827226925126075
solana,2025-02-02 00:00:00,214.46366422580272,4126022505.958027,-0.07647333911158954,0.05165653276286483,7879873757.898303,-0.18318717034622584
solana,2025-02-03 00:00:00,202.32492853599263,9577730751.60321,-0.058265364302202895,0.05203592265574211,8035424061.175826,-0.22941912802076103
solana,2025-02-04 00:00:00,215.95147229807475,17185125725.03428,0.06517875498866961,0.053475813299232094,8506788436.855134,-0.17752065930398825
solana,2025-02-05 00:00:00,207.4240639397552,8488460261.020004,-0.0402884013811112,0.05391567716937604,8688129294.874842,-0.20999840594660213
solana,2025-02-06 00:00:00,196.21787573260252,4519102616.629987,-0.05553966304608612,0.05461421194998783,8695129451.751135,-0.2526786349362543
solana,2025-02-07 00:00:00,189.38932513491977,4544519196.979243,-0.03542083504969703,0.05325716990340901,8673287854.12584,-0.27868606027920034
solana,2025-02-08 00:00:00,192.2709679394336,5321325630.808724,0.015100850763791732,0.053165876248524584,8651587681.83059,-0.2677109479136475
solana,2025-02-09 00:00:00,199.70939394589396,2738591550.9889145,0.0379576111619693,0.05219520955829572,8589228979.294871,-0.23938073255320275
solana,2025-02-10 00:00:00,200.44634668796408,3575183754.783349,0.0036833337644279467,0.05214239908395022,8558753779.668134,-0.23657395194193043
solana,2025-02-11 00:00:00,200.0458466193684,4877446867.21056,-0.0020000399947555677,0.052147772453555896,8633530383.738266,-0.23809930867537565
solana,2025-02-12 00:00:00,197.9291526403184,4610068875.979272,-0.010637421659381616,0.052199320575191985,8732690505.418932,-0.24616101369557242
solana,2025-02-13 00:00:00,196.60301392852932,4991943969.554793,-0.006722613863030414,0.0519180507603024,8689514753.197786,-0.25121178589794124
solana,2025-02-14 00:00:00,194.2631701900725,3243643748.254954,-0.011972750696854748,0.051804829622014305,8687109918.707972,-0.2601233858738902
solana,2025-02-15 00:00:00,199.65011966060425,4307573002.935994,0.02735264570521769,0.0491837292970558,8670559530.460035,-0.2396064863976499
solana,2025-02-16 00:00:00,194.4254509858272,2126185023.718757,-0.02651762869497949,0.04911866971143733,8505821867.09377,-0.25950531830306234
solana,2025-02-17 00:00:00,188.165584495931,2477404625.155988,-0.03272646038968804,0.0487393873862098,8389378548.969088,-0.2833468360693702
solana,2025-02-18 00:00:00,177.91997195388805,4953743554.608888,-0.055988490347338216,0.03530447970824221,7704174538.235712,-0.3223685873866054
solana,2025-02-19 00:00:00,169.10718217289786,7430021942.540908,-0.05080112549377521,0.03561256068173058,7026994982.977845,-0.3559332463890529
solana,2025-02-20 00:00:00,169.2644343661567,4126508611.428817,0.0009294645111676562,0.03537842832240608,6361040694.184165,-0.35533433090652256
solana,2025-02-21 00:00:00,176.02074183930708,3748737861.764053,0.03913964700760069,0.035699802238909326,6066670605.165543,-0.32960205292331846
solana,2025-02-22 00:00:00,169.00123201382314,5320752621.586434,-0.04069583453480166,0.03547051150839014,5899754671.940153,-0.3563367713849933
solana,2025-02-23 00:00:00,172.21280391506767,2446840289.512584,0.0188249392177955,0.035966291758922735,5620776501.641598,-0.3441050810342673
solana,2025-02-24 00:00:00,168.09302650361454,1845951247.1170416,-0.024213388796914648,0.03593185571376899,5395907218.103643,-0.3597957904937948
solana,2025-02-25 00:00:00,141.16593031186233,8204544974.98999,-0.1745815461383769,0.046013944216684824,5475949082.562008,-0.4623511474310297
solana,2025-02-26 00:00:00,144.3563354963687,10792855904.5099,0.022348785770086706,0.045855702702674216,5678412788.295854,-0.4502000732809817
solana,2025-02-27 00:00:00,134.6628545613439,5565468106.450874,-0.06951051379213748,0.046827216979733306,5441096034.11532,-0.48711895937907684
solana,2025-02-28 00:00:00,137.60648163669737,4247821646.488742,0.02162374812812358,0.04728012977775452,5389820547.958841,-0.4759077718357482
solana,2025-03-01 00:00:00,148.17466304440643,8773643463.195835,0.0739937043255288,0.04993506737570199,5475222344.427358,-0.4356574749330681
solana,2025-03-02 00:00:00,143.4002225931321,3750217492.258566,-0.0327522532155519,0.04876289419695812,5422814868.650245,-0.45384155394289427
solana,2025-03-03 00:00:00,178.17413183106032,13105437774.765997,0.2171218603952338,0.06472511044690836,5700762453.261156,-0.3214005863538572
solana,2025-03-04 00:00:00,142.5141267061424,10365994673.49476,-0.22332021123778664,0.07479450540297451,5908761525.512381,-0.45721636566873786
solana,2025-03-05 00:00:00,145.06190940041165,8959390661.47582,0.017719483105524472,0.0745166779973309,5888150189.174801,-0.44751280306590047
solana,2025-03-06 00:00:00,146.1815871653316,5058439503.511892,0.007688983921981501,0.07321551249331576,5483927315.124055,-0.44324836430063835
solana,2025-03-07 00:00:00,143.45134750836067,4945954333.278534,-0.018853660644188353,0.0730444862232259,5365843784.199339,-0.4536468380369416
solana,2025-03-08 00:00:00,139.1826626278542,7016301953.403862,-0.030208745902383333,0.07267278787150001,5449083762.091802,-0.4699046810087735
solana,2025-03-09 00:00:00,136.88210638232243,2514068553.482356,-0.016667172058068003,0.07254000240031565,5381402073.975239,-0.47866664944512355
solana,2025-03-10 00:00:00,126.63426805755284,3801194130.62927,-0.07781686515557053,0.07337383743495714,5330731023.969257,-0.5176968779460984
solana,2025-03-11 00:00:00,118.78644366084116,5864031854.074184,-0.06397586302396552,0.07324870684848861,5434912367.405432,-0.5475863404582884
solana,2025-03-12 00:00:00,125.4287680235315,6029007255.049647,0.05441072214590681,0.07432778823087555,5516706484.080976,-0.522288182013812
solana,2025-03-13 00:00:00,126.56536487567296,4689543463.448166,0.009020881135005118,0.07442463377953326,5510443037.288897,-0.517959304698745
solana,2025-03-14 00:00:00,123.23770752728636,3271148359.248695,-0.026643821237467367,0.07444772603093636,5465812353.397877,-0.5306331216115813
solana,2025-03-15 00:00:00,133.5545345544276,3701658672.5857406,0.08039482110063176,0.07648491412220727,5422802843.498908,-0.4913401406420158
solana,2025-03-16 00:00:00,135.83808085318316,2173510694.828497,0.01695370150588153,0.07667895214812898,5387131741.718027,-0.48264295680593206
solana,2025-03-17 00:00:00,126.16514527624146,2798721596.913924,-0.07387186890840987,0.0771168666293911,5336836694.850623,-0.5194835932288074
solana,2025-03-18 00:00:00,128.27980954134415,2835104845.2985606,0.016622164553404664,0.07730245220108327,5360467355.56995,-0.5114296186388384
solana,2025-03-19 00:00:00,125.34406014353016,2936759432.6961746,-0.023151452802346307,0.07724161786940432,5375779182.487958,-0.522610803020068
solana,2025-03-20 00:00:00,135.62276169425357,4227937432.462337,0.07881478321063651,0.07859632738435834,5351585645.083073,-0.4834630278987153
solana,2025-03-21 00:00:00,127.67626424914864,2856454079.9876003,-0.06037934594851978,0.07879099645779218,5199133382.997961,-0.5137282995819347
solana,2025-03-22 00:00:00,128.23973822410704,2682481813.177558,0.004403592429304068,0.07880920391579321,5150999156.389586,-0.5115822354755345
solana,2025-03-23 00:00:00,128.39187391771924,1633225353.201732,0.0011856350054795471,0.07830862946707148,5080482072.770843,-0.5110028068490616
solana,2025-03-24 00:00:00,132.10106868785385,1946961909.8583128,0.028480199478918174,0.07840776100596648,4968022382.379905,-0.49687585491588593
solana,2025-03-25 00:00:00,140.57936877383233,4982998048.548014,0.06220493009453456,0.07931827886726456,5052560974.347753,-0.4645851435318326
solana,2025-03-26 00:00:00,143.93305133739045,4141256445.109851,0.023576038617062426,0.07943557875158105,5129071147.61418,-0.4518122061935231
solana,2025-03-27 00:00:00,137.09334253160864,3544853266.965955,-0.04868624402435301,0.07326286543809082,4973748090.680044,-0.4778621290269609
solana,2025-03-28 00:00:00,138.37897933357002,3091328527.031395,0.009334122046027588,0.07315844596648635,4717030511.430761,-0.4729656136293155
solana,2025-03-29 00:00:00,129.44621681849003,3970975243.7690816,-0.06673066749029744,0.07307092402648947,4663880749.341369,-0.5069872044330866
solana,2025-03-30 00:00:00,124.50189658068513,2655617262.6764107,-0.038944531361320846,0.07325174173687836,4610807269.880957,-0.5258182927609618
solana,2025-03-31 00:00:00,124.5806499329744,1878569311.0322552,0.0006323474367495104,0.07179117104472874,4380971464.808839,-0.525518350349923
solana,2025-04-01 00:00:00,124.86617842858315,3728330337.925512,0.0022892944535365285,0.07162208421835345,4380241892.997737,-0.5244308778436273
solana,2025-04-02 00:00:00,126.80693682115113,3477738068.3977413,0.015423156039357323,0.058321609283489374,4059318569.452128,-0.5170392464452256
solana,2025-04-03 00:00:00,118.08550586157004,6220758262.820647,-0.07125675930162248,0.04414844332294035,3921144022.4296575,-0.5502559534638328
solana,2025-04-04 00:00:00,117.1929518844708,5474729959.575941,-0.007587250166489099,0.043915464650663406,3804988665.6996613,-0.5536553616679449
solana,2025-04-05 00:00:00,122.71307466195722,6141157658.850645,0.04602716617206621,0.044907616671442274,3841079270.8776197,-0.5326312542873696
solana,2025-04-06 00:00:00,120.16838205477264,1955824996.8725357,-0.020954960972733853,0.04493025800144779,3741408292.9974203,-0.542323047890621
solana,2025-04-07 00:00:00,105.76515013740064,4396294752.456149,-0.12767287165363075,0.04998742152514921,3654074719.6324964,-0.5971796347211128
solana,2025-04-08 00:00:00,106.7967654056102,9917012343.481731,0.009706568227360046,0.050082524912958705,3900839512.632476,-0.5932505934572598
solana,2025-04-09 00:00:00,105.48654682895577,6176838846.398615,-0.012344213027093199,0.04834390693158731,3980027669.8247867,-0.5982407317491023
solana,2025-04-10 00:00:00,118.96288063114292,8239588242.375064,0.12022809040661701,0.05227630811237405,4059212882.7681494,-0.5469143572508393
solana,2025-04-11 00:00:00,112.88616853404648,4925583853.038068,-0.05243156410227282,0.052084203800220906,4022432102.7010965,-0.5700583076302131
solana,2025-04-12 00:00:00,121.39249540173658,4490645224.532262,0.07264910671512534,0.05387682164612483,4015802161.4039,-0.5376608525935294
solana,2025-04-13 00:00:00,132.15438529607428,4651920909.779958,0.08494176513481505,0.05588758444481933,4061827913.0882754,-0.4966727916613935
solana,2025-04-14 00:00:00,128.2347432835372,4291450492.451211,-0.030108308507976713,0.0541804173082121,4081487640.4171243,-0.5116012593579975
solana,2025-04-15 00:00:00,129.42181202590046,5081658904.236963,0.00921441443610533,0.05410861354818288,4178425914.0640736,-0.5070801532678656
solana,2025-04-16 00:00:00,126.3038818388089,3719787998.900468,-0.02438616670852605,0.05256200079472058,4209128127.463625,-0.5189551969400643
solana,2025-04-17 00:00:00,131.4761427933663,5101503918.076568,0.040134647584051886,0.0529913775823984,4284674763.222892,-0.4992559666706812
solana,2025-04-18 00:00:00,134.6151648808524,4018737660.854973,0.023594665607051,0.052949447522997566,4320740704.161519,-0.4873005917456045
solana,2025-04-19 00:00:00,133.9760882871713,2480801560.1936097,-0.004758738731549815,0.050950045685308545,4262502841.752561,-0.4897345982834232
solana,2025-04-20 00:00:00,139.64248014652355,2834667466.059489,0.04142410467310015,0.05020270693129587,4261776621.288291,-0.468153406032173
solana,2025-04-21 00:00:00,137.6315829179827,3092429798.991093,-0.014505016900403435,0.0503028961625993,4275441554.1487417,-0.47581217033295453
solana,2025-04-22 00:00:00,136.3303974884886,4783795038.828256,-0.009499093353609222,0.05034927209126453,4380460543.669626,-0.4807679047059826
solana,2025-04-23 00:00:00,148.80397504642707,5472749483.478719,0.08754850323530498,0.05252831512718696,4497986796.123639,-0.43326065811581765
solana,2025-04-24 00:00:00,150.9999108899842,5423865832.324091,0.014649410618329537,0.051416062334656856,4512682388.916175,-0.42489715012210205
solana,2025-04-25 00:00:00,152.3299363576059,4515150018.575274,0.008769555673416385,0.05127649350064587,4525145508.03169,-0.41983157470334087
solana,2025-04-26 00:00:00,150.92008896105446,5066838746.453711,-0.009298317801323844,0.05043418099271359,4575878357.347948,-0.4252011623466105
solana,2025-04-27 00:00:00,149.14633083954075,2422656520.389346,-0.011822574368532198,0.05049337499033312,4553589290.45988,-0.4319567514371221
solana,2025-04-28 00:00:00,148.2466719511348,2296538427.6507287,-0.0060503214561250605,0.04881195745581373,4497774729.922601,-0.4353832196223729
solana,2025-04-29 00:00:00,147.99083303267335,4344220983.973297,-0.0017272558522360535,0.04813747208869475,4554061520.632497,-0.43635761550280533
solana,2025-04-30 00:00:00,146.49305755147196,3236163761.820636,-0.010172294270307705,0.048217519121231754,4599314668.99211,-0.44206208872162556
solana,2025-05-01 00:00:00,147.73348327834748,3339352715.472854,0.008431823128125921,0.048216892517769935,4586348748.243688,-0.437337765598629
solana,2025-05-02 00:00:00,150.76046702861854,3739901458.503681,0.020282404487382815,0.04825915326479821,4595087527.913886,-0.4258091032897929
solana,2025-05-03 00:00:00,147.97213909446802,3193090564.1996865,-0.018668259541318476,0.04627936526447159,4494165271.293187,-0.43642881380400933
solana,2025-05-04 00:00:00,146.79754814764868,1777312803.7801025,-0.007969592631835911,0.046283721652976666,4370918032.76666,-0.44090239658280145
solana,2025-05-05 00:00:00,143.9823040324787,1839075329.597307,-0.019364010688213557,0.04594566399046297,4227515288.4582148,-0.4516246208820982
solana,2025-05-06 00:00:00,146.81070557078957,2594552533.4757075,0.019453636391735467,0.045740431138631896,4248806206.344987,-0.44085228482114036
solana,2025-05-07 00:00:00,146.90938773866714,3138354742.93678,0.0006719470260186459,0.038106488555934244,4206874872.6943417,-0.44047644091736565
solana,2025-05-08 00:00:00,147.20059726659957,4811988060.661323,0.001980277025222353,0.03814129741052804,4036707396.600328,-0.4393673314587014
solana,2025-05-09 00:00:00,163.41627317514832,7618036777.599004,0.10450450469801971,0.04152363285104557,4084747327.6403413,-0.3776078153587397
solana,2025-05-10 00:00:00,172.6970765026263,8703440319.327112,0.0552382883231435,0.03730319097882486,4100209063.538743,-0.3422606657390449
solana,2025-05-11 00:00:00,177.3428319704922,4641291512.67865,0.02654570615705816,0.03530143042410007,4090732652.1934285,-0.32456670026808426
solana,2025-05-12 00:00:00,172.85779222329435,4733142340.016698,-0.02561551679032212,0.03431850965126358,4098815889.376243,-0.34164855896075863
solana,2025-05-13 00:00:00,174.41950190990173,8002629811.569619,0.008994081908940693,0.0314138645081826,4210506186.102565,-0.33570058398410985
solana,2025-05-14 00:00:00,184.05379777179436,6287498118.264789,0.053764765968008964,0.03152237066669885,4277041106.9630184,-0.2990071119543273
solana,2025-05-15 00:00:00,176.45507175799847,5807895946.602451,-0.04216180104547707,0.03304050298668285,4301249008.375201,-0.3279478507946255
solana,2025-05-16 00:00:00,168.75269732863256,5419257075.786196,-0.044631979229007884,0.03396785231573889,4357897977.604725,-0.3572833481405965
solana,2025-05-17 00:00:00,167.76812404954248,4389549581.69855,-0.005851501754797937,0.03358051228411092,4334166166.392124,-0.3610332238549661
solana,2025-05-18 00:00:00,165.9394166641985,3269429713.771272,-0.01096005015150877,0.03362420004947578,4309189234.822667,-0.36799809438174635
solana,2025-05-19 00:00:00,171.5406749574527,4719647862.73409,0.033197648360529054,0.03388065337454774,4383817444.907351,-0.34666497180990796
solana,2025-05-20 00:00:00,166.7148813421899,4917489419.353307,-0.028535354277289936,0.03392535838996868,4453244843.350477,-0.3650446360408508
solana,2025-05-21 00:00:00,168.38572912424627,4723025924.716064,0.009972298327979467,0.03371119234100408,4507598047.54131,-0.3586809943968972
solana,2025-05-22 00:00:00,173.96771434765478,6215139156.977671,0.0326123779724468,0.03388872151211558,4555309518.14629,-0.3374212758246296
solana,2025-05-23 00:00:00,179.57884486750282,5820960214.759074,0.031744626388324926,0.030766670414860954,4566916542.522303,-0.31605055359054446
solana,2025-05-24 00:00:00,174.43566967519817,8631193319.547667,-0.029058340144245087,0.03138466237500109,4673827458.763088,-0.3356390069418233
solana,2025-05-25 00:00:00,175.9976176396849,3543822748.1900992,0.0089144402923769,0.03138530394782098,4641449883.083583,-0.3296901244528013
solana,2025-05-26 00:00:00,175.13203918726265,3915382381.155895,-0.004930259742672099,0.03132765574352023,4603068004.240322,-0.3329867928537756
solana,2025-05-27 00:00:00,174.71672204451494,3202505989.7881603,-0.0023742678772722373,0.031200356925192435,4629062986.553616,-0.33456858234616393
solana,2025-05-28 00:00:00,176.57784495904014,4151034839.0818906,0.010595895878437097,0.031139968586974598,4690879533.601321,-0.32748025304975575
solana,2025-05-29 00:00:00,172.12073410994773,3798038676.2862353,-0.025565654000136454,0.0316395863360751,4672673456.678419,-0.34445574089227715
solana,2025-05-30 00:00:00,166.83894593726552,3849498974.469161,-0.031167221563841576,0.032214517827963654,4693117963.766704,-0.36457211985341464
solana,2025-05-31 00:00:00,156.51262963204462,4811893138.165595,-0.0638922442545558,0.03452100703974979,4742202644.5231285,-0.4039012419758771
solana,2025-06-01 00:00:00,156.86968538083693,3067057498.6570454,0.002278724013389817,0.03434690996350557,4719774512.52824,-0.4025413485992158
solana,2025-06-02 00:00:00,157.63092185153255,2744309615.2839994,0.004840931558136997,0.03414262537991929,4704815147.5643835,-0.3996420802410576
solana,2025-06-03 00:00:00,156.97126157615844,3295032805.67504,-0.004193621512375475,0.03411114004834713,4755405814.294215,-0.4021544824145614
solana,2025-06-04 00:00:00,155.57609294535118,4001215457.270695,-0.008927785677781262,0.0339360531550747,4827477151.883328,-0.4074681640644936
solana,2025-06-05 00:00:00,153.52933334658826,2894328554.847466,-0.013243310138668625,0.03390053082605994,4837469685.929053,-0.4152635148784494
solana,2025-06-06 00:00:00,144.54778524030908,5147783563.002369,-0.060281498901107504,0.03572863815476557,4904450646.597905,-0.44947091196757716
solana,2025-06-07 00:00:00,148.27289869882955,3081994292.815606,0.025444339386008437,0.03604117525832101,4846784187.669715,-0.4352833316340067
solana,2025-06-08 00:00:00,150.07536034230216,2061571442.4994383,0.012083084240552825,0.0303171907401379,4661568676.49973,-0.4284184214373911
solana,2025-06-09 00:00:00,152.50446458828966,2132215310.9007103,0.01605630139121969,0.028519644814202376,4442527842.885516,-0.4191668611796123
solana,2025-06-10 00:00:00,161.15980951265985,4008837628.698958,0.05520260673818446,0.030023306992668426,4421446046.75286,-0.386201851443228
solana,2025-06-11 00:00:00,164.9644225697288,5347282400.770432,0.023333351515651624,0.030092529530215992,4441917382.111318,-0.3717114865224355
solana,2025-06-12 00:00:00,161.01986639557893,5796688364.492554,-0.024202078728114806,0.030300748822420866,4368386000.542083,-0.38673484305216127
solana,2025-06-13 00:00:00,152.6604566097001,3971540185.958896,-0.05331153374374314,0.029725528358073808,4291187402.798553,-0.41857274522588356
solana,2025-06-14 00:00:00,148.53042859104298,6899166919.424324,-0.027426373800387788,0.02922898191367502,4327563101.892615,-0.43430249545954963
solana,2025-06-15 00:00:00,144.75154594223267,2347896839.35581,-0.025771047108726092,0.028558809999679018,4225184427.3449354,-0.44869486276543724
solana,2025-06-16 00:00:00,152.684889859998,3899774764.538459,0.053357457737135336,0.030486885987890438,4208858600.1062665,-0.4184796880062118
solana,2025-06-17 00:00:00,151.43554856186984,5091508004.197791,-0.008216141819782296,0.03046672609142209,4269594543.1204834,-0.4232379672448476
solana,2025-06-18 00:00:00,147.99188434299543,5049196750.599356,-0.023002675657643048,0.02988339131079247,4280579506.0493255,-0.4363536114503607
solana,2025-06-19 00:00:00,146.27697674399295,4140075680.6693616,-0.011655511269127814,0.02958083640727337,4254665714.7598605,-0.4428850606522225
solana,2025-06-20 00:00:00,147.09924520457085,3317445622.022612,0.005605570950873281,0.02951856091937678,4207813038.0034122,-0.4397533440024849
solana,2025-06-21 00:00:00,140.04009054961782,4927733598.47951,-0.04917875373753937,0.029748410592126698,4164899519.3868074,-0.4666390549665806
solana,2025-06-22 00:00:00,133.71000196412658,3965117683.287045,-0.046255452368472325,0.029632822508521093,4103038101.671073,-0.49074802274039553
solana,2025-06-23 00:00:00,131.8134744866569,6034851129.188091,-0.014285439128300251,0.029424308871484915,4016493361.9924207,-0.4979711949312667
solana,2025-06-24 00:00:00,144.7815680115998,6803245546.166264,0.09383832792391217,0.03482956975019506,4125140788.591626,-0.44858051979960034
solana,2025-06-25 00:00:00,145.8019507474219,4365577695.258674,0.00702301998536137,0.034916505775693774,4140147299.0617185,-0.4446942590999828
solana,2025-06-26 00:00:00,143.37011953879949,3632253966.777613,-0.016819664060837607,0.03496278963855158,4154472231.6280336,-0.45395620535053205
solana,2025-06-27 00:00:00,138.97799072607012,4094443190.4828176,-0.03111395454280146,0.03508486305725399,4152585843.341398,-0.4706842006343957
solana,2025-06-28 00:00:00,142.12675809713753,3884472749.841882,0.02240374157743688,0.035347946913936154,4155466979.126586,-0.45869170952608795
solana,2025-06-29 00:00:00,150.7812372563586,3480663753.86231,0.059110704385145124,0.03697075339318759,4143172471.7730246,-0.4257299971691633
solana,2025-06-30 00:00:00,153.31879559308874,3034669713.0257177,0.01668935851478796,0.0353122926469413,4083931690.935028,-0.41606537536519295
solana,2025-07-01 00:00:00,154.9374500694811,5839631136.997528,0.010502102562303214,0.03536798314820114,4176350812.213044,-0.40990051873147554
solana,2025-07-02 00:00:00,146.84115991278014,4180937195.699031,-0.05367002977474113,0.0366580221328837,4224238398.2268786,-0.44073629548865195
solana,2025-07-03 00:00:00,152.1680329188485,4586707670.749116,0.03563393222449236,0.03730493533268253,4267294227.062681,-0.4204482050608399
solana,2025-07-04 00:00:00,152.28063806980848,4481298325.462197,0.0007397316317994806,0.037276156600678984,4283296989.335731,-0.42001933366054356
solana,2025-07-05 00:00:00,147.76302956048175,4122205670.4260592,-0.03011528268201631,0.0375976054539213,4324226226.521685,-0.4372252347305075
solana,2025-07-06 00:00:00,147.60067170952215,1854457228.577465,-0.0010993758990290195,0.03590958798772384,4214448682.040854,-0.4378435957761306
solana,2025-07-07 00:00:00,151.92103968743746,3555730137.127768,0.028850447097926675,0.035995812989604435,4230239876.8512597,-0.4213889109887297
solana,2025-07-08 00:00:00,148.79005045485957,4159999387.584406,-0.020824655190770053,0.03614155631382208,4300187475.020759,-0.43331369173846457
solana,2025-07-09 00:00:00,151.83083400485827,4528768718.257452,0.020230711955888995,0.03621460955938306,4380072588.599317,-0.4217324710929755
solana,2025-07-10 00:00:00,157.20772193763892,5340601044.883773,0.034801033632794645,0.035319882735805094,4424464702.472144,-0.40125389229520925
solana,2025-07-11 00:00:00,163.85821380442644,10873010259.89518,0.04143350338294094,0.03589671905026901,4608655631.109635,-0.37592462684639777
solana,2025-07-12 00:00:00,162.75319398002793,15000208185.36994,-0.006766597946914052,0.035635314006142,4915439625.138882,-0.3801332389338988
solana,2025-07-13 00:00:00,160.46917812212587,7427115213.712982,-0.014133018458996869,0.03429330078099234,5030625459.397351,-0.3888322111472189
solana,2025-07-14 00:00:00,161.2426294578984,7216327088.355576,0.004808358336567831,0.03385260080629295,5041197465.028394,-0.38588642088268865
solana,2025-07-15 00:00:00,162.28222240485653,14500503326.7985,0.006426687279833016,0.03342530793339922,5446284347.943149,-0.38192699558909243
solana,2025-07-16 00:00:00,163.96583057213138,12915906103.683296,0.010321122823546336,0.0321237068722744,5746822059.247976,-0.3755147543541759
solana,2025-07-17 00:00:00,173.8289647474319,17811143762.30818,0.05841379862331896,0.033633979221940544,6170809917.851657,-0.33794972176898336
solana,2025-07-18 00:00:00,176.0976453468298,16421519782.114107,0.012966789729121084,0.03325516425997819,6549887352.235482,-0.3293091558872788
solana,2025-07-19 00:00:00,177.36979874415755,18801332820.73724,0.007198167251299663,0.033091739333804195,7038595923.571078,-0.3244639937943152
solana,2025-07-20 00:00:00,176.91082733883786,8109077838.043139,-0.002591006271849487,0.033132545899478616,7198316997.438429,-0.3262120462378966
solana,2025-07-21 00:00:00,180.9922312861293,13879156359.595356,0.02280830399533529,0.03155646756232223,7496697756.14229,-0.31066748712024017
solana,2025-07-22 00:00:00,196.4238116780261,23536247199.55184,0.08182052002086879,0.03253456612041917,8149068740.017783,-0.25189430103560917
solana,2025-07-23 00:00:00,205.2909062553001,33288976911.75837,0.044153398840962886,0.032605096401897196,9057539599.436792,-0.21812281513557766
solana,2025-07-24 00:00:00,189.5923023530127,22842746849.566635,-0.07955203854261125,0.0334621202971118,9592189642.883472,-0.27791299507738987
solana,2025-07-25 00:00:00,182.5608428675505,19515303060.80173,-0.03779248655525918,0.034536001096818675,10097180488.401575,-0.3046932253772378
solana,2025-07-26 00:00:00,186.17182549934944,17804092124.295223,0.019586537248757904,0.03429093872375733,10569575093.65216,-0.2909403271790382
solana,2025-07-27 00:00:00,184.9395837508933,6066268600.664028,-0.0066408428644771315,0.03359496038130931,10635302607.324867,-0.29563348055309535
solana,2025-07-28 00:00:00,188.5758287219798,7055013487.194188,0.019471002962754218,0.03356043786753104,10740987298.569944,-0.2817843674416999
solana,2025-07-29 00:00:00,183.0302526626104,11859569057.897078,-0.029848746109959835,0.032943491300362907,11020284142.03777,-0.3029054169652432
solana,2025-07-30 00:00:00,181.16776459533068,5784849447.910539,-0.010227976076014722,0.03302176437175123,11111956799.867266,-0.30999894562392266
solana,2025-07-31 00:00:00,177.8780960276323,6340104641.556541,-0.01832501630333902,0.03329141979394758,11128639250.01923,-0.32252807731205646
solana,2025-08-01 00:00:00,172.1630467364299,5648090381.562077,-0.0326564879569806,0.03222713733940416,11177544356.214666,-0.3442945877370714
solana,2025-08-02 00:00:00,162.79127248081605,8524308824.141164,-0.05597313064704506,0.03356626820543802,11308797727.994402,-0.3799882119984969
solana,2025-08-03 00:00:00,158.53125175932496,3493829006.117884,-0.026517097426621006,0.033974943557023185,11275882084.016256,-0.3962130563909775
solana,2025-08-04 00:00:00,161.90312387611365,3799213534.622081,0.02104640972926413,0.03362376686218314,11265115679.48946,-0.3833708417674083
solana,2025-08-05 00:00:00,169.41522028427192,5184477262.429844,0.04535447078319483,0.03448489826844212,11376116347.284538,-0.3547600430760304
solana,2025-08-06 00:00:00,164.08356857308905,4990165298.964871,-0.03197676386671043,0.03479637407558822,11423930852.679108,-0.3750663338253783
solana,2025-08-07 00:00:00,168.1731958529984,3925170891.210052,0.024618513548299456,0.03473202361945009,11416103236.133295,-0.35949045507318583
solana,2025-08-08 00:00:00,175.3851480311338,4922490352.0849,0.041990025443294964,0.03530338874016243,11429227290.59421,-0.3320227948184015
solana,2025-08-09 00:00:00,176.79535226118225,6314967732.267661,0.008008460240558846,0.03485449604744521,11461706180.173674,-0.3266518481282302
solana,2025-08-10 00:00:00,180.3863831264505,5151414730.8922,0.020108261476431914,0.03427557186018665,11270986329.206907,-0.31297493883442307
solana,2025-08-11 00:00:00,182.9089507475702,6526899522.845935,0.01388736891139424,0.03427583849409801,10988542707.122774,-0.3033674111255317
solana,2025-08-12 00:00:00,175.04512640796176,7218575660.657902,-0.043944686259991844,0.03523515585055644,10981591388.687603,-0.3333178115065162
solana,2025-08-13 00:00:00,192.59412792428108,8241598209.651322,0.09554120457759684,0.039088166181936904,11015767092.730797,-0.2664801509737229
solana,2025-08-14 00:00:00,201.8186877395025,12032742881.340282,0.04678469843421677,0.039794225328684214,10933508411.215523,-0.23134721210418838
solana,2025-08-15 00:00:00,192.75680405400084,14504164931.300505,-0.04594039717070002,0.0409541811411995,10986450372.136097,-0.26586057772194066
solana,2025-08-16 00:00:00,185.5996951638033,8453295249.345534,-0.037837133797120656,0.0404239663778615,10674522088.370674,-0.2931193601634611
solana,2025-08-17 00:00:00,189.76942306167987,4463139739.111394,0.022217594449205753,0.04054415993790255,10275909420.270582,-0.2772384077632219
solana,2025-08-18 00:00:00,191.6409898737488,4337337967.245784,0.009814004915365618,0.04055743988269592,9793776258.487535,-0.2701103015212127
solana,2025-08-19 00:00:00,183.0130381229085,6404055055.139721,-0.04606638040214312,0.04151400328867141,9736942165.724089,-0.3029709807843444
solana,2025-08-20 00:00:00,176.4002245667356,6012864665.830554,-0.03680198025083764,0.04186573272843497,9474732442.598595,-0.32815674347421164
solana,2025-08-21 00:00:00,187.2669439751863,6232892656.027937,0.0597796901965715,0.04053712940571639,8897953957.814465,-0.2867694256685957
solana,2025-08-22 00:00:00,180.24297051206173,5352469255.969752,-0.03822932996403413,0.04011966642367296,7966737035.954844,-0.3135211444762497
solana,2025-08-23 00:00:00,200.2605865005056,10127448099.98284,0.1053136741121177,0.04230634702536611,7542893744.302051,-0.2372814438375982
solana,2025-08-24 00:00:00,204.01931609622184,7707066769.148663,0.01859522513730254,0.04173426482307561,7149285867.913615,-0.22296583206222603
solana,2025-08-25 00:00:00,205.88090746426144,11192452947.414185,0.00908320640087461,0.04164038503625834,6928897895.350913,-0.21587571859952542
solana,2025-08-26 00:00:00,187.18525315161807,12382673799.15369,-0.09519909746773801,0.04534738403813358,7139444735.30057,-0.2870805558220247
solana,2025-08-27 00:00:00,195.9857969070515,8074057190.355703,0.04594340680384695,0.045984325765696187,7173412858.739286,-0.25356253740469975
solana,2025-08-28 00:00:00,203.2934176541396,12654160502.675877,0.036608150764716955,0.04603350401966417,7199899240.231914,-0.2257305109305969
solana,2025-08-29 00:00:00,214.54958917125032,12259075336.968056,0.053890553986908174,0.04685529341290116,7415706769.867163,-0.1828599139875216
solana,2025-08-30 00:00:00,205.08335316941145,13457457307.813232,-0.045124399271413866,0.04757779529799391,7652951858.742387,-0.21891330812654686
solana,2025-08-31 00:00:00,202.71014197799332,5916828358.740077,-0.011639410693589381,0.047161004507448645,7661909791.314987,-0.22795199239796402
solana,2025-09-01 00:00:00,200.90099462282365,5119565154.109434,-0.00896486398750774,0.045811643928547675,7548418335.647263,-0.2348423659993444
solana,2025-09-02 00:00:00,196.88381950999036,7408407557.527862,-0.020198416556411365,0.04566647355530652,7678904287.360929,-0.2501423012260097
solana,2025-09-03 00:00:00,209.2303671595565,8803333414.35032,0.060822074075194375,0.046648535030131125,7845708283.35187,-0.2031188646056261
solana,2025-09-04 00:00:00,210.678785187558,6956952790.247085,0.0068987482859787334,0.04612770576918124,7904790800.945779,-0.19760237568315853
solana,2025-09-05 00:00:00,202.68556246131905,5057527125.787553,-0.03867880366800961,0.04634005717275719,7907036195.173201,-0.22804560669220217
solana,2025-09-06 00:00:00,203.47913677981904,7547177831.706223,0.003907652879677929,0.04622331324706295,8027769759.856406,-0.2250231754240687
solana,2025-09-07 00:00:00,200.1866593703589,2968164693.6168056,-0.016313249511307016,0.04589779385089241,7962625571.240803,-0.23756300495230398
solana,2025-09-08 00:00:00,206.51848846856373,4213958987.249966,0.031139712779591426,0.046153926532578236,7892591946.406879,-0.21344740820886957
solana,2025-09-09 00:00:00,214.08956690665315,9970745423.357143,0.03600452347796512,0.04642169580871402,8053236302.822377,-0.1846119687656855
solana,2025-09-10 00:00:00,217.3851860476761,9082166653.74413,0.015276366503670888,0.04643082497311753,8138411873.852319,-0.17206017354313508
solana,2025-09-11 00:00:00,223.9996568751895,9538303334.00484,0.02997368913633402,0.04565727633060154,8215736129.630549,-0.14686809891927188
solana,2025-09-12 00:00:00,228.6994803098487,10115240805.136229,0.020764308613270808,0.04266913764226335,8278190882.813379,-0.1289682085467225
solana,2025-09-13 00:00:00,242.2582462884525,13331440399.44534,0.057595461937975156,0.04307159274149284,8321480800.083548,-0.07732788035604038
solana,2025-09-14 00:00:00,242.6675990847208,7460431580.746429,0.0016883113053626163,0.04195091747295644,8086689688.398412,-0.07576880685492489
solana,2025-09-15 00:00:00,240.5191021412361,9641527089.213787,-0.00889308872892309,0.04119411623800008,8126297416.394019,-0.08395163761203868
solana,2025-09-16 00:00:00,233.8358169548661,10189245912.076498,-0.028180281024076926,0.041646477258659366,8317167622.159524,-0.1094058006944824
solana,2025-09-17 00:00:00,237.00322352946304,7606193246.926102,0.013454510282487129,0.041660380674964664,8426129464.815535,-0.0973423197491203
solana,2025-09-18 00:00:00,244.9470305591984,10904096063.20618,0.03296824293778606,0.040670762439984014,8576130831.751083,-0.06708729486364595
solana,2025-09-19 00:00:00,247.55626201820508,9525238920.41541,0.010595892090295066,0.03971066414304665,8693209973.570578,-0.057149696627848974
solana,2025-09-20 00:00:00,238.33823551145915,7795423019.894011,-0.037947055066937005,0.039604529645873125,8745294319.032782,-0.09225775254016028
solana,2025-09-21 00:00:00,239.4633799935501,3643828369.394992,0.004709680860520295,0.03863889078995118,8688339622.813622,-0.08797249306973356
solana,2025-09-22 00:00:00,236.64867854250417,3625096944.4525175,-0.011823830934232784,0.03429383958920347,8471594584.295944,-0.09869265056195453
solana,2025-09-23 00:00:00,220.33692191838944,12282736836.312029,-0.07141883419638831,0.036949470861805014,8624116919.868057,-0.1608181025953524
solana,2025-09-24 00:00:00,214.17925267896385,7575651795.115867,-0.02834454437669093,0.037351471289849766,8503556881.458113,-0.1842703888074896
solana,2025-09-25 00:00:00,211.59608812684968,8445521212.739207,-0.012134081047055843,0.03274477643602076,8372318461.910964,-0.19410870782945772
solana,2025-09-26 00:00:00,192.18165357078567,12016864135.347467,-0.09623817560663528,0.03654635199467269,8503745360.077355,-0.26805111333256554
solana,2025-09-27 00:00:00,205.1199454921513,10264035473.466131,0.06515387090244452,0.037896615111872714,8424074525.770365,-0.21877394149402835
solana,2025-09-28 00:00:00,203.5749247337909,4017566336.8666015,-0.007560790365011368,0.03653632652715433,8149357559.100315,-0.22465835451133764
solana,2025-09-29 00:00:00,210.7450481378904,4489384967.131298,0.03461498259493727,0.03617074230909045,7850421814.410918,-0.1973500045966269
solana,2025-09-30 00:00:00,212.92955681530267,6935052896.50192,0.010312291606991139,0.03613017976841531,7884362632.336313,-0.1890300184551905
solana,2025-10-01 00:00:00,208.6992944881733,7027033380.102042,-0.020066958262429452,0.036299005184147165,7947944906.536066,-0.2051415241224735
solana,2025-10-02 00:00:00,221.2188833389755,8473857082.585505,0.058258200151085585,0.03750521309892921,7983459890.704654,-0.15745903752391036
solana,2025-10-03 00:00:00,234.61674360916183,10240423698.713894,0.05880067083418655,0.037401065847458545,8031362900.18344,-0.10643153970463116
solana,2025-10-04 00:00:00,233.06458024680492,9409846313.93892,-0.006637720952790474,0.03744423666361824,8113126017.639834,-0.1123431562606031
solana,2025-10-05 00:00:00,227.93905953905116,4629724693.376066,-0.02223727309825942,0.0369243425704994,8098865936.559452,-0.13186437020545777
solana,2025-10-06 00:00:00,228.5443211026712,7161162365.904725,0.002651846459194192,0.036925061942702085,8085998754.366069,-0.12955915261885234
solana,2025-10-07 00:00:00,232.5968012360869,7565905967.514749,0.017576330816790862,0.03680442796835409,8239256796.829333,-0.11412475361778968
solana,2025-10-08 00:00:00,220.92325353514107,9428620255.995054,-0.051491115646447386,0.03785775918228855,8413078839.120836,-0.15858498217971811
solana,2025-10-09 00:00:00,229.06280907281337,7378938614.697137,0.03618086924061799,0.037863194689650506,8326685278.83217,-0.12758442357763183
solana,2025-10-10 00:00:00,220.8065008190006,7926447520.068074,-0.036709485290174856,0.038431958485904597,8288161307.709634,-0.1590296501228157
solana,2025-10-11 00:00:00,189.8912952568837,16979196402.761215,-0.15083497787996122,0.04689854171781506,8536191076.66818,-0.27677424161656994
solana,2025-10-12 00:00:00,178.3062307703534,12825283650.402828,-0.0629493085150558,0.047764024017573244,8626525838.177067,-0.32089747031885074
solana,2025-10-13 00:00:00,197.03997380287893,12182439886.806627,0.09990415116940753,0.05033222472194936,8588225821.089109,-0.2495475672401975
solana,2025-10-14 00:00:00,207.92928081408232,11548480550.997688,0.05379140494444258,0.05152316234151715,8724494120.097485,-0.20807422160424435
solana,2025-10-15 00:00:00,202.77828792883705,13553378827.238491,-0.025084821312750995,0.051648381702234666,8854889178.031641,-0.2276924496584559
solana,2025-10-16 00:00:00,193.96279214560616,9764892301.796349,-0.04444685688585018,0.05197697787919449,8840744057.68897,-0.2612674148232794
solana,2025-10-17 00:00:00,184.57406686923576,9925743378.18117,-0.04961551823656177,0.05242682495024161,8918062395.397472,-0.297025599257542
solana,2025-10-18 00:00:00,182.07052141400305,10314262292.9234,-0.013656737045827075,0.051848110896027,8898401269.72138,-0.3065606785673053
solana,2025-10-19 00:00:00,187.55870371602296,4080705643.636593,0.02969779057216321,0.05222427226075471,8716916827.162085,-0.2856582206523421
solana,2025-10-20 00:00:00,187.62095813065147,4866494598.220849,0.00033186455200402405,0.05196598018216097,8619285879.77298,-0.28542111659672165
solana,2025-10-21 00:00:00,189.83490809801577,6130975032.123,0.011731042250076103,0.0520408398778442,8702190768.53058,-0.2769889994635801
solana,2025-10-22 00:00:00,185.78992071057104,8140307547.666378,-0.021538212847755523,0.052097309215526647,8852697788.637709,-0.2923948613646146
solana,2025-10-23 00:00:00,180.02645418265774,7331527656.706337,-0.03151276907594906,0.05092008359566384,8687657482.650852,-0.31434577514888673
solana,2025-10-24 00:00:00,191.42417371185576,6328717665.982079,0.061387962705784255,0.05222569879052265,8646093011.679728,-0.2709360741449801
solana,2025-10-25 00:00:00,193.47566388653937,5836419855.507742,0.010659966053419644,0.05226522182189834,8559122966.438677,-0.2631227063157988
solana,2025-10-26 00:00:00,194.011016152678,3143145861.3248463,0.0027632052111613435,0.049210308101634626,8263332357.304591,-0.2610837474042983
solana,2025-10-27 00:00:00,200.07095684438156,4807959121.519227,0.03075714610558826,0.048034197714946665,8081463145.573027,-0.23800367310922846
solana,2025-10-28 00:00:00,198.81130112961708,6699989320.198287,-0.00631594851368844,0.048028720820177236,8170877245.017416,-0.242801236148546
solana,2025-10-29 00:00:00,194.40531681984675,8022554748.305202,-0.022410897786547614,0.04770658107796231,8288649571.056546,-0.25958200189954284
solana,2025-10-30 00:00:00,194.22060377742545,8179014087.802186,-0.000950595657885133,0.04764500664520308,8330114944.099888,-0.2602855056067967
solana,2025-10-31 00:00:00,184.2863711132605,8507378052.630039,-0.05250373341624696,0.04840610077457971,8379459766.5174885,-0.29812132605753794
solana,2025-11-01 00:00:00,187.2627467672827,5793893051.801109,0.016021781129434795,0.047125764351898455,8290127632.158009,-0.28678541128218094
solana,2025-11-02 00:00:00,186.3556506725306,2712449199.879818,-0.004855745237812862,0.04553441301006859,8039195148.86354,-0.2902402050375569
solana,2025-11-03 00:00:00,187.19632465985816,3242429378.753831,0.004500982257346134,0.045588556340064326,7833614584.35737,-0.28703838853925084
solana,2025-11-04 00:00:00,165.92718959407298,9778486257.676378,-0.12060885539066636,0.05002184098029184,8005239969.834046,-0.36804466277263737
solana,2025-11-05 00:00:00,155.5134380549323,11455410012.209955,-0.06481692898770684,0.05091493906177252,8148381558.044221,-0.4077067933843807
solana,2025-11-06 00:00:00,162.64616988523213,6883947244.13202,0.044844958196733724,0.05171368379552051,8125649600.59813,-0.3805408541540661
solana,2025-11-07 00:00:00,154.84889388443324,5556988830.548565,-0.04912734119034622,0.05165308511183793,7996595219.749913,-0.41023779650929115
solana,2025-11-08 00:00:00,161.87760775808556,6640253853.035683,0.04439077877498324,0.05193727494511618,7971972394.361199,-0.3834680232300283
solana,2025-11-09 00:00:00,158.15618865832252,3787812871.602458,-0.023257461467131126,0.05177056693454549,7834017906.079012,-0.3976415331165545
solana,2025-11-10 00:00:00,164.26842094537048,4600362342.428592,0.03791872239120018,0.045266941440708176,7421390104.067924,-0.3743622994621845
solana,2025-11-11 00:00:00,167.54840917926455,5572975599.617281,0.019770516584658383,0.04410930974370991,7179646502.3750725,-0.3618700365875872
solana,2025-11-12 00:00:00,154.34628754698477,6119928731.138143,-0.08207362105004862,0.042067152488099696,6977562797.186124,-0.4121520382815522
solana,2025-11-13 00:00:00,153.19515043362588,5898647664.686135,-0.007486096812713842,0.04041143834943481,6789235034.309072,-0.4165362940774066
solana,2025-11-14 00:00:00,145.15580784802805,7303794089.642745,-0.05390489927046533,0.041114352121475545,6580915543.05588,-0.44715517858450166
solana,2025-11-15 00:00:00,139.00276447047776,8537259511.224628,-0.043313881192260054,0.04108321481939786,6539994450.036822,-0.47058984659850916
solana,2025-11-16 00:00:00,139.59145707175173,3515375946.078547,0.004226171484903441,0.040515012287968985,6326315535.633402,-0.4683477340654669
solana,2025-11-17 00:00:00,137.4975729739525,4915090778.811192,-0.015113726842328229,0.0405212740066587,6146343151.829661,-0.47632256467868306
solana,2025-11-18 00:00:00,130.68858764032888,7514441110.728822,-0.050788966246989545,0.04051062528120891,6260801000.732736,-0.5022554731622966
solana,2025-11-19 00:00:00,140.60155456478054,7721886683.591121,0.07311273635862381,0.043356553380024504,6355980736.911745,-0.464500646054146
solana,2025-11-20 00:00:00,136.43470513687834,6188944241.966924,-0.030083886430684527,0.04331872570560595,6357913043.906542,-0.48037063542615693
solana,2025-11-21 00:00:00,133.60337500165332,8684394409.126163,-0.02097062676137628,0.043314092758851876,6376049272.621868,-0.4911541254303294
solana,2025-11-22 00:00:00,128.48401421465474,10313891229.218143,-0.039071029174105924,0.04345931253459135,6475461391.705595,-0.5106518785137806
solana,2025-11-23 00:00:00,127.62806806856854,3630542144.0941753,-0.006684177687360585,0.04125767090154926,6385522207.642665,-0.5139118610200936
solana,2025-11-24 00:00:00,130.84897517738048,3991552010.333604,0.02492348099364316,0.04162637525598055,6324026612.803528,-0.5016446163141062
solana,2025-11-25 00:00:00,138.3677130507636,6431600335.735572,0.05587093185834438,0.04341243002150105,6433641761.950551,-0.4730085227364223
solana,2025-11-26 00:00:00,139.0062092062614,4808709077.41163,0.004603873919224739,0.04279768217612353,6433666760.480298,-0.47057672687310953
solana,2025-11-27 00:00:00,142.92252259467037,5998548898.056817,0.027784080714325116,0.043406162319297135,6410285413.0755825,-0.455660936675525
solana,2025-11-28 00:00:00,140.8298940142595,3819216595.133187,-0.014749946765568513,0.043359236126356414,6270174141.303182,-0.46363098548705745
solana,2025-11-29 00:00:00,137.46833804153275,5365486933.184003,-0.02415911482854723,0.043385467616766316,6176389902.815909,-0.4764339097308191
solana,2025-11-30 00:00:00,136.08875145366935,2718227800.811016,-0.010086364688124478,0.04268936820392665,5983418227.755276,-0.4816882451384183
solana,2025-12-01 00:00:00,134.57716421907872,3460372072.935849,-0.011169510915434132,0.04240319624781095,5905634195.126433,-0.48744532222097026
solana,2025-12-02 00:00:00,126.74719818442522,6851062003.639887,-0.05994320902515869,0.043310449113369835,6043587955.251769,-0.5172667688326654
solana,2025-12-03 00:00:00,138.68381774415911,6918508704.607495,0.09000211242657949,0.047135775933934435,6166123932.780224,-0.4718045967939495
solana,2025-12-04 00:00:00,145.03241215787318,6455831919.236613,0.04476059996454782,0.04326504873146912,6055368788.165566,-0.4476251471603269
solana,2025-12-05 00:00:00,139.0035856702843,4788215430.254418,-0.042457520577183515,0.04237331506118565,5833128968.767047,-0.47058671895196763
solana,2025-12-06 00:00:00,133.19940782316152,4920570364.5913,-0.0426524166627259,0.04192264343356368,5767683072.782357,-0.4926926871038991
solana,2025-12-07 00:00:00,132.21332316930986,2360842992.9684343,-0.0074306095815118425,0.04115014670262515,5661144878.196353,-0.49644831908612014
solana,2025-12-08 00:00:00,131.63667798299971,4308900064.808368,-0.004371014605992841,0.040069886528084034,5583433085.255442,-0.4986445474683803
solana,2025-12-09 00:00:00,133.2876975493966,5265200020.040177,0.012464243336315116,0.04009758034726247,5632679323.536699,-0.4923564241692161
solana,2025-12-10 00:00:00,138.01268988378362,6612919737.71527,0.034835705135975496,0.039985722073070606,5699764570.046255,-0.474360674760218
solana,2025-12-11 00:00:00,136.51252974936924,6601409509.828041,-0.010929233161168214,0.0397004314216406,5734045700.386614,-0.48007423024174084
solana,2025-12-12 00:00:00,136.44042727909604,6531004549.074007,-0.0005283142760952139,0.03707579278423156,5747748227.651142,-0.48034884190139643
solana,2025-12-13 00:00:00,132.4674041542392,5827290706.453272,-0.02955148039322566,0.037362826733212666,5745369662.376714,-0.49548061852476605
solana,2025-12-14 00:00:00,133.22106900469535,2259785741.0493307,0.005673312530113453,0.03623153011927598,5577236050.756933,-0.4926101876695722
solana,2025-12-15 00:00:00,129.57660231376835,2811466749.906449,-0.027737691391879163,0.03574009770444617,5386376292.046328,-0.5064906142730307
solana,2025-12-16 00:00:00,127.70162570713056,5664789139.597919,-0.014575736284941777,0.03578579509163953,5458023398.496974,-0.5136317071622669
solana,2025-12-17 00:00:00,128.8095625908113,4471455535.338424,0.008638560999868936,0.03577054872313609,5443235557.047881,-0.509411985074127
solana,2025-12-18 00:00:00,123.08121963590442,5991785692.616783,-0.045490594933068534,0.035534552057161765,5392480376.444147,-0.5312291261507543
solana,2025-12-19 00:00:00,119.47102833526988,6429346461.74471,-0.02977055842970828,0.03290271026246286,5349395702.382599,-0.5449790104610307
solana,2025-12-19 20:56:09,127.21127803936211,6200617521.671555,0.06277540953805275,0.03481553649500617,5349784811.706087,-0.5154992601926133
